analyte,seq_id,uniprot,entrez_gene_symbol,target_full_name,accession,md5
X10000.28,10000-28,P43320,CRYBB2,Beta-crystallin B2,GCST90421033,6802931138451427bf65cb0a1d43b9e0
X10001.7,10001-7,P04049,RAF1,RAF proto-oncogene serine/threonine-protein kinase,GCST90421034,8e404660df12b66076284320693cb9da
X10003.15,10003-15,P51814,ZNF41,Zinc finger protein 41,GCST90421035,4683cf5c931d0fead6cf7dab5419f140
X10006.25,10006-25,P19419,ELK1,ETS domain-containing protein Elk-1,GCST90421036,7a2d3b68601a46d513012112d7cbf11d
X10008.43,10008-43,P43080,GUCA1A,Guanylyl cyclase-activating protein 1,GCST90421037,ebf95ef81dc67a30c81a5b917d2e18f7
X10010.10,10010-10,Q14457,BECN1,Beclin-1,GCST90421038,c239217a5515701167e3dbe9f4800939
X10011.65,10011-65,Q01968,OCRL,Inositol polyphosphate 5-phosphatase OCRL-1,GCST90421039,043f46d43fd1039bfed011a1f280afef
X10012.5,10012-5,O95238,SPDEF,SAM pointed domain-containing Ets transcription factor,GCST90421040,d3eca74f452079b7673d9da04adc852a
X10014.31,10014-31,O43623,SNAI2,Zinc finger protein SNAI2,GCST90421041,1b30dd2ffefc10ff19a0a2dd4cf74aec
X10015.119,10015-119,Q13303,KCNAB2,Voltage-gated potassium channel subunit beta-2,GCST90421042,4a18f833648749236ea0ad2511c38bd2
X10022.207,10022-207,Q9Y253,POLH,DNA polymerase eta,GCST90421043,39531683f23b43e3bc7e07251ed3b321
X10023.32,10023-32,P11473,VDR,Vitamin D3 receptor,GCST90421044,988ee055c55071eb8455085ccce6adf6
X10024.44,10024-44,Q86XE5,HOGA1,"4-hydroxy-2-oxoglutarate aldolase, mitochondrial",GCST90421045,9f176ddb86508ac7077293177e8b3652
X10025.1,10025-1,P09622,DLD,"Dihydrolipoyl dehydrogenase, mitochondrial",GCST90421046,be660bb0291093f9254d0990ce9bca66
X10030.8,10030-8,Q9UIF7,MUTYH,Adenine DNA glycosylase,GCST90421047,68adc7340debc1f2c45b29ce26d2a88a
X10035.6,10035-6,Q13115,DUSP4,Dual specificity protein phosphatase 4,GCST90421048,e2be5c6a79904625acc67e40ae4dc50a
X10037.98,10037-98,Q96PQ1,SIGLEC12,"Sialic acid-binding Ig-like lectin 12:Ig-like V-type 2 domain, Isoform long",GCST90421049,8054ea4f2617fe38ebfe5543726bd796
X10039.32,10039-32,P00491,PNP,Purine nucleoside phosphorylase,GCST90421050,c31bbc6c3bbbc5f951d16a60368ce142
X10040.63,10040-63,Q9H3D4,TP63,Tumor protein 63,GCST90421051,e55455921bb178b0de78f38d7d6f78a8
X10041.3,10041-3,P41235,HNF4A,Hepatocyte nuclear factor 4-alpha,GCST90421052,20a6ac16274f4a6403eb8becbac526c3
X10042.8,10042-8,Q96BR1,SGK3,Serine/threonine-protein kinase Sgk3,GCST90421053,e1fd9a87ec5947973bddea02bb2b7e77
X10043.31,10043-31,O60885,BRD4,Bromodomain-containing protein 4,GCST90421054,3a192121c75744f559b1a14c30a441e4
X10045.47,10045-47,Q13618,CUL3,Cullin-3,GCST90421055,483b739a3dd6394df970655353b782d8
X10046.55,10046-55,Q13490,BIRC2,Baculoviral IAP repeat-containing protein 2,GCST90421056,3d1219a5877272aa7bcceec6c7256ef9
X10047.12,10047-12,P19878,NCF2,Neutrophil cytosol factor 2,GCST90421057,a59d40c435b51a62898cbae833ba0c36
X10048.7,10048-7,Q13951,CBFB,Core-binding factor subunit beta,GCST90421058,9cc7bb5438b21a0cd2db26249a5e1c90
X10049.112,10049-112,P54274,TERF1,Telomeric repeat-binding factor 1,GCST90421059,a6c48c01d0bb774a2570a61b959d097c
X10053.5,10053-5,Q13418,ILK,Integrin-linked protein kinase,GCST90421060,fcd2342eb8274d9e88e47ed4a4d6ce9c
X10054.3,10054-3,Q9H2C0,GAN,Gigaxonin,GCST90421061,5e1505d57447716adfb2adc0e7be1ea8
X10056.5,10056-5,Q08050,FOXM1,Forkhead box protein M1,GCST90421062,8cfb9b9576489447fe10fe182a5df64e
X10058.1,10058-1,P54725,RAD23A,UV excision repair protein RAD23 homolog A,GCST90421063,90f2c2a5b293ee3cf6ddbc2a944ef5a4
X10063.10,10063-10,Q9NW38,FANCL,E3 ubiquitin-protein ligase FANCL,GCST90421064,b0995395eb715018815633d6adfce8b8
X10064.12,10064-12,O75884,RBBP9,Putative hydrolase RBBP9,GCST90421065,3f74e0c2a0ccbbfbf018f28be22dc081
X10069.2,10069-2,Q13526,PIN1,Peptidyl-prolyl cis-trans isomerase NIMA-interacting 1,GCST90421066,b9d6c958b78af496b0876f3a23cb9e44
X10070.22,10070-22,P16885,PLCG2,"1-phosphatidylinositol 4,5-bisphosphate phosphodiesterase gamma-2",GCST90421067,8bb6d55b51334e9b2210cae55f0b7a51
X10073.22,10073-22,Q9NUW8,TDP1,Tyrosyl-DNA phosphodiesterase 1,GCST90421068,c3cc3d494f375a3bf7b2588910bb46ca
X10074.128,10074-128,P25440,BRD2,Bromodomain-containing protein 2,GCST90421069,bcdc8355130747a3c231a71a32a578cc
X10075.75,10075-75,Q9BR61,ACBD6,Acyl-CoA-binding domain-containing protein 6,GCST90421070,f46499055b263000b6650ad6696ae967
X10076.1,10076-1,O00189,AP4M1,AP-4 complex subunit mu-1,GCST90421071,3af0773fa97181b9c86fa820ba503354
X10078.5,10078-5,O95817,BAG3,BAG family molecular chaperone regulator 3,GCST90421072,44493dbb760acef0b80526fbbe25a28a
X10080.9,10080-9,Q14232,EIF2B1,Translation initiation factor eIF-2B subunit alpha,GCST90421073,0cc69ad508bad282f2364b355700b131
X10081.17,10081-17,Q9UPW6,SATB2,DNA-binding protein SATB2,GCST90421074,dc6dc11a753b23d601e9cef23b5c8deb
X10082.251,10082-251,P07196,NEFL,Neurofilament light polypeptide,GCST90421075,856b7d5f1075eb679f960fcf4f532a03
X10085.25,10085-25,P49675,STAR,"Steroidogenic acute regulatory protein, mitochondrial",GCST90421076,fb95bd47a3ca2f4e74e445f68de0ce13
X10086.39,10086-39,P35520,CBS,Cystathionine beta-synthase,GCST90421077,62ef47976b7b3d3c6341408c413b96b8
X10087.10,10087-10,P02489,CRYAA,Alpha-crystallin A chain,GCST90421078,18c743b9b2e9512b48ac63b5a91fd933
X10088.37,10088-37,P07741,APRT,Adenine phosphoribosyltransferase,GCST90421079,fa3e996800127e19dd1cf215a458db1b
X10089.7,10089-7,O95671,ASMTL,N-acetylserotonin O-methyltransferase-like protein,GCST90421080,3f679aa082d10148961e2064581edec0
X10336.3,10336-3,Q9UNE7,STUB1,E3 ubiquitin-protein ligase CHIP,GCST90421081,3ae2f63a92e218a176f41b297fc833b9
X10339.48,10339-48,P09104,ENO2,Gamma-enolase,GCST90421082,aee60ffed69e7752c93c270321819701
X10342.55,10342-55,Q8N2W9,PIAS4,E3 SUMO-protein ligase PIAS4,GCST90421083,4c7ab5906048c8f0f4953f21e95efd20
X10346.5,10346-5,P40763,STAT3,Signal transducer and activator of transcription 3,GCST90421084,a3d966601d5483fac633d92d303ce191
X10351.51,10351-51,P10914,IRF1,Interferon regulatory factor 1,GCST90421085,54349f5a2744faf91c9dcfb8628d8fd5
X10354.57,10354-57,P40763,STAT3,Signal transducer and activator of transcription 3,GCST90421086,979ee935925e20fed5a20e30ed3296a6
X10356.21,10356-21,P05412,JUN,Transcription factor AP-1,GCST90421087,3a664455b53a0e3f0861492415ed293a
X10361.25,10361-25,P00973,OAS1,2'-5'-oligoadenylate synthase 1,GCST90421088,73c402e298ce94b81509c5343b4d67c6
X10362.35,10362-35,P01106,MYC,Myc proto-oncogene protein,GCST90421089,c25440fd39dfbc274c7d20b62360df35
X10363.13,10363-13,P84022,SMAD3,Mothers against decapentaplegic homolog 3,GCST90421090,40ff41342604f0be5b4660300dd5a292
X10364.6,10364-6,Q15796,SMAD2,Mothers against decapentaplegic homolog 2,GCST90421091,264f043915ece0e10a615d0c235ab197
X10365.132,10365-132,P29460|Q9NPF7,IL12B|IL23A,Interleukin-23,GCST90421092,bcec3e79ef865a450d05dcf83627a32d
X10366.11,10366-11,P16234,PDGFRA,Platelet-derived growth factor receptor alpha,GCST90421093,53d14a4abda15f3af57d311cfdab4eb1
X10367.62,10367-62,P29459|P29460,IL12A|IL12B,Interleukin-12,GCST90421094,e403a1035d93aed2fe4b8729c0c3e812
X10370.21,10370-21,P42224,STAT1,Signal transducer and activator of transcription 1-alpha/beta,GCST90421095,cb92ec13a13d7acdb4f8b9c8e9926eae
X10372.18,10372-18,P42226,STAT6,Signal transducer and activator of transcription 6,GCST90421096,8ebd5cc7d7a10ce28dbf325d886895b1
X10382.1,10382-1,Q9Y5C1,ANGPTL3,Angiopoietin-related protein 3,GCST90421097,2f97cbe1c93e42732c7e40d8297e0938
X10390.21,10390-21,Q9ULT6,ZNRF3,E3 ubiquitin-protein ligase ZNRF3,GCST90421098,2a5ba53362f21e9d4c1fa1dd36f6bb2f
X10391.1,10391-1,Q9Y5C1,ANGPTL3,Angiopoietin-related protein 3,GCST90421099,1f174764e638ee94490200e8460deafe
X10396.6,10396-6,Q07820,MCL1,Induced myeloid leukemia cell differentiation protein Mcl-1,GCST90421100,03aa7d7453309b11518dcf6c19406904
X10398.110,10398-110,Q15327,ANKRD1,Ankyrin repeat domain-containing protein 1,GCST90421101,a316f02fedaf49d73e51c65e3ef99a25
X10418.36,10418-36,Q86Y82,STX12,Syntaxin-12,GCST90421102,935d1562fea91becf28ecbbb4d7931c1
X10419.1,10419-1,Q6ZMJ2,SCARA5,Scavenger receptor class A member 5,GCST90421103,f7db48679c1a6ecd79b7e3a24c5fdea7
X10420.30,10420-30,Q9NVQ4,FAIM,Fas apoptotic inhibitory molecule 1,GCST90421104,eaaf2547bb9be174a0bb8216bfd3fc56
X10425.3,10425-3,O43286,B4GALT5,"Beta-1,4-galactosyltransferase 5",GCST90421105,8e21e8bf18af7d8e0e57644ed849a732
X10428.1,10428-1,P43631,KIR2DS2,Killer cell immunoglobulin-like receptor 2DS2,GCST90421106,47775deedbac15afcbf350e08f06007b
X10430.31,10430-31,P08195,SLC3A2,4F2 cell-surface antigen heavy chain:Cytoplasmic domain,GCST90421107,ee8def9f239f419ac3dd570006bc52ef
X10432.3,10432-3,Q3SXP7,SHISAL1,Uncharacterized protein KIAA1644,GCST90421108,33a5b15e3623606329ca3ebe7cb9054a
X10435.2,10435-2,P20933,AGA,N(4)-(beta-N-acetylglucosaminyl)-L-asparaginase,GCST90421109,46cd4b20df1601199f173fb702e54738
X10438.19,10438-19,P15509,CSF2RA,Granulocyte-macrophage colony-stimulating factor receptor subunit alpha,GCST90421110,e71b2ed505fdb835bbf31b8443a961c2
X10439.57,10439-57,P19961,AMY2B,Alpha-amylase 2B,GCST90421111,49e02d0635be8d642ba9fdaff3209bc8
X10440.26,10440-26,Q9H6B4,CLMP,CXADR-like membrane protein:Extracellular domain,GCST90421112,793eaae9a8478aca799b11a0d0da083c
X10442.1,10442-1,Q8WZ59,TMEM190,Transmembrane protein 190,GCST90421113,4831b25efd5a13c24845e9f759b56d80
X10445.20,10445-20,O95445,APOM,Apolipoprotein M,GCST90421114,bd97d9d9b9977a510d8a7f0eb2e029a8
X10447.18,10447-18,Q9H361,PABPC3,Polyadenylate-binding protein 3,GCST90421115,468168f1d063befd93f6281f74598d49
X10449.31,10449-31,Q6UWI4,SHISA2,Protein shisa-2 homolog,GCST90421116,543117d4da27eb849cf195afe2b771e7
X10451.11,10451-11,Q02818,NUCB1,Nucleobindin-1,GCST90421117,0aecd8d446536d267fc89d683131ad2c
X10453.7,10453-7,Q6UY09,CEACAM20,Carcinoembryonic antigen-related cell adhesion molecule 20,GCST90421118,766abacec0b3b706d3b57fcf7ffd182c
X10454.99,10454-99,Q9Y2G8,DNAJC16,DnaJ homolog subfamily C member 16,GCST90421119,4a61850fa04276c4710194c6fb3d32d5
X10455.196,10455-196,Q6EBC2,IL31,Interleukin-31,GCST90421120,f79af688b279846e98ca1b918a74a343
X10457.3,10457-3,O95256,IL18RAP,Interleukin-18 receptor accessory protein,GCST90421121,6bf3b64334987e5ccb5662aa9e31fa5e
X10462.14,10462-14,Q9Y5Q6,INSL5,Insulin-like peptide INSL5,GCST90421122,75a0d8699e82e2940efe34bfe881724e
X10463.23,10463-23,P09923,ALPI,Intestinal-type alkaline phosphatase,GCST90421123,89db8d5dc7ce591d0119b6cdd68fbd3c
X10464.6,10464-6,Q9H6X2,ANTXR1,Anthrax toxin receptor 1,GCST90421124,f04ab16917a558add8bda65cab73023a
X10472.53,10472-53,Q92956,TNFRSF14,Tumor necrosis factor receptor superfamily member 14,GCST90421125,ca72f2bdf65abf264802d2f6b5f8f7f0
X10473.2,10473-2,Q03403,TFF2,Trefoil factor 2,GCST90421126,0170f4beb9b5212be4c9b4659c41b27d
X10479.18,10479-18,P09238,MMP10,Stromelysin-2,GCST90421127,9f8b81c2ef415693a59b2bc35f04434d
X10480.33,10480-33,P13987,CD59,CD59 glycoprotein,GCST90421128,ec5a2d07d96c8333adca325f457577c9
X10490.3,10490-3,P04843,RPN1,Dolichyl-diphosphooligosaccharide--protein glycosyltransferase subunit 1:Cytoplasmic domain,GCST90421129,bb956d4820d8022775d40d4ee711b6c8
X10496.11,10496-11,A8K7I4,CLCA1,Calcium-activated chloride channel regulator 1,GCST90421130,1e9c76e8d53353b60fccb6ed204fa486
X10499.1,10499-1,Q96A25,TMEM106A,Transmembrane protein 106A,GCST90421131,0d428648fb739af692733dce3b5072dc
X10505.12,10505-12,Q68DV7,RNF43,E3 ubiquitin-protein ligase RNF43,GCST90421132,41c84c49cedb37cdd533b015af10f611
X10506.53,10506-53,O15173,PGRMC2,Membrane-associated progesterone receptor component 2,GCST90421133,8f89648d74a41e114f9b98383d9bc23e
X10507.166,10507-166,P26436,ACRV1,Acrosomal protein SP-10,GCST90421134,65e57d535c3dbe1167ca7ac952192c8d
X10510.62,10510-62,Q6UWF3,SCIMP,SLP adapter and CSK-interacting membrane protein,GCST90421135,91fd0c653cd215c3f564ae576d776ca6
X10512.13,10512-13,P32927,CSF2RB,Cytokine receptor common subunit beta:Extracellular domain,GCST90421136,ef16fa32f0ef46cc1f58702ff183f45f
X10513.13,10513-13,Q9Y2W7,KCNIP3,Calsenilin,GCST90421137,3e97b2ebac5979ee8ec6ebfa241c3338
X10514.5,10514-5,P41222,PTGDS,Prostaglandin-H2 D-isomerase,GCST90421138,3ec69ba9b519c09d9c3409e69ec0e14a
X10521.10,10521-10,Q9BRK3,MXRA8,Matrix-remodeling-associated protein 8:Extracellular domain,GCST90421139,042500c0298b693b1bea656bf0fadb11
X10527.22,10527-22,Q08211,DHX9,ATP-dependent RNA helicase A,GCST90421140,03d0202f5ec455045c55e18adbc11c9a
X10528.2,10528-2,P16444,DPEP1,Dipeptidase 1,GCST90421141,985a9fa6847988b918a213c55c15618d
X10530.8,10530-8,P28072,PSMB6,Proteasome subunit beta type-6,GCST90421142,24e3a1b8b140258ed0002ed5a824b43d
X10531.18,10531-18,P01111,NRAS,GTPase NRas,GCST90421143,2a90f89276f0fcbde9e42d1a14f7dcdc
X10534.40,10534-40,P09874,PARP1,Poly [ADP-ribose] polymerase 1:BRCA1 C-terminal:BRCA1 C-terminus domian,GCST90421144,f1675504dc3c5f79a8e7ad69cdd5fdfe
X10539.30,10539-30,Q8TCZ2,CD99L2,CD99 antigen-like protein 2,GCST90421145,bb48d2142be46289f2bdcba6a31a48be
X10546.2,10546-2,Q8WU66,TSPEAR,Thrombospondin-type laminin G domain and EAR repeat-containing protein,GCST90421146,72b33a5af2994525aabe92c904c6b905
X10550.37,10550-37,O00238,BMPR1B,Bone morphogenetic protein receptor type-1B,GCST90421147,bf7baa034a72e71851f770f044a57015
X10551.7,10551-7,O43561,LAT,Linker for activation of T-cells family member 1,GCST90421148,fc33165abeb83ec75b41aefac020473b
X10552.88,10552-88,O43908,KLRC4,NKG2-F type II integral membrane protein,GCST90421149,87943f917931d72ee3768a6cf5629ec3
X10553.8,10553-8,Q8NFQ8,TOR1AIP2,Torsin-1A-interacting protein 2,GCST90421150,726105f9b4cb9d128b0a3b269036d098
X10557.6,10557-6,Q8N6K0,TEX29,Testis-expressed sequence 29 protein,GCST90421151,6acf456ac97b2678d5e4229d3d77e0e9
X10558.26,10558-26,Q9HC56,PCDH9,Protocadherin-9,GCST90421152,c512550d049f48fd5ec1f1a6a7c06332
X10560.1,10560-1,Q9NQX7,ITM2C,Integral membrane protein 2C:N-term,GCST90421153,9210226b187a1de6f9f9e0d86321a616
X10561.5,10561-5,Q96LB9,PGLYRP3,Peptidoglycan recognition protein 3,GCST90421154,e1839134b5083a5025ac2df1caccb61f
X10562.42,10562-42,Q8NC67,NETO2,Neuropilin and tolloid-like protein 2,GCST90421155,210edd35a9d44da0501450eae2503b0f
X10563.13,10563-13,Q7Z3D4,LYSMD3,LysM and putative peptidoglycan-binding domain-containing protein 3,GCST90421156,c485dc896101ee4a20d4a5d83d16c0f1
X10565.19,10565-19,O94933,SLITRK3,SLIT and NTRK-like protein 3,GCST90421157,500ae8f741bbe069550f034f9655ae80
X10569.28,10569-28,P55001,MFAP2,Microfibrillar-associated protein 2,GCST90421158,4b13954c1de77d8dd3d9f3b6f50ea6b7
X10571.14,10571-14,P26572,MGAT1,"Alpha-1,3-mannosyl-glycoprotein 2-beta-N-acetylglucosaminyltransferase",GCST90421159,f518dae5d4a9bb52c6bd1c9eab0b82bf
X10572.65,10572-65,O60676,CST8,Cystatin-8,GCST90421160,6af1b2737c9a0fb5fbd2f97e97d3cdcf
X10574.10,10574-10,P61769,B2M,Beta-2-microglobulin,GCST90421161,7e6e3020222ec51b801265c757238828
X10575.31,10575-31,Q9UHX1,PUF60,Poly(U)-binding-splicing factor PUF60,GCST90421162,091fe2a81b839c2d72e5f978893b551d
X10576.7,10576-7,Q6UX71,PLXDC2,Plexin domain-containing protein 2:Extracellular domain,GCST90421163,d6aa5aedfd23a771ebeeadea9d89e122
X10580.14,10580-14,Q6UW10,SFTA2,Surfactant-associated protein 2,GCST90421164,7c0a1d326c201120276cfaec8b1dcbe0
X10582.36,10582-36,Q9H5K3,POMK,Protein O-mannose kinase,GCST90421165,5aa05aa572216aa595b84437e53f6a06
X10583.1,10583-1,Q6UXF1,TMEM108,Transmembrane protein 108,GCST90421166,93b055dc5907fc8801c12ab94f2878bd
X10584.7,10584-7,O43181,NDUFS4,"NADH dehydrogenase [ubiquinone] iron-sulfur protein 4, mitochondrial",GCST90421167,db343db71e3e736662651d731840e29e
X10588.39,10588-39,Q9UNP4,ST3GAL5,"Lactosylceramide alpha-2,3-sialyltransferase",GCST90421168,62879dba55b6b96c76961c45d71c51d1
X10589.7,10589-7,Q5VY80,RAET1L,Retinoic acid early transcript 1L protein,GCST90421169,b9a9bc5d83daddbeaaebb66a12a354c3
X10605.22,10605-22,Q9HDC9,APMAP,Adipocyte plasma membrane-associated protein,GCST90421170,c499c5185144f11c5089f088a9ba67b6
X10606.34,10606-34,Q5JTV8,TOR1AIP1,Torsin-1A-interacting protein 1:Perinuclear domain,GCST90421171,2b1b02eb0d046036bc69cc2894ead14a
X10608.9,10608-9,P15515,HTN1,Histatin-1,GCST90421172,43d2b2c084d440690bbabe08cc8f06a7
X10612.18,10612-18,O60568,PLOD3,"Procollagen-lysine,2-oxoglutarate 5-dioxygenase 3",GCST90421173,4b134d031b1a4d94834556222491eb72
X10613.33,10613-33,Q6P4E1,GOLM2,Protein CASC4,GCST90421174,36574bb9765b9502d218f561d698f280
X10615.18,10615-18,P25189,MPZ,Myelin protein P0,GCST90421175,2c67b4baf2a7eb67a16240d7fc35fa49
X10616.67,10616-67,Q9NZ53,PODXL2,Podocalyxin-like protein 2,GCST90421176,1fa47a978ff70eea0e24ed6ed3991b87
X10618.190,10618-190,P98164,LRP2,Low-density lipoprotein receptor-related protein 2,GCST90421177,2f43068f64fac56c74d60ea3fe727093
X10620.21,10620-21,P08118,MSMB,Beta-microseminoprotein,GCST90421178,709792bc103f09f98fbe27f89cbb2229
X10621.26,10621-26,Q569H4,PRR16,Protein Largen,GCST90421179,2ba264e056dbfaf55395f865f1a9c820
X10623.19,10623-19,P15941,MUC1,Mucin-1:region 1,GCST90421180,6610d6f98a6b2406868c5ec1d2c29e81
X10624.45,10624-45,Q1W4C9,SPINK13,Serine protease inhibitor Kazal-type 13,GCST90421181,d628a4c1d3f062aa76480854b4eb9280
X10626.116,10626-116,Q8NDV1,ST6GALNAC3,"Alpha-N-acetylgalactosaminide alpha-2,6-sialyltransferase 3",GCST90421182,dfcbfb111fb792c420d98d608b913551
X10627.87,10627-87,Q06481,APLP2,Amyloid-like protein 2,GCST90421183,6ee2a3e627a1b299cd33cfbd2e86bf87
X10630.5,10630-5,Q9BUP3,HTATIP2,Oxidoreductase HTATIP2,GCST90421184,06dbfb92121fe197924f3eca9e2155f9
X10631.9,10631-9,O15173,PGRMC2,Membrane-associated progesterone receptor component 2,GCST90421185,16c4437aa189ffbafcfcbb244fbd7dbd
X10636.1,10636-1,Q8TD46,CD200R1,"Cell surface glycoprotein CD200 receptor 1:Isoform 4, Cytoplasmic Domain",GCST90421186,762d8f32f0cf2865d54aa4324328fba3
X10637.50,10637-50,Q6UXG2,ELAPOR1,UPF0577 protein KIAA1324:Extracellular domain,GCST90421187,6489988283216646f627836797829601
X10638.1,10638-1,Q9BSI4,TINF2,TERF1-interacting nuclear factor 2,GCST90421188,e7894f71a20f795bae5a31857d308506
X10643.16,10643-16,Q96PB7,OLFM3,"Noelin-3:Isoform 2, C-term",GCST90421189,49cb2034c88f4c95850671f0cd43f2cc
X10647.18,10647-18,Q8N9N2,ASCC1,Activating signal cointegrator 1 complex subunit 1,GCST90421190,a46f1250f7a01e432d77f401f045897d
X10663.42,10663-42,O15503,INSIG1,Insulin-induced gene 1 protein,GCST90421191,b228b79f085c5901d9c634ba339753ab
X10666.7,10666-7,Q9UJJ9,GNPTG,N-acetylglucosamine-1-phosphotransferase subunit gamma,GCST90421192,d1908308bfa8c432c436e05cd4575cd9
X10667.78,10667-78,Q5T7R7,C1orf185,Uncharacterized protein C1orf185,GCST90421193,3bd663add99c9a627093c726dbb107b2
X10668.5,10668-5,Q12846,STX4,Syntaxin-4,GCST90421194,af01766418ed0da7e13f2f79e860ee02
X10672.75,10672-75,P07988,SFTPB,Pulmonary surfactant-associated protein B,GCST90421195,b25822e3dd8b4b341a54ad21691984e3
X10693.43,10693-43,A4D1S0,KLRG2,Killer cell lectin-like receptor subfamily G member 2:C-term,GCST90421196,5e337b52958a96e5b88c374a484df041
X10695.12,10695-12,Q8IUB3,WFDC10B,Protein WFDC10B,GCST90421197,4244005a027c7f4671ab954b6b6ab486
X10699.52,10699-52,Q07954,LRP1,Prolow-density lipoprotein receptor-related protein 1,GCST90421198,3d578bba439f9609ee548636cea7ef80
X10700.10,10700-10,Q5DX21,IGSF11,Immunoglobulin superfamily member 11:Cytoplasmic domain,GCST90421199,e196c0329cbad66956ede2d740782596
X10702.1,10702-1,Q2UY09,COL28A1,Collagen alpha-1(XXVIII) chain,GCST90421200,313abc220336aae24a275ef5d15ea7c2
X10703.203,10703-203,Q9H7L9,SUDS3,Sin3 histone deacetylase corepressor complex component SDS3,GCST90421201,55dbc7f46166f7462c10916aa410134c
X10704.91,10704-91,Q12912,IRAG2,Lymphoid-restricted membrane protein,GCST90421202,f5ae8ab08d92dbea4d9042639ced66c4
X10705.14,10705-14,Q8NDV1,ST6GALNAC3,"Alpha-N-acetylgalactosaminide alpha-2,6-sialyltransferase 3",GCST90421203,6f5a67b8b47aa033f2e14ce982a75b8b
X10708.3,10708-3,O43555,GNRH2,Progonadoliberin-2,GCST90421204,c40d20310719ee6f24dceabeb3c4c56c
X10710.23,10710-23,Q6X784,ZPBP2,Zona pellucida-binding protein 2,GCST90421205,a2c8d8bbc8ef95492ca959e6cda13042
X10713.151,10713-151,A8K4G0,CD300LB,CMRF35-like molecule 7,GCST90421206,cbb6576108eee635e07f1176016be604
X10714.7,10714-7,P12821,ACE,Angiotensin-converting enzyme,GCST90421207,4ed92357f06c102ba309169010e0c0f6
X10716.35,10716-35,Q16401,PSMD5,26S proteasome non-ATPase regulatory subunit 5,GCST90421208,14317aade02ef9c86ef8f5cf38084635
X10721.76,10721-76,P0DMV8,HSPA1A,Heat shock 70 kDa protein 1A,GCST90421209,49e00ff826cc729d9d5578e474fd9c35
X10722.13,10722-13,P43405,SYK,Tyrosine-protein kinase SYK:Protein kinase domain,GCST90421210,f291631595014e6a3bbbfa2721a75897
X10737.96,10737-96,P30740,SERPINB1,Leukocyte elastase inhibitor,GCST90421211,b3587357b743935c33658c6730e8ebf0
X10738.11,10738-11,Q9UBX5,FBLN5,Fibulin-5,GCST90421212,ccd638ba021e345b4e5c689099cc6527
X10741.22,10741-22,P09603,CSF1,Macrophage colony-stimulating factor 1,GCST90421213,5705245de3747f4f0b5de702bb4240f3
X10743.13,10743-13,Q96PX8,SLITRK1,SLIT and NTRK-like protein 1,GCST90421214,4e50b2442ec0f09388eb9dbd66d08e29
X10746.24,10746-24,Q9UBP4,DKK3,Dickkopf-related protein 3,GCST90421215,74dff0c4e64871f1957157fb0cd2c648
X10748.216,10748-216,Q9Y5E7,PCDHB2,Protocadherin beta-2,GCST90421216,7536e8d5028295788fb5496e1f18f584
X10749.18,10749-18,P0DMV8,HSPA1A,Heat shock 70 kDa protein 1A,GCST90421217,6b457f29ebc6381b80b11a794da25419
X10752.8,10752-8,Q8N8U2,CDYL2,Chromodomain Y-like protein 2,GCST90421218,7df9e8466e8b11d006772d152e55dca1
X10753.31,10753-31,Q9H2U9,ADAM7,Disintegrin and metalloproteinase domain-containing protein 7,GCST90421219,32f5bb21be4fa2f4e515befdf11efa0d
X10754.113,10754-113,Q9HC23,PROK2,Prokineticin-2,GCST90421220,7e63754b5581108c5599aceb200158c2
X10756.34,10756-34,Q969E3,UCN3,Urocortin-3,GCST90421221,30622b41989971ad4e7d194c2da4ca31
X10758.2,10758-2,O60938,KERA,Keratocan,GCST90421222,8c21f5f3790890618424d8f5a2732408
X10760.107,10760-107,P48058,GRIA4,Glutamate receptor 4,GCST90421223,9fc26e321380364d31c0f31397b7ccce
X10761.5,10761-5,Q15363,TMED2,Transmembrane emp24 domain-containing protein 2,GCST90421224,c0baf9871c775a8f0f627bb9b3db06ab
X10762.2,10762-2,A4D1S0,KLRG2,Killer cell lectin-like receptor subfamily G member 2:N-term,GCST90421225,55ddd71c4a4f323307693c3850e91a2f
X10767.52,10767-52,Q8IZP9,ADGRG2,G-protein coupled receptor 64,GCST90421226,1fa4672918b07d351413b10d37b37ff3
X10780.10,10780-10,O95716,RAB3D,Ras-related protein Rab-3D,GCST90421227,b0a3e380b92319732abf56a70a53c52b
X10781.19,10781-19,Q6UXB4,CLEC4G,C-type lectin domain family 4 member G,GCST90421228,1532292286d33ea54e5011a9a98d51a7
X10785.8,10785-8,Q8N7C0,LRRC52,Leucine-rich repeat-containing protein 52,GCST90421229,5383f0b5e24ae11996eebcca02415905
X10798.4,10798-4,Q496F6,CD300E,CMRF35-like molecule 2,GCST90421230,42303c0e7fc78e530436043333a0ae42
X10800.15,10800-15,P50454,SERPINH1,Serpin H1,GCST90421231,264aeef015555e9c4e5588df8338d2dd
X10801.11,10801-11,O43921,EFNA2,Ephrin-A2,GCST90421232,fdd7b5346b1958c4747479b19d50d5d6
X10809.14,10809-14,Q12918,KLRB1,Killer cell lectin-like receptor subfamily B member 1,GCST90421233,5f4ecfc4997a969e9c71d5ceb18ba4a2
X10814.7,10814-7,P06126,CD1A,T-cell surface glycoprotein CD1a,GCST90421234,f1c562fdd3f52ce35be8d18c4474ffd8
X10815.2,10815-2,Q5JVS0,HABP4,Intracellular hyaluronan-binding protein 4,GCST90421235,bede828630a6853a789df6cb2c114b45
X10816.150,10816-150,Q9UKJ1,PILRA,Paired immunoglobulin-like type 2 receptor alpha isoform FDF03-M14,GCST90421236,23f955f38cdcdd705a01e6f119ed9d34
X10817.26,10817-26,Q6UXN7,TOMM20L,TOMM20-like protein 1,GCST90421237,b9135dc00173f9b9fef49f512541ef16
X10818.36,10818-36,P17405,SMPD1,Sphingomyelin phosphodiesterase,GCST90421238,ae6b757484a9d3d2fafe31774dc07359
X10819.108,10819-108,P23142,FBLN1,Fibulin-1,GCST90421239,fe07b0841086bcb50da0e65a14732357
X10825.12,10825-12,Q8N0Z9,VSIG10,V-set and immunoglobulin domain-containing protein 10,GCST90421240,930fb6255fe03cdb1350e319c05ae9bf
X10827.67,10827-67,P0C6S8,LINGO3,Leucine-rich repeat and immunoglobulin-like domain-containing nogo receptor-interacting protein 3,GCST90421241,3238e9045e9a01fe99015c9c87024881
X10830.5,10830-5,O75071,EFCAB14,EF-hand calcium-binding domain-containing protein 14:N-term,GCST90421242,fee63bcd5b773f523b43bf540db306b0
X10832.24,10832-24,Q9UBX8,B4GALT6,"Beta-1,4-galactosyltransferase 6",GCST90421243,8ee9b2822da09b5d58cb41523cd45fdb
X10833.64,10833-64,Q96QV1,HHIP,Hedgehog-interacting protein,GCST90421244,f5b19386a011e9f7f49b694e428e3520
X10835.25,10835-25,Q9UNA3,A4GNT,"Alpha-1,4-N-acetylglucosaminyltransferase",GCST90421245,f43f4fb54649291a4d92ffb45475efe8
X10842.7,10842-7,Q9P109,GCNT4,"Beta-1,3-galactosyl-O-glycosyl-glycoprotein beta-1,6-N-acetylglucosaminyltransferase 4",GCST90421246,a7c41cad7f7644a2383fe1b9240056a3
X10847.1,10847-1,Q6ZMC9,SIGLEC15,Sialic acid-binding Ig-like lectin 15,GCST90421247,51c1d72bcb3b062305ea902c507d6df0
X10848.137,10848-137,Q6UXE8,BTNL3,Butyrophilin-like protein 3,GCST90421248,2fdcfef8b31f66ba4a72c18c0fc8a7d6
X10851.77,10851-77,Q14213,EBI3,Interleukin-27 subunit beta,GCST90421249,be7fa1d2f4fbc74fba096be8a7ec785e
X10852.114,10852-114,O14979,HNRNPDL,Heterogeneous nuclear ribonucleoprotein D-like,GCST90421250,d22fa45ffd654b504b04b5d185be1a3b
X10854.15,10854-15,Q9P109,GCNT4,"Beta-1,3-galactosyl-O-glycosyl-glycoprotein beta-1,6-N-acetylglucosaminyltransferase 4",GCST90421251,2267c5fdaf56e71b1924974bdc850fcd
X10866.60,10866-60,Q6IN85,PPP4R3A,Serine/threonine-protein phosphatase 4 regulatory subunit 3A,GCST90421252,bb5fe0b93a981c4f4d9e4db84e1e6290
X10870.32,10870-32,Q9UBP0,SPAST,Spastin:Microtubule interacting and trafficking domain,GCST90421253,c6006c47c531f8e571ce70cfa7c0af29
X10876.300,10876-300,Q6PJG6,BRAT1,BRCA1-associated ATM activator 1,GCST90421254,25ededcf4808f1333535a5d39eddb627
X10880.38,10880-38,P0C2L3,FAM163B,Protein FAM163B,GCST90421255,3037030a363c1f8d030b7fa6e5ce2e82
X10882.12,10882-12,Q08554,DSC1,Desmocollin-1,GCST90421256,7e180fdd8935833020fb8aeae794fcd7
X10885.36,10885-36,Q6UWU4,C6orf89,Bombesin receptor-activated protein C6orf89,GCST90421257,2c0c21c20d016ae0c883df9b9df90180
X10889.2,10889-2,Q96G30,MRAP2,Melanocortin-2 receptor accessory protein 2,GCST90421258,90916ec1cdeb5da6ed89b35cd850250e
X10890.135,10890-135,Q6UWM7,LCTL,Lactase-like protein,GCST90421259,69eeed2c97b92f27c8ac6f1ad5339ad1
X10892.8,10892-8,Q99650,OSMR,Oncostatin-M-specific receptor subunit beta,GCST90421260,bf1c82ed2f239e99baf998754419b52b
X10894.25,10894-25,O76038,SCGN,Secretagogin,GCST90421261,84af8d91d70831bf916aafe085db5514
X10895.28,10895-28,Q86T26,TMPRSS11B,Transmembrane protease serine 11B,GCST90421262,e4ba6f72089ab87e48b8c55036ca0b28
X10900.272,10900-272,Q93045,STMN2,Stathmin-2,GCST90421263,530559e7447f6a8e12e06cebb39c6940
X10903.50,10903-50,Q9UNK0,STX8,Syntaxin-8,GCST90421264,9a01fdb8d6722f6f3803375867cde189
X10907.116,10907-116,Q9P121,NTM,Neurotrimin,GCST90421265,e912aac004c6835d9d35953a13f9d3b7
X10908.2,10908-2,Q8IUC8,GALNT13,Polypeptide N-acetylgalactosaminyltransferase 13,GCST90421266,67fdcc5642ea15bba257b432b32a590f
X10910.6,10910-6,O75871,CEACAM4,Carcinoembryonic antigen-related cell adhesion molecule 4,GCST90421267,dab66dc2a49aa3851334a189b3ee3549
X10916.44,10916-44,Q13018,PLA2R1,Secretory phospholipase A2 receptor,GCST90421268,033111744a7c36b1b50b48fa036ac343
X10917.40,10917-40,O14610,GNGT2,Guanine nucleotide-binding protein G(I)/G(S)/G(O) subunit gamma-T2,GCST90421269,fb2825cb69060cae6019460588ccff73
X10924.258,10924-258,Q8WUJ1,CYB5D2,Neuferricin,GCST90421270,2ab2ec365fc0aff186228e0043ac0bdd
X10933.107,10933-107,Q9BXU9,CALN1,Calcium-binding protein 8,GCST90421271,27c27670a7bcc07985fbac4a73fcb296
X10938.13,10938-13,P19256,CD58,Lymphocyte function-associated antigen 3,GCST90421272,49e75a6365cfda15605eb6e756ae1eef
X10939.16,10939-16,Q9H4M7,PLEKHA4,Pleckstrin homology domain-containing family A member 4,GCST90421273,32cc621bc8027ab6d469863f94f8cd98
X10940.25,10940-25,Q86TD4,SRL,Sarcalumenin,GCST90421274,d35782c960ed143b2a327d7e36150ba0
X10945.11,10945-11,O43752,STX6,Syntaxin-6,GCST90421275,fd428015a1e3f683112893a96861b7bb
X10948.14,10948-14,Q8IV08,PLD3,Phospholipase D3,GCST90421276,22479b65d2000a050edb6b4766864e2b
X10949.59,10949-59,P05387,RPLP2,60S acidic ribosomal protein P2,GCST90421277,7806fad42420834ccd86b38bb8e81d9b
X10953.14,10953-14,Q6UVW9,CLEC2A,C-type lectin domain family 2 member A,GCST90421278,34d6ccefb91fa6eff764f069b74f840b
X10955.4,10955-4,Q8IUN9,CLEC10A,C-type lectin domain family 10 member A,GCST90421279,e15e517c7e4402a425fbef3983acee5e
X10956.82,10956-82,P23434,GCSH,"Glycine cleavage system H protein, mitochondrial",GCST90421280,141ea826ed84118d0bd4703c345e21af
X10959.125,10959-125,Q9NYM9,BET1L,BET1-like protein,GCST90421281,df745afcbd4bf3d1b50654b23acdd57c
X10961.15,10961-15,Q9UL19,PLAAT4,Retinoic acid receptor responder protein 3,GCST90421282,d014370aa93ec01a1bf9c985773781be
X10966.1,10966-1,P02765,AHSG,Alpha-2-HS-glycoprotein,GCST90421283,6fc2da0eade12a92796d084bd9e6a9e5
X10967.12,10967-12,P01236,PRL,Prolactin,GCST90421284,0ee7dcce80b321b8ed9ddbc8bb60e9c0
X10970.3,10970-3,Q13508,ART3,Ecto-ADP-ribosyltransferase 3,GCST90421285,3d8a9a87626b520fdbd520dded308d91
X10974.20,10974-20,P58062,SPINK7,Serine protease inhibitor Kazal-type 7,GCST90421286,10d83850fb8e1dc8248233ac96fc18b3
X10975.59,10975-59,Q96DR8,MUCL1,Mucin-like protein 1,GCST90421287,f8f2097200f019a11f180942bd773b1e
X10976.44,10976-44,P15941,MUC1,Mucin-1:region 3,GCST90421288,3fe86d51d0e393bc7643cd34aa65b133
X10977.55,10977-55,Q8WVF2,UCMA,Unique cartilage matrix-associated protein,GCST90421289,65542f32a2861ec8614aaaa282ccda1a
X10978.39,10978-39,P01242,GH2,Growth hormone variant,GCST90421290,ec8b2dfeff54e5efc6a41a83e3cd7607
X10980.11,10980-11,P22303,ACHE,Acetylcholinesterase,GCST90421291,84755a9df227138737043ec2a88e6080
X10981.56,10981-56,P56975,NRG3,"Pro-neuregulin-3, membrane-bound isoform",GCST90421292,5355878f35ede7b1617ea07594b08c45
X10990.21,10990-21,Q5S007,LRRK2,Leucine-rich repeat serine/threonine-protein kinase 2,GCST90421293,2983bdfb497e3aea147126cf30f08f33
X11067.13,11067-13,P02818,BGLAP,Osteocalcin,GCST90421294,b36afc0afe9516fb5eab514b2a8ab5a2
X11071.1,11071-1,P05113,IL5,Interleukin-5,GCST90421295,86b767b0f3494d6777da31ac3c868bc7
X11081.1,11081-1,P21695,GPD1,"Glycerol-3-phosphate dehydrogenase [NAD(+)], cytoplasmic",GCST90421296,f9485726846ff6d268177f8be9935ac9
X11083.23,11083-23,P09104,ENO2,Gamma-enolase,GCST90421297,d7a44828903d3a5e54782e7af1a0791a
X11089.7,11089-7,P01876|P01877,IGHA1|IGHA2,Immunoglobulin A,GCST90421298,b760904dfe18ae8de9634ac85e5618f4
X11094.104,11094-104,Q05315,CLC,Galectin-10,GCST90421299,e37fbad324fca20848eb079062566625
X11096.57,11096-57,Q9Y5N5,N6AMT1,HemK methyltransferase family member 2,GCST90421300,e58d882c4e2c9454c120d50f89dc6585
X11098.1,11098-1,O00764,PDXK,Pyridoxal kinase,GCST90421301,8d2e822b0d18f7558593ec2c359d05fb
X11101.18,11101-18,O00206,TLR4,Toll-like receptor 4,GCST90421302,ee1b1447802f7cc8bbf32e37b6910049
X11102.22,11102-22,Q9BYZ8,REG4,Regenerating islet-derived protein 4,GCST90421303,f19b814a2635522e16d2afd1dff1fd3a
X11103.24,11103-24,P04792,HSPB1,Heat shock protein beta-1,GCST90421304,b72c1c4a7c2b042681c9251a972d6b7d
X11104.13,11104-13,P36222,CHI3L1,Chitinase-3-like protein 1,GCST90421305,d967bbdc9f0544520f4134b428ec6786
X11105.171,11105-171,P06733,ENO1,Alpha-enolase,GCST90421306,5b44a859e1586d7f757a4112772ffa8d
X11107.25,11107-25,Q9P273,TENM3,Teneurin-3,GCST90421307,0617756906807e3174eba31734bfebf3
X11109.56,11109-56,Q4LDE5,SVEP1,"Sushi, von Willebrand factor type A, EGF and pentraxin domain-containing protein 1:Sushi 15-18",GCST90421308,e5e16d7b143a278198f3300b15df794a
X11110.4,11110-4,Q4V9L6,TMEM119,Transmembrane protein 119,GCST90421309,585643c3b7cce4765909150b35a7ed14
X11112.18,11112-18,Q8TBQ9,TMEM167A,Protein kish-A,GCST90421310,71fe40aaa2cda9875575ec9359052292
X11116.16,11116-16,Q6NUJ2,C11orf87,Uncharacterized protein C11orf87,GCST90421311,6738b5f8a6de72584457d846b8fb42e9
X11117.2,11117-2,Q8TB22,SPATA20,Spermatogenesis-associated protein 20,GCST90421312,03a012f8f9c9499b8d4072fc5ef7f438
X11118.107,11118-107,Q9H0T7,RAB17,Ras-related protein Rab-17,GCST90421313,e7428ced62cacce1d0e198c5d642ef23
X11120.49,11120-49,Q8WUY8,NAT14,N-acetyltransferase 14,GCST90421314,a3ec176251e8cf57c6de4932e854cfe0
X11121.56,11121-56,Q2TAL6,VWC2,Brorin,GCST90421315,619350af201d2844aaf19cee887f6dff
X11122.97,11122-97,Q9NZD8,SPG21,Maspardin,GCST90421316,db735e385bc790dc9e4cdc1fb007a83e
X11126.102,11126-102,O75962,TRIO,Triple functional domain protein,GCST90421317,9394e527ab955d1d07d3aaf3aefc7630
X11128.29,11128-29,Q8N3T6,TMEM132C,Transmembrane protein 132C:Cytoplasmic domain,GCST90421318,8c1aac30d2f118db204219671ea4242b
X11129.66,11129-66,O95972,BMP15,Bone morphogenetic protein 15,GCST90421319,8e5408757a6aa3352df17d2093aef129
X11130.158,11130-158,O00305,CACNB4,Voltage-dependent L-type calcium channel subunit beta-4,GCST90421320,9f827de63e8d8733d8b79dec7ec8804c
X11134.30,11134-30,Q9UGC7,MTRF1L,"Peptide chain release factor 1-like, mitochondrial",GCST90421321,7ce51f598e36b37f3ab2103e5f011375
X11135.5,11135-5,Q7Z7F7,MRPL55,"39S ribosomal protein L55, mitochondrial",GCST90421322,8fc289c9cec331755fb4e0493037c43f
X11137.43,11137-43,P32927,CSF2RB,Cytokine receptor common subunit beta:Cytoplasmic domain,GCST90421323,42424b230862b5f479c498ec30f1075e
X11138.16,11138-16,Q13761,RUNX3,Runt-related transcription factor 3,GCST90421324,fa2f0c717ffb62163f2c5188467c506e
X11140.56,11140-56,P02452,COL1A1,Collagen alpha-1(I) chain:C-term propeptide,GCST90421325,78e47071133e36c29cecb85ac2e68709
X11142.11,11142-11,O95841,ANGPTL1,"Angiopoietin-related protein 1:C-Term, Fibrinogen domian",GCST90421326,bad9f5a2c40f4b086bd51ba7a815315a
X11143.32,11143-32,Q96PB7,OLFM3,"Noelin-3:Isoform 2, N-term",GCST90421327,343459794087c1ad6c69dbc9cc686045
X11144.10,11144-10,Q30KQ4,DEFB116,Beta-defensin 116,GCST90421328,6e7b4e6623d58457f33a8ed7c2436017
X11145.72,11145-72,Q6ZVL6,KIAA1549L,UPF0606 protein KIAA1549L,GCST90421329,3cf3173db98eb57ca6242d61f8ab67e1
X11146.4,11146-4,Q9Y458,TBX22,T-box transcription factor TBX22,GCST90421330,157942e790d0d5bf0262054474f3ed95
X11147.17,11147-17,Q86YW5,TREML1,Trem-like transcript 1 protein:immunoreceptor tyrosine-based inhibition motif,GCST90421331,d77bd1286241b0226ae134c8757b7b78
X11149.3,11149-3,Q15399,TLR1,Toll-like receptor 1:Cytoplasmic domain,GCST90421332,e4e1e847ecc4781dd718357e95b50111
X11150.3,11150-3,P12109,COL6A1,Collagen alpha-1(VI) chain,GCST90421333,20b6addb153fcc3b40573625bf189bf7
X11152.46,11152-46,Q9UKR3,KLK13,Kallikrein-13,GCST90421334,64b703c908da484a2ff5f6b414ff66e0
X11154.3,11154-3,Q14494,NFE2L1,Nuclear factor erythroid 2-related factor 1,GCST90421335,eb11d22b7779405c12e91c0ce7403713
X11155.16,11155-16,A8TX70,COL6A5,Collagen alpha-5(VI) chain,GCST90421336,23c518eb2dfd9fa471eeff5d57f281a6
X11158.40,11158-40,Q6ZP65,BICDL1,Bicaudal D-related protein 1,GCST90421337,c8a9194e32f497979df19f8b637aadb7
X11159.14,11159-14,Q969V5,MUL1,Mitochondrial ubiquitin ligase activator of NFKB 1:Cytoplasmic domain,GCST90421338,6bd5d89ddaaf9823f7cec5091c0653e7
X11160.56,11160-56,Q9H9V4,RNF122,RING finger protein 122,GCST90421339,8cfb153f291ff145e676b6d6c8a9e10c
X11161.5,11161-5,Q8N0X7,SPART,Spartin,GCST90421340,3cedc9fa9a883849d6ef23d08c2a66c8
X11162.37,11162-37,Q9NQ60,EQTN,Equatorin,GCST90421341,ea0b60719fcc604ae36de286d186b344
X11163.7,11163-7,Q5T6X4,FAM162B,Protein FAM162B,GCST90421342,6f27f8afe39dd9ae8fbbc7f6b138f781
X11164.7,11164-7,Q9NT68,TENM2,Teneurin-2,GCST90421343,ff6de477859320bc76651268f02cb5c1
X11167.6,11167-6,Q13613,MTMR1,Myotubularin-related protein 1,GCST90421344,9b19f7fd1baac6eb22f976fa8325570f
X11168.3,11168-3,Q96KG7,MEGF10,Multiple epidermal growth factor-like domains protein 10,GCST90421345,1d14b0f1d92283b15d9a4ddd1d6a6172
X11173.29,11173-29,Q7Z6M3,MILR1,Allergin-1,GCST90421346,c42d19ad2c4c3287aac2e1e61d79a362
X11174.8,11174-8,Q9UPZ6,THSD7A,Thrombospondin type-1 domain-containing protein 7A:Thrombospondin type-1 domain 6,GCST90421347,2d028e89f7a0c3421ded2346e1eda643
X11175.45,11175-45,Q7L5N7,LPCAT2,Lysophosphatidylcholine acyltransferase 2,GCST90421348,24834826e1c0f614277bc3056b899814
X11177.16,11177-16,P13647,KRT5,"Keratin, type II cytoskeletal 5",GCST90421349,2a6d442bb6f0f19e062a62b5ab0f0a14
X11178.21,11178-21,Q4LDE5,SVEP1,"Sushi, von Willebrand factor type A, EGF and pentraxin domain-containing protein 1:EGF-like domains 4-6",GCST90421350,e1ed6f0bf97094844f3ee3126cd1ed95
X11179.7,11179-7,Q9BXA7,TSSK1B,Testis-specific serine/threonine-protein kinase 1,GCST90421351,74cb65493c0f2b1f2cbbb86680de9dac
X11180.17,11180-17,Q92922,SMARCC1,SWI/SNF complex subunit SMARCC1,GCST90421352,07d7633c860e21947b58a6cffcc548c3
X11184.51,11184-51,P10645,CHGA,Chromogranin-A,GCST90421353,936614c474c6b10d026425a46dc0f6ec
X11185.145,11185-145,P30793,GCH1,GTP cyclohydrolase 1,GCST90421354,f8cba6b51064e449e0a13bfb8e064079
X11186.12,11186-12,Q8NDY8,TMEM52,Transmembrane protein 52,GCST90421355,e36c2b5d9f76023b6ff4dc8b98b1adbc
X11187.11,11187-11,Q5QGZ9,CLEC12A,C-type lectin domain family 12 member A,GCST90421356,9223c476f95ed2b546847a357f208056
X11190.129,11190-129,Q96TA2,YME1L1,ATP-dependent zinc metalloprotease YME1L1,GCST90421357,bca333ce15f9b87b579b07b2363cf7f2
X11192.168,11192-168,Q9GZM7,TINAGL1,Tubulointerstitial nephritis antigen-like,GCST90421358,888d110a2e4546b8ebee3ae74d1a94ab
X11193.27,11193-27,P20823,HNF1A,Hepatocyte nuclear factor 1-alpha,GCST90421359,9351d06a7f5144464828679019118485
X11194.6,11194-6,Q9Y3P8,SIT1,Signaling threshold-regulating transmembrane adapter 1,GCST90421360,d5a31af36f7a452d472b9a64f2b7d242
X11196.31,11196-31,P12111,COL6A3,"Collagen alpha-3(VI) chain:Bovine pancreatic trypsin inhibitor/Kunitz inhibitor domain, isoform 1",GCST90421361,5e9f116447e14edd0c46f717abc29b5c
X11198.37,11198-37,Q96BA8,CREB3L1,Cyclic AMP-responsive element-binding protein 3-like protein 1,GCST90421362,50eb43fda4e5fed6eed18fd262cfab63
X11200.52,11200-52,Q9NPY3,CD93,Complement component C1q receptor,GCST90421363,37ddad68d18b6780c39b7496465e32f1
X11201.19,11201-19,Q9Y606,PUS1,"tRNA pseudouridine synthase A, mitochondrial",GCST90421364,989ea84ad01a46ad4309d2e2ee8396da
X11202.70,11202-70,Q99593,TBX5,T-box transcription factor TBX5,GCST90421365,863138e3731c4c6900688456c32eeaec
X11203.97,11203-97,P30613,PKLR,Pyruvate kinase PKLR,GCST90421366,7e4689ece0dcfaa4ba5c53dfcecc1051
X11204.80,11204-80,P78310,CXADR,Coxsackievirus and adenovirus receptor,GCST90421367,982c0b84ed7ab55626ff0b02447e4c3c
X11205.10,11205-10,P26010,ITGB7,Integrin beta-7,GCST90421368,281ad305bd0f9e1e593cb977e08037ea
X11207.3,11207-3,P21757,MSR1,Macrophage scavenger receptor types I and II:Cytoplasmic domain,GCST90421369,78322b55cf135574629e006ca068f4f5
X11208.15,11208-15,Q9UK23,NAGPA,N-acetylglucosamine-1-phosphodiester alpha-N-acetylglucosaminidase,GCST90421370,0c5c0d88054ffe09f6fafaa43203307f
X11211.7,11211-7,Q15813,TBCE,Tubulin-specific chaperone E,GCST90421371,ce8d3814fd416cdc38f0f15f42c05c49
X11212.7,11212-7,Q8NBS9,TXNDC5,Thioredoxin domain-containing protein 5,GCST90421372,cdca58c4bd5dfad5a038efe8ed3318b3
X11214.40,11214-40,Q9UBS3,DNAJB9,DnaJ homolog subfamily B member 9,GCST90421373,ffe37e120f711ebbd35ea55c0c2fa6cc
X11215.6,11215-6,P55291,CDH15,Cadherin-15:Cytoplasmic domain,GCST90421374,8916c44c8e2d1c756f6e0aad61a60cc0
X11217.16,11217-16,Q13363,CTBP1,C-terminal-binding protein 1,GCST90421375,dfca7322f951618d6d10b14a3a41a16e
X11218.84,11218-84,P51580,TPMT,Thiopurine S-methyltransferase,GCST90421376,2295814ad6984dc6dbf5b50d6a3f5908
X11219.95,11219-95,Q8TAT2,FGFBP3,Fibroblast growth factor-binding protein 3,GCST90421377,48a992b730ebe22549cefbb74c5edb0c
X11220.53,11220-53,Q8TEF2,C10orf105,Uncharacterized protein C10orf105,GCST90421378,857b99230167f1e1766ffbe73eb870f9
X11223.1,11223-1,Q6P9G4,TMEM154,Transmembrane protein 154,GCST90421379,de9979a407e5a185d1534d19d6bd5314
X11226.16,11226-16,Q05086,UBE3A,Ubiquitin-protein ligase E3A,GCST90421380,9adcd5f5635586a6620ffddceb11f460
X11227.31,11227-31,Q9Y4P3,TBL2,Transducin beta-like protein 2,GCST90421381,1acc236fc492a72431511753a840510c
X11228.37,11228-37,Q7Z5B4,RIC3,Protein RIC-3,GCST90421382,b96d8b7c8fbf92e1a36aedcfd017902b
X11229.16,11229-16,O75460,ERN1,Serine/threonine-protein kinase/endoribonuclease IRE1,GCST90421383,185dabc3769e7c9ec81c83dd175413e8
X11231.12,11231-12,Q6P4F2,FDX2,"Adrenodoxin-like protein, mitochondrial",GCST90421384,fc39af710bad1893cb0707aff51c6056
X11232.46,11232-46,P20061,TCN1,Transcobalamin-1,GCST90421385,4ed3468d1838dddf33d08f658f8c29f1
X11237.49,11237-49,Q15113,PCOLCE,Procollagen C-endopeptidase enhancer 1,GCST90421386,dfa2415b36aa63db424735274c95e1ea
X11239.49,11239-49,Q8IU80,TMPRSS6,Transmembrane protease serine 6,GCST90421387,9cbd879b574e90c5d57aff154e60b184
X11241.8,11241-8,P04424,ASL,Argininosuccinate lyase,GCST90421388,d14d8ae4950ddc5586c3e3cfcc699a13
X11242.33,11242-33,P22735,TGM1,Protein-glutamine gamma-glutamyltransferase K,GCST90421389,245de79e50570b30bf316a178e11a6f7
X11243.90,11243-90,Q5T601,ADGRF1,Adhesion G-protein coupled receptor F1,GCST90421390,f4aec0cff01d95c55c2425b7a7dcd025
X11245.43,11245-43,P21333,FLNA,Filamin-A:Calponin Homology 1,GCST90421391,3c4f39295b36c7436f2cc5a7e3404d93
X11246.3,11246-3,Q8TDL5,BPIFB1,BPI fold-containing family B member 1,GCST90421392,d889769945f223f11ef0257238da68d3
X11247.20,11247-20,Q8N159,NAGS,"N-acetylglutamate synthase, mitochondrial",GCST90421393,f6641349808eaa76ca20b3a5770a51b0
X11248.43,11248-43,P10746,UROS,Uroporphyrinogen-III synthase,GCST90421394,031888f677470ac3abe5b0d429a2ad31
X11252.30,11252-30,O75427,LRCH4,Leucine-rich repeat and calponin homology domain-containing protein 4:Calponin Homology,GCST90421395,ebe580aca7aae64d2a7097ff2c2ad425
X11254.13,11254-13,O95428,PAPLN,Papilin,GCST90421396,3acba422bf30d1f2218fdf997f93f2b1
X11257.1,11257-1,P09417,QDPR,Dihydropteridine reductase,GCST90421397,ee24ac241231863826c4491d9a9210f5
X11258.41,11258-41,Q13477,MADCAM1,Mucosal addressin cell adhesion molecule 1,GCST90421398,f8199c7bbab5ba2b7f546e16dfabc9cf
X11260.47,11260-47,Q8TC36,SUN5,SUN domain-containing protein 5,GCST90421399,717620b19458c7904b42c76693c4dc4e
X11262.39,11262-39,Q9H4I3,TRABD,TraB domain-containing protein,GCST90421400,88640f23830a037f7366f499f2d6efbf
X11263.57,11263-57,P31415,CASQ1,Calsequestrin-1,GCST90421401,3dd0fde64947c0e4c84576a78e46f639
X11264.33,11264-33,P47989,XDH,Xanthine dehydrogenase/oxidase,GCST90421402,c7e23aeca0b6663bfc35d0464d3b9c2e
X11265.8,11265-8,P00352,ALDH1A1,Retinal dehydrogenase 1,GCST90421403,1bd36851d2f1ae1cd7a8bb946dc08e1a
X11266.8,11266-8,Q14242,SELPLG,P-selectin glycoprotein ligand 1:Extracellular domain,GCST90421404,ffa52367de8ae1c4f24bf2175bf49573
X11270.17,11270-17,Q8WYQ3,CHCHD10,"Coiled-coil-helix-coiled-coil-helix domain-containing protein 10, mitochondrial",GCST90421405,8f08fbb1ac8171f5f3d0f53a3c5656bd
X11273.176,11273-176,P0CG30,GSTT2B,Glutathione S-transferase theta-2B,GCST90421406,64847486df8953bbdf6931a274c00356
X11275.94,11275-94,Q9NZR2,LRP1B,Low-density lipoprotein receptor-related protein 1B,GCST90421407,6d9d1e0fce73c9b71f8eb8e28ee13275
X11277.23,11277-23,P18850,ATF6,Cyclic AMP-dependent transcription factor ATF-6 alpha,GCST90421408,e241ba50fc1525941877f4e771a2f2e1
X11278.4,11278-4,P13942,COL11A2,Collagen alpha-2(XI) chain,GCST90421409,9ab40f11110a56c063dae542da7ae0a2
X11279.42,11279-42,Q9UBS5,GABBR1,Gamma-aminobutyric acid type B receptor subunit 1,GCST90421410,4f590938bab144b6afd545e57505767e
X11280.6,11280-6,Q99259,GAD1,Glutamate decarboxylase 1,GCST90421411,33b5a72e6c829410d93efea680dc2cf8
X11281.6,11281-6,Q14451,GRB7,Growth factor receptor-bound protein 7,GCST90421412,9b15bb9e4546362d50c9e381f0ec7b68
X11282.16,11282-16,P21757,MSR1,Macrophage scavenger receptor types I and II:Extracellular domain,GCST90421413,2af4796c26a1c98afbb87794845b40f9
X11283.13,11283-13,Q96JK2,DCAF5,DDB1- and CUL4-associated factor 5,GCST90421414,42caec03202f6f34ac1401c919088dea
X11284.24,11284-24,Q6GTX8,LAIR1,Leukocyte-associated immunoglobulin-like receptor 1,GCST90421415,cbbaaaabb5f92b275f683673ba6a0926
X11285.8,11285-8,P28906,CD34,Hematopoietic progenitor cell antigen CD34,GCST90421416,42974b99d8589a16e7f0e6567db598c2
X11286.78,11286-78,Q9BQE4,SELENOS,Selenoprotein S,GCST90421417,c78ed53de3aacb582bfb11cf1dd1699a
X11287.14,11287-14,P00167,CYB5A,Cytochrome b5,GCST90421418,62841df40705fb5a384522042a2b5c1c
X11288.26,11288-26,P49902,NT5C2,Cytosolic purine 5'-nucleotidase,GCST90421419,54e85c54861e806942d2eb9e5133ee4d
X11289.31,11289-31,P48730,CSNK1D,Casein kinase I isoform delta,GCST90421420,b8a15d682fb661aca5857ada65ea5318
X11292.13,11292-13,Q6AZY7,SCARA3,Scavenger receptor class A member 3:region 2,GCST90421421,c944d284d5189e78da5478c678d7ba32
X11293.14,11293-14,Q6UXK5,LRRN1,Leucine-rich repeat neuronal protein 1:Cytoplasmic domain,GCST90421422,7f42e83b32ce2fddee37c4817d739353
X11294.7,11294-7,Q9ULS5,TMCC3,Transmembrane and coiled-coil domains protein 3:region 2,GCST90421423,2ef2bf6de22c19c5648093586bfc3e49
X11297.54,11297-54,Q04721,NOTCH2,Neurogenic locus notch homolog protein 2,GCST90421424,bf282e7605e0d627e28467219055d689
X11300.32,11300-32,Q99523,SORT1,Sortilin,GCST90421425,07cc096b2f395080f7547196acaec24a
X11302.237,11302-237,Q92752,TNR,Tenascin-R,GCST90421426,6bc2a81acfd20f363add669fe04c37f4
X11303.7,11303-7,Q9Y3Z3,SAMHD1,Deoxynucleoside triphosphate triphosphohydrolase SAMHD1,GCST90421427,1c87298d92def9f1b351babae78b0f52
X11307.33,11307-33,Q9H0M0,WWP1,NEDD4-like E3 ubiquitin-protein ligase WWP1,GCST90421428,83f546e401f755c8392d02f6196ae95d
X11308.8,11308-8,Q8TEY5,CREB3L4,Cyclic AMP-responsive element-binding protein 3-like protein 4,GCST90421429,a67a36ddaef5ac772daf280e26e7f786
X11310.8,11310-8,P32926,DSG3,Desmoglein-3,GCST90421430,1538c1e9fe4b430140d5d2389f89f450
X11311.79,11311-79,P15918,RAG1,V(D)J recombination-activating protein 1,GCST90421431,d00c692eaf52f88f9853fa1469205b91
X11312.40,11312-40,P54278,PMS2,Mismatch repair endonuclease PMS2,GCST90421432,d492fc3430886d3854b13daaa3aedc5b
X11313.100,11313-100,P61457,PCBD1,Pterin-4-alpha-carbinolamine dehydratase,GCST90421433,c795aaab2c3c7595486a7fe48068b393
X11315.148,11315-148,O15297,PPM1D,Protein phosphatase 1D,GCST90421434,d36a207a314f4a5c5f7677569be29744
X11318.20,11318-20,Q6Q788,APOA5,Apolipoprotein A-V,GCST90421435,fb2f17267c7c1602e10988a1e6abe20b
X11319.106,11319-106,P49959,MRE11,Double-strand break repair protein MRE11,GCST90421436,0d8360c9f5f7a38939af9268545b5d72
X11320.29,11320-29,Q96EP1,CHFR,E3 ubiquitin-protein ligase CHFR,GCST90421437,f427444183496cea996239665a88e80a
X11324.3,11324-3,A1KZ92,PXDNL,Peroxidasin-like protein,GCST90421438,d6b6872b6564286314a2bd9583c0754f
X11325.8,11325-8,P78543,BTG2,Protein BTG2,GCST90421439,ab2651e8377a95e7fe74caaf4b1eff0c
X11328.9,11328-9,Q9BQ65,USB1,U6 snRNA phosphodiesterase,GCST90421440,22ee8dbeaf734cf431081261c65b17b1
X11330.15,11330-15,P67870,CSNK2B,Casein kinase II subunit beta,GCST90421441,6c15a256b77cf0965d3e43fd37836e70
X11333.82,11333-82,P42331,ARHGAP25,Rho GTPase-activating protein 25,GCST90421442,15170d5f9ba5243c61da2fed998ce649
X11334.7,11334-7,O75022,LILRB3,Leukocyte immunoglobulin-like receptor subfamily B member 3,GCST90421443,65fce939321bbb04270781d2d1d590f9
X11336.9,11336-9,Q9NPI8,FANCF,Fanconi anemia group F protein,GCST90421444,ea1f423f3fd41edbd10583a158541253
X11338.49,11338-49,P51451,BLK,Tyrosine-protein kinase BLK,GCST90421445,ef1efe6e85f29d4a445af8c8ca59684c
X11342.59,11342-59,Q6UX71,PLXDC2,Plexin domain-containing protein 2:Cytoplasmic domain,GCST90421446,a0faf46ba2f3eab310d85acbc0a17a3c
X11348.132,11348-132,O15460,P4HA2,Prolyl 4-hydroxylase subunit alpha-2,GCST90421447,2992dc5c0e27729e102eb673c676cd2b
X11350.30,11350-30,Q9UNE7,STUB1,E3 ubiquitin-protein ligase CHIP,GCST90421448,8b540bc31acc32c747a0329a550ad24c
X11351.233,11351-233,Q9H9Q4,NHEJ1,Non-homologous end-joining factor 1,GCST90421449,93d3509a7959ca0ec409a4845c8d762d
X11352.42,11352-42,Q8WZ42,TTN,Titin,GCST90421450,c5c6661c3efc46d242309e510475b65d
X11353.143,11353-143,Q15796,SMAD2,Mothers against decapentaplegic homolog 2,GCST90421451,dbda98ab286b162cefcf28f665be1851
X11354.21,11354-21,Q9NQ66,PLCB1,"1-phosphatidylinositol 4,5-bisphosphate phosphodiesterase beta-1",GCST90421452,0eab88d66e4b86d5f662c1559796b266
X11355.10,11355-10,Q9GZV4,EIF5A2,Eukaryotic translation initiation factor 5A-2,GCST90421453,484b15935731073aa95d5702af937aa8
X11356.19,11356-19,Q96DF8,ESS2,Protein DGCR14,GCST90421454,8b15b5d7e7e60a2aad7ff5dc36cae939
X11358.15,11358-15,Q13322,GRB10,Growth factor receptor-bound protein 10,GCST90421455,d6bcb384f5f0de7823356017d2a7803c
X11360.39,11360-39,P23921,RRM1,Ribonucleoside-diphosphate reductase large subunit,GCST90421456,3febd6c9ee6813cd82bc2e98218dd38d
X11361.73,11361-73,P19971,TYMP,Thymidine phosphorylase,GCST90421457,162774430658716df7467cc7aa5c762c
X11363.58,11363-58,P55087,AQP4,Aquaporin-4,GCST90421458,162e33efeb7db2cbbedba1d77156a792
X11364.18,11364-18,Q8IWA4,MFN1,Mitofusin-1,GCST90421459,19dfa05b168be378f17858d90012d899
X11365.17,11365-17,Q6N022,TENM4,Teneurin-4,GCST90421460,3ef551dea88ec65c3a542d649585d7ef
X11368.32,11368-32,P54819,AK2,"Adenylate kinase 2, mitochondrial",GCST90421461,dbff622b74319a6c6de8f4d84e78fb92
X11369.23,11369-23,P11766,ADH5,Alcohol dehydrogenase class-3,GCST90421462,a3abdbd13bb4d798e547fb65acd44ca4
X11370.20,11370-20,Q9NRR6,INPP5E,72 kDa inositol polyphosphate 5-phosphatase,GCST90421463,005a6171db960638628b3964733c9aa5
X11371.1,11371-1,Q96P66,GPR101,Probable G-protein coupled receptor 101,GCST90421464,2aa4cb5a806bb75d32536effce62bf51
X11372.2,11372-2,P17022,ZNF18,Zinc finger protein 18,GCST90421465,2e1763b3ed0704fdff3c8afcb2a54f4c
X11375.49,11375-49,P58012,FOXL2,Forkhead box protein L2,GCST90421466,60b6a315902402c8c512407fff9a88a7
X11377.19,11377-19,P40394,ADH7,Alcohol dehydrogenase class 4 mu/sigma chain,GCST90421467,bfdd91baccee0e9b6d34a69b5f4a3fc9
X11378.37,11378-37,P43405,SYK,Tyrosine-protein kinase SYK:Src Homology domain,GCST90421468,f1b34168e0e326be564b029bcd9f4b63
X11380.84,11380-84,Q9BX46,RBM24,RNA-binding protein 24,GCST90421469,c16220a2b37f2af08a7052b21f80ce3c
X11381.56,11381-56,P60891,PRPS1,Ribose-phosphate pyrophosphokinase 1,GCST90421470,717bf1ff978f2edfa765cc2bd8d68f00
X11382.5,11382-5,P53004,BLVRA,Biliverdin reductase A,GCST90421471,4002684969ac3bd44b65571b8008c70d
X11383.41,11383-41,P08729,KRT7,"Keratin, type II cytoskeletal 7",GCST90421472,3107455e17f35cc4db9425204708d8c7
X11387.3,11387-3,Q99941,ATF6B,Cyclic AMP-dependent transcription factor ATF-6 beta,GCST90421473,ff3e85612e003a859ad27b768131fcf4
X11388.75,11388-75,Q14508,WFDC2,WAP four-disulfide core domain protein 2,GCST90421474,26a760002536ab8de6e9ca035e8240b7
X11390.24,11390-24,P35219,CA8,Carbonic anhydrase-related protein,GCST90421475,6a1344c2eb038019f0c6e76412847a91
X11391.69,11391-69,Q03426,MVK,Mevalonate kinase,GCST90421476,57b1a142866ee22a6e5ece4f00925665
X11395.5,11395-5,Q14289,PTK2B,"Protein-tyrosine kinase 2-beta:4.1 protein, ezrin, radixin, moesin domain",GCST90421477,f1227f55e2435215eee7a16446d1e46e
X11396.39,11396-39,Q9UI46,DNAI1,"Dynein intermediate chain 1, axonemal",GCST90421478,2ab173b380a525506e9b99f885f4e579
X11401.181,11401-181,Q9NTX7,RNF146,E3 ubiquitin-protein ligase RNF146,GCST90421479,de0a3788e99aca2dbc2cbb35be2abe0f
X11402.17,11402-17,Q8NEZ4,KMT2C,Histone-lysine N-methyltransferase 2C,GCST90421480,4b9eb564afc1848d1c9470bd895f9dba
X11405.150,11405-150,Q9H257,CARD9,Caspase recruitment domain-containing protein 9,GCST90421481,06d5b93e3e0c410e8d5884e95015f8e3
X11406.82,11406-82,Q9UKU7,ACAD8,"Isobutyryl-CoA dehydrogenase, mitochondrial",GCST90421482,3daa56168ebc27b5f41f8546728388e2
X11407.57,11407-57,Q9NRY6,PLSCR3,Phospholipid scramblase 3,GCST90421483,b9dbe4f558d1ed162e6b7ac7a7f8ce1e
X11416.23,11416-23,Q9UKA2,FBXL4,F-box/LRR-repeat protein 4:Leucine-rich repeats 4 and 5,GCST90421484,321ce35802e5a56ae70cc2360e2e65a7
X11421.10,11421-10,Q9H223,EHD4,EH domain-containing protein 4,GCST90421485,5ccae8a92c32a9104beb05745ac539a6
X11422.2,11422-2,O60479,DLX3,Homeobox protein DLX-3,GCST90421486,bed67dafe928fce194ec9761af6abe7f
X11424.4,11424-4,P16930,FAH,Fumarylacetoacetase,GCST90421487,20dce190ff5b6fb2ca89c83d7e093a80
X11425.31,11425-31,Q96T51,RUFY1,RUN and FYVE domain-containing protein 1,GCST90421488,947ae9a875aad86731546860674100bc
X11428.31,11428-31,O00151,PDLIM1,PDZ and LIM domain protein 1,GCST90421489,91c665ecae8c68336ed05b05f9458d38
X11429.80,11429-80,P07910,HNRNPC,Heterogeneous nuclear ribonucleoproteins C1/C2,GCST90421490,428f0c953ec347ed9ce4ff841a30c9b0
X11430.49,11430-49,Q86Y01,DTX1,E3 ubiquitin-protein ligase DTX1,GCST90421491,8a48ac3511ce513c21ff1ac5d3bd7c7a
X11431.235,11431-235,P46063,RECQL,ATP-dependent DNA helicase Q1,GCST90421492,9b03a719951752aa68baebb6aa31cedf
X11432.11,11432-11,O60828,PQBP1,Polyglutamine-binding protein 1,GCST90421493,a2ddda3c6d25e7f8c3f6b825c8220e24
X11433.11,11433-11,Q96GX1,TCTN2,Tectonic-2,GCST90421494,40d9b4d24568680c434196f4fe9d936b
X11436.6,11436-6,Q16352,INA,Alpha-internexin,GCST90421495,35cf4c70a473122e37db7bd2fe5cb181
X11438.6,11438-6,P25686,DNAJB2,DnaJ homolog subfamily B member 2,GCST90421496,3af8e05f31577c1de6acf8f52324aa41
X11439.88,11439-88,Q8IUC4,RHPN2,Rhophilin-2,GCST90421497,e5960346bc5281032d0ab22056fb82ca
X11440.58,11440-58,O14543,SOCS3,Suppressor of cytokine signaling 3,GCST90421498,aa04b49067d97b9384d543ab7cb3bc85
X11441.11,11441-11,P06737,PYGL,"Glycogen phosphorylase, liver form",GCST90421499,d1b8e8616e4ee2c55821abed7c28dc68
X11442.1,11442-1,Q8NFT8,DNER,Delta and Notch-like epidermal growth factor-related receptor:Cytoplasmic domain,GCST90421500,60a99a143301a8790867850de57c1200
X11444.49,11444-49,Q9H1D9,POLR3F,DNA-directed RNA polymerase III subunit RPC6,GCST90421501,f8615bd6543c4cc508fce9a45a0c748f
X11448.34,11448-34,P51570,GALK1,Galactokinase,GCST90421502,d83a5810da9dd165c229f29e097d2f30
X11450.110,11450-110,P07237,P4HB,Protein disulfide-isomerase,GCST90421503,09a7ec46f822edcada3ec475cf460413
X11454.87,11454-87,O75821,EIF3G,Eukaryotic translation initiation factor 3 subunit G,GCST90421504,8539f20cdea391d6fcf6d44c03100841
X11456.2,11456-2,Q96LZ2,MAGEB10,Melanoma-associated antigen B10,GCST90421505,16427d8b0590d8aedae0bb7907036efb
X11457.53,11457-53,Q14376,GALE,UDP-glucose 4-epimerase,GCST90421506,96b64a12fb4a2a782391c96eaad45ea3
X11458.30,11458-30,Q15365,PCBP1,Poly(rC)-binding protein 1,GCST90421507,72525c2dcb454968e0bbd6d7d710abbf
X11459.81,11459-81,P55199,ELL,RNA polymerase II elongation factor ELL,GCST90421508,a28d1e69eef90244e2168ef87be9af4a
X11462.8,11462-8,O43251,RBFOX2,RNA binding protein fox-1 homolog 2,GCST90421509,ce4da3c131a3d2c662f6b94612f79c25
X11464.9,11464-9,Q01201,RELB,Transcription factor RelB,GCST90421510,ddb49c3def74d1814c2fa9f5c134038c
X11465.4,11465-4,Q8IZ08,GPR135,Probable G-protein coupled receptor 135,GCST90421511,753878c929f305161cba550b9c344c34
X11468.15,11468-15,Q9Y4C8,RBM19,Probable RNA-binding protein 19,GCST90421512,92a860b656e8c8a5400abf2d0a441216
X11476.43,11476-43,Q9UN37,VPS4A,Vacuolar protein sorting-associated protein 4A,GCST90421513,a68bc23cdb3d9e850b13f78995849f21
X11480.1,11480-1,P30838,ALDH3A1,"Aldehyde dehydrogenase, dimeric NADP-preferring",GCST90421514,1fdedca1648d3629c199928eefe89d7d
X11481.25,11481-25,Q8TDQ0,HAVCR2,Hepatitis A virus cellular receptor 2,GCST90421515,b7551cf8245914cc487a64aa570af68e
X11486.26,11486-26,Q15697,ZNF174,Zinc finger protein 174,GCST90421516,d5e30837b31a2b6c28e8677106c397b1
X11487.4,11487-4,Q08629,SPOCK1,Testican-1,GCST90421517,702c013ee15f0a36b03b01b204b6b797
X11490.42,11490-42,P11441,UBL4A,Ubiquitin-like protein 4A,GCST90421518,83873ddd423256897064854e1a0f0dd0
X11493.169,11493-169,Q96FJ2,DYNLL2,"Dynein light chain 2, cytoplasmic",GCST90421519,0d57e8dc6131825d6dc60d04d351631c
X11494.4,11494-4,O00472,ELL2,RNA polymerase II elongation factor ELL2,GCST90421520,864fe170ba000c0e11c6204b5a62254e
X11510.31,11510-31,O14791,APOL1,Apolipoprotein L1,GCST90421521,f39451e7fe627f7b0ab51f500300318d
X11510.51,11510-51,O14791,APOL1,Apolipoprotein L1,GCST90421522,801021c20407e230286491bab86a6b62
X11513.92,11513-92,P28907,CD38,ADP-ribosyl cyclase/cyclic ADP-ribose hydrolase 1,GCST90421523,c43ae4e712ab0e43e410e526d25a0f3b
X11514.196,11514-196,P13987,CD59,CD59 glycoprotein,GCST90421524,329df1055de2136a676dff1446d60f7b
X11516.7,11516-7,P07148,FABP1,"Fatty acid-binding protein, liver",GCST90421525,c7ee48cf63bfab15f9933d3e7a00be69
X11530.37,11530-37,P08397,HMBS,Porphobilinogen deaminase,GCST90421526,c6e0233b13967e7c35105e9c0ab70868
X11531.24,11531-24,Q9H7M9,VSIR,V-type immunoglobulin domain-containing suppressor of T-cell activation:Cytoplasmic domain,GCST90421527,06890c94909dbc41a5855413b818e523
X11534.6,11534-6,Q3SXY7,LRIT3,"Leucine-rich repeat, immunoglobulin-like domain and transmembrane domain-containing protein 3",GCST90421528,5879bdf1e9fb617c1bc879569255129e
X11536.9,11536-9,Q5VVJ2,MYSM1,Histone H2A deubiquitinase MYSM1,GCST90421529,10a2cc7ed1802c66336b2928226c2b50
X11537.12,11537-12,Q9UP52,TFR2,Transferrin receptor protein 2,GCST90421530,55ded4f27e7b90f4809939d67d504cdc
X11538.216,11538-216,O95822,MLYCD,"Malonyl-CoA decarboxylase, mitochondrial",GCST90421531,3c0040781ab75cd845ca486d3ef0ac25
X11539.4,11539-4,P56134,ATP5MF,"ATP synthase subunit f, mitochondrial",GCST90421532,39ce1cc18e646da52c8e0baf1f7872e8
X11540.37,11540-37,O43524,FOXO3,Forkhead box protein O3,GCST90421533,c2e21766feb3c548508dc7faeb29304b
X11542.11,11542-11,Q96A57,TMEM230,Transmembrane protein 230,GCST90421534,1fc4296ac4324d9b01b70bc48cc8c477
X11543.84,11543-84,Q9UHB6,LIMA1,LIM domain and actin-binding protein 1,GCST90421535,806da55464f4db828cf0ea47687abe94
X11544.39,11544-39,Q92576,PHF3,PHD finger protein 3,GCST90421536,875f59c4ad1a76d73373438f3ff1bdc9
X11545.9,11545-9,Q92956,TNFRSF14,Tumor necrosis factor receptor superfamily member 14,GCST90421537,47ccf8485d312f8a3d7613b21affe747
X11546.7,11546-7,Q8WWM9,CYGB,Cytoglobin,GCST90421538,7e2b1a48e6215c85018bd7de4e92411d
X11547.84,11547-84,O15146,MUSK,"Muscle, skeletal receptor tyrosine-protein kinase",GCST90421539,4b23005ba0cd175987aa3bb072b64a48
X11548.84,11548-84,P30304,CDC25A,M-phase inducer phosphatase 1,GCST90421540,047befd46b553da2bcecf7c8faa91749
X11549.6,11549-6,P61371,ISL1,Insulin gene enhancer protein ISL-1,GCST90421541,3a4ba21b73c12e38bcc3491264326d53
X11551.16,11551-16,Q9P0W2,HMG20B,SWI/SNF-related matrix-associated actin-dependent regulator of chromatin subfamily E member 1-related,GCST90421542,92323eca6df5385cd16b0b5e9dbbc1b3
X11556.19,11556-19,Q8N6T3,ARFGAP1,ADP-ribosylation factor GTPase-activating protein 1,GCST90421543,52c7742eb2e24a3752a33599a0e81691
X11557.3,11557-3,Q9HCE7,SMURF1,E3 ubiquitin-protein ligase SMURF1,GCST90421544,5cca44ec1949370f4c2f2711c8efa273
X11560.76,11560-76,Q14934,NFATC4,"Nuclear factor of activated T-cells, cytoplasmic 4",GCST90421545,6cfab653f86f9fe75905cbd56cecb3bd
X11562.9,11562-9,P56282,POLE2,DNA polymerase epsilon subunit 2,GCST90421546,c62b3fe7a1560bc616797e638c0902ac
X11563.51,11563-51,Q96C24,SYTL4,Synaptotagmin-like protein 4:Ca2+-dependent membrane-targeting module 2,GCST90421547,4bf2d77e9cfb6e04a42ac6747fc61cf7
X11565.58,11565-58,P17027,ZNF23,Zinc finger protein 23,GCST90421548,89007ff74778ae11581dba2ce30e813e
X11566.48,11566-48,Q14CN4,KRT72,"Keratin, type II cytoskeletal 72",GCST90421549,b4ae3d0ef47510efc07897deedbec792
X11567.23,11567-23,P21506,ZNF10,Zinc finger protein 10,GCST90421550,d80934fa51aaf3b989780bb421f553b4
X11568.2,11568-2,P68106,FKBP1B,Peptidyl-prolyl cis-trans isomerase FKBP1B,GCST90421551,6db8e48a3bab56f5b893eda5d3eb0efe
X11570.94,11570-94,Q9UHQ4,BCAP29,B-cell receptor-associated protein 29,GCST90421552,d0ec73846d80cd1df8452ae8b12df063
X11571.75,11571-75,Q07444,KLRC3,"NKG2-E type II integral membrane protein:Isoform E, Extracellular domain",GCST90421553,6333439a9d15db4948accf91243d9d32
X11572.4,11572-4,P50570,DNM2,Dynamin-2,GCST90421554,f50d914504197e14587268d92f869f17
X11573.3,11573-3,Q13247,SRSF6,Serine/arginine-rich splicing factor 6,GCST90421555,08bfdf076ce595d7ea17ce6fe55b5bb0
X11582.63,11582-63,O60884,DNAJA2,DnaJ homolog subfamily A member 2,GCST90421556,b95837816d61b8c2f831c6a120774fd0
X11586.2,11586-2,Q6UXK5,LRRN1,Leucine-rich repeat neuronal protein 1:Extracellular domain,GCST90421557,30f54d37db2094d5610507d8493545ae
X11587.5,11587-5,Q8IWI9,MGA,MAX gene-associated protein,GCST90421558,1a17110061481edd3933787aba8564f2
X11590.5,11590-5,Q86U06,RBM23,Probable RNA-binding protein 23,GCST90421559,5e1d508db057cdd93106d4ca65854043
X11591.43,11591-43,O43663,PRC1,Protein regulator of cytokinesis 1,GCST90421560,92e53357c47bcf63635e6f5b9c4ae969
X11592.1,11592-1,Q15717,ELAVL1,ELAV-like protein 1,GCST90421561,d29e9be319db1d39be33bf741bb47c65
X11593.21,11593-21,Q07325,CXCL9,C-X-C motif chemokine 9,GCST90421562,276b622aa261a184bef79e64720ca77e
X11596.47,11596-47,P51815,ZNF75D,Zinc finger protein 75D,GCST90421563,46e700f1ddf34ad708ebe0f9b1e9cfe0
X11601.26,11601-26,Q14562,DHX8,ATP-dependent RNA helicase DHX8,GCST90421564,13f7fd98a7f1416c4a9f77069119bbfb
X11602.12,11602-12,Q99829,CPNE1,Copine-1:Von Willebrand factor type A domain,GCST90421565,8967e59c9011661d8d66a4e0039802bb
X11606.22,11606-22,O75190,DNAJB6,DnaJ homolog subfamily B member 6,GCST90421566,c0708288a9618817a05f57b50b989d00
X11607.15,11607-15,O95696,BRD1,Bromodomain-containing protein 1,GCST90421567,3e56dfa3ef048b3c40d6c8ed79967c5f
X11608.5,11608-5,Q9GZQ8,MAP1LC3B,Microtubule-associated proteins 1A/1B light chain 3B,GCST90421568,7a6770e5a0206d4d1379dcdae2b135e5
X11614.29,11614-29,P84090,ERH,Enhancer of rudimentary homolog,GCST90421569,a32cd7ad554184f072a2eb83b63f549c
X11615.16,11615-16,Q9UN19,DAPP1,Dual adapter for phosphotyrosine and 3-phosphotyrosine and 3-phosphoinositide,GCST90421570,48736eeaad5c4d1fd6045ca4fb9ed733
X11616.9,11616-9,Q00613,HSF1,Heat shock factor protein 1,GCST90421571,d835c98c0712ff9741711a7c7b194437
X11617.1,11617-1,P20701,ITGAL,Integrin alpha-L,GCST90421572,3cfdee1c3ca19ebd6ffec0890412443b
X11618.83,11618-83,P10242,MYB,Transcriptional activator Myb,GCST90421573,65c3306421fecef35cb308ba08cb449a
X11626.7,11626-7,Q13404,UBE2V1,Ubiquitin-conjugating enzyme E2 variant 1,GCST90421574,446a4d2489996caa09dbd9a6a5fe1ae4
X11629.36,11629-36,Q9BUZ4,TRAF4,TNF receptor-associated factor 4,GCST90421575,7d927f147f23b0d3d51ac16ef2e9d28d
X11633.89,11633-89,O95433,AHSA1,Activator of 90 kDa heat shock protein ATPase homolog 1,GCST90421576,85a89f7d77d052098bf0aed4b839c116
X11634.32,11634-32,O43665,RGS10,Regulator of G-protein signaling 10,GCST90421577,c96db079918c981c4734d3dcc6c9dcab
X11636.33,11636-33,P37802,TAGLN2,Transgelin-2,GCST90421578,7b763170d5c03f2f5b8d5c51027e9392
X11638.42,11638-42,O43825,B3GALT2,"Beta-1,3-galactosyltransferase 2",GCST90421579,c5e038f1b3f8d4ed63ec902cf85ee373
X11643.73,11643-73,Q8TDB6,DTX3L,E3 ubiquitin-protein ligase DTX3L,GCST90421580,5cd3ca24b752d29b012866456a595105
X11645.9,11645-9,P13674,P4HA1,Prolyl 4-hydroxylase subunit alpha-1,GCST90421581,9000031aff5b92fcde2a610ffad81a01
X11646.4,11646-4,Q7L1S5,CHST9,Carbohydrate sulfotransferase 9,GCST90421582,91fe13fb300bc9ac5fabb34774e08e85
X11647.6,11647-6,Q9ULW2,FZD10,Frizzled-10:Cytoplasmic domain,GCST90421583,dc84dfe05287c3da5cbf8736bb72c9b0
X11649.3,11649-3,Q8IYB5,SMAP1,Stromal membrane-associated protein 1,GCST90421584,9585d834388d04dae5c26f11f31af448
X11651.24,11651-24,Q9UL18,AGO1,Protein argonaute-1,GCST90421585,c06b4ac4d877a0177417c414bcb656e4
X11653.69,11653-69,P48067,SLC6A9,Sodium- and chloride-dependent glycine transporter 1,GCST90421586,9516b6dbf363eca2850d6bbe1c3c9f38
X11654.77,11654-77,Q8IZ57,NRSN1,Neurensin-1,GCST90421587,a8694abf5b9ff8fded50f5c8830ee576
X11656.110,11656-110,Q9UI08,EVL,Ena/VASP-like protein,GCST90421588,4f4e121957e867426034ae4a3ca54557
X11657.86,11657-86,O14512,SOCS7,Suppressor of cytokine signaling 7,GCST90421589,96bcbcfe4555c0d12b6b29c0ae68e6a4
X11659.31,11659-31,Q14677,CLINT1,Clathrin interactor 1,GCST90421590,37dcb17853e223563fc0e372836bd89c
X11661.11,11661-11,Q9C000,NLRP1,"NACHT, LRR and PYD domains-containing protein 1",GCST90421591,03d5d42f6a0440d6bb28ae681fa3e932
X11664.32,11664-32,Q8N6H7,ARFGAP2,ADP-ribosylation factor GTPase-activating protein 2,GCST90421592,9da3c50e97132022d48c60d6e65faf8e
X11666.72,11666-72,P57771,RGS8,Regulator of G-protein signaling 8,GCST90421593,22546b75f6d184543a09612db4a48d77
X11667.29,11667-29,Q63HR2,TNS2,Tensin-2,GCST90421594,761279d8c147e0c96b6f158be088546f
X11669.39,11669-39,Q9H2Y9,SLCO5A1,Solute carrier organic anion transporter family member 5A1,GCST90421595,54dfc9ba7592f209d31df0d2dd1b996e
X11670.18,11670-18,Q96P66,GPR101,Probable G-protein coupled receptor 101,GCST90421596,0a87a5295927f50ea81885130cd441e9
X11671.19,11671-19,P55201,BRPF1,Peregrin,GCST90421597,873116fa3bf6d6ffc9f29fcb82ae3860
X11672.17,11672-17,Q96L93,KIF16B,Kinesin-like protein KIF16B,GCST90421598,f418da08974daf0f1a9b20b4fcbe36cd
X11677.17,11677-17,Q8IZN3,ZDHHC14,Probable palmitoyltransferase ZDHHC14,GCST90421599,d4425ccefa338cd9e5b9272ee8d631b6
X11678.105,11678-105,Q9UKL4,GJD2,Gap junction delta-2 protein,GCST90421600,b98b15df12bfdcb1a58276228be54fe5
X11681.8,11681-8,P52594,AGFG1,Arf-GAP domain and FG repeat-containing protein 1,GCST90421601,3748da65e52191c4f57a3f4cef0abee9
X11682.7,11682-7,Q9H3M7,TXNIP,Thioredoxin-interacting protein,GCST90421602,4287a05044e1fc77264d6a287fd56e29
X11683.19,11683-19,Q9NZ52,GGA3,ADP-ribosylation factor-binding protein GGA3,GCST90421603,94fe09ae3bf3418661044c62960deb31
X11690.47,11690-47,Q9UJX3,ANAPC7,Anaphase-promoting complex subunit 7,GCST90421604,b5ad5a3a0004b9d443e0f8dfa9f5c870
X11692.21,11692-21,Q6S5L8,SHC4,SHC-transforming protein 4,GCST90421605,bf69a00fa83e476473b930d4e21354ca
X11696.7,11696-7,P29373,CRABP2,Cellular retinoic acid-binding protein 2,GCST90421606,916c2cb3cc1e04cd22604a3d5e776970
X11699.16,11699-16,Q12974,PTP4A2,Protein tyrosine phosphatase type IVA 2,GCST90421607,860c3f9b6b979bb9d7d3ff2028c71eef
X11708.2,11708-2,P31025,LCN1,Lipocalin-1,GCST90421608,93ef572d56a9231d0a17617f5d4f5413
X11709.29,11709-29,Q92523,CPT1B,"Carnitine O-palmitoyltransferase 1, muscle isoform",GCST90421609,431644acd4c6e6f51763690b44984ac1
X11712.207,11712-207,Q9H3U1,UNC45A,Protein unc-45 homolog A,GCST90421610,63a2c7d96e6bfbb848d6bdd58827660b
X11715.1,11715-1,P14859,POU2F1,"POU domain, class 2, transcription factor 1",GCST90421611,579382ef703fefc40901a0e7c8451786
X11716.28,11716-28,A6NDA9,LRIT2,"Leucine-rich repeat, immunoglobulin-like domain and transmembrane domain-containing protein 2",GCST90421612,96a775cf4661668be02fe498d2401a9b
X11814.29,11814-29,P08581,MET,Hepatocyte growth factor receptor,GCST90421613,17101a20ebf48b0fae6d005a4a541ecf
X11816.84,11816-84,O60674,JAK2,Tyrosine-protein kinase JAK2,GCST90421614,52d02e41f75e329a217ba79286bdf160
X11817.1,11817-1,P23443,RPS6KB1,Ribosomal protein S6 kinase beta-1,GCST90421615,6549751ae83331f55a2558740f6d2fce
X11825.27,11825-27,Q9UBK2,PPARGC1A,Peroxisome proliferator-activated receptor gamma coactivator 1-alpha,GCST90421616,b36245aa89db51b5f36e8da786e8d216
X11827.7,11827-7,P51449,RORC,Nuclear receptor ROR-gamma,GCST90421617,02533c8984bf80b51137c39cbb31af31
X11830.48,11830-48,Q06124,PTPN11,Tyrosine-protein phosphatase non-receptor type 11,GCST90421618,03b9c68c298c2abe6d69937ebcc278df
X11833.83,11833-83,Q16595,FXN,"Frataxin, mitochondrial",GCST90421619,b7feed1423de13fa5ad1025f768a196d
X11836.144,11836-144,Q08345,DDR1,Epithelial discoidin domain-containing receptor 1,GCST90421620,6e4012d582e193403d78e0b37dcbee6c
X11837.7,11837-7,Q9Y5U5,TNFRSF18,Tumor necrosis factor receptor superfamily member 18,GCST90421621,eea48f639abc329e3973adb2d6f31514
X11838.130,11838-130,Q92508,PIEZO1,Piezo-type mechanosensitive ion channel component 1,GCST90421622,10de6286ff708e1105993a90e594712e
X11851.21,11851-21,Q9NZC2,TREM2,Triggering receptor expressed on myeloid cells 2,GCST90421623,75401ac9808d65eece98308947ec8f4b
X11872.9,11872-9,Q9Y5G3,PCDHGB1,Protocadherin gamma-B1,GCST90421624,2f4eebbf636225164eac578374cf808c
X11910.27,11910-27,Q92988,DLX4,Homeobox protein DLX-4,GCST90421625,071e6d643dad4a4eb8962650e7050f56
X11911.13,11911-13,Q9NT99,LRRC4B,Leucine-rich repeat-containing protein 4B:Cytoplasmic domain,GCST90421626,bcb746d9af74367ddc363790aaa1ad63
X11926.23,11926-23,Q6PD74,AAGAB,Alpha- and gamma-adaptin-binding protein p34,GCST90421627,07c76f14545964df21768d6bb109b63a
X11934.9,11934-9,Q68E01,INTS3,Integrator complex subunit 3,GCST90421628,7ccdaed5d36c9b561a21bbeaca0018a6
X11949.25,11949-25,P01133,EGF,Epidermal growth factor:Cytoplasmic domain,GCST90421629,0436f3908d1da95d465945cdb97329b0
X11952.1,11952-1,Q8IVU1,IGDCC3,Immunoglobulin superfamily DCC subclass member 3:Cytoplasmic domain,GCST90421630,63fc42c5cffd6fe5295ea65f6a8938ac
X11955.1,11955-1,Q07960,ARHGAP1,Rho GTPase-activating protein 1:Rho-GTPase activating protein domain,GCST90421631,c2cf7372f047c16afeba071cc1d3edcb
X11967.23,11967-23,P29762,CRABP1,Cellular retinoic acid-binding protein 1,GCST90421632,a7a913fe027a60a68a826bc9fd429ec4
X11969.5,11969-5,P29034,S100A2,Protein S100-A2,GCST90421633,becd3ccc9c04ed46b613619e641d8a86
X11988.24,11988-24,Q9HD43,PTPRH,Receptor-type tyrosine-protein phosphatase H,GCST90421634,a6f0d37f192dc8f13312b3a461883d10
X11989.35,11989-35,Q8N766,EMC1,ER membrane protein complex subunit 1,GCST90421635,26987c85d543c49ead6272ecee3f6e48
X12001.7,12001-7,Q07157,TJP1,Tight junction protein ZO-1,GCST90421636,ba82a17f58e876064bb3737bf9d33a2e
X12008.3,12008-3,P09564,CD7,T-cell antigen CD7,GCST90421637,9922be9361ace6438014cfa410efec53
X12014.19,12014-19,Q03393,PTS,6-pyruvoyl tetrahydrobiopterin synthase,GCST90421638,a304a8e8e9ed1de53754a95b11f68018
X12016.60,12016-60,P22681,CBL,E3 ubiquitin-protein ligase CBL,GCST90421639,5af965beefbb4d35cd34102346a3263c
X12018.84,12018-84,Q9H3S4,TPK1,Thiamin pyrophosphokinase 1,GCST90421640,e2d438b50ab9e022dc6a3456c1fd5d89
X12020.39,12020-39,P07738,BPGM,Bisphosphoglycerate mutase,GCST90421641,6e8c4b1d066d4cdfac99bb7789f9ec7c
X12022.12,12022-12,Q13485,SMAD4,Mothers against decapentaplegic homolog 4,GCST90421642,3ffe35021a3a6a2968742b0429918b3c
X12030.82,12030-82,P17661,DES,Desmin,GCST90421643,c81a481af1625e1b773d04b407dfe08b
X12033.3,12033-3,O43683,BUB1,Mitotic checkpoint serine/threonine-protein kinase BUB1,GCST90421644,e65837cc828cf0e1580e7a421b5a003b
X12046.51,12046-51,Q13148,TARDBP,TAR DNA-binding protein 43,GCST90421645,011f2d8a8d6acc2969282305fe057f28
X12077.32,12077-32,O14793,MSTN,Growth/differentiation factor 8,GCST90421646,011a6dccf502bad5b658d336df8a5bed
X12329.21,12329-21,Q15418,RPS6KA1,Ribosomal protein S6 kinase alpha-1,GCST90421647,42a46588e3fa642c9a65d79f27e98aec
X12332.7,12332-7,O00418,EEF2K,Eukaryotic elongation factor 2 kinase,GCST90421648,0ca0b09f695b223d8ad791ee4a49af50
X12333.87,12333-87,P49247,RPIA,Ribose-5-phosphate isomerase,GCST90421649,e8ad598c9ee5fea9949a3caf7260d509
X12334.25,12334-25,P34896,SHMT1,"Serine hydroxymethyltransferase, cytosolic",GCST90421650,5723c59e0131d74ab91f108560a4a11b
X12338.27,12338-27,Q63HQ2,EGFLAM,Pikachurin,GCST90421651,50f05730a82a43bceb70fa10d0adea08
X12340.17,12340-17,P49588,AARS1,"Alanine--tRNA ligase, cytoplasmic",GCST90421652,c418e009cf0695c5d46d53c9de4084e6
X12341.8,12341-8,Q16828,DUSP6,Dual specificity protein phosphatase 6,GCST90421653,99d0a06b673f891d577a778dcbcad793
X12343.14,12343-14,Q15057,ACAP2,"Arf-GAP with coiled-coil, ANK repeat and PH domain-containing protein 2",GCST90421654,a04713eee4beca9f3a572d61361e7b87
X12345.4,12345-4,Q9UM13,ANAPC10,Anaphase-promoting complex subunit 10,GCST90421655,5dabd59c80c04b371f834a6b2068033e
X12347.29,12347-29,Q9BSQ5,CCM2,Cerebral cavernous malformations 2 protein,GCST90421656,d6a1e4a5e1df5945e9f8f745067151dc
X12348.46,12348-46,Q9NP81,SARS2,"Serine--tRNA ligase, mitochondrial",GCST90421657,fbc3f7545b489aafcf5c8fcc2e516cf4
X12350.86,12350-86,P15036,ETS2,Protein C-ets-2,GCST90421658,138477ecf8f8ca89de3a7e2363ae4c6f
X12351.25,12351-25,P42224,STAT1,Signal transducer and activator of transcription 1-alpha/beta,GCST90421659,5217de14670308eadf79db30aabaebf9
X12352.70,12352-70,Q96B67,ARRDC3,Arrestin domain-containing protein 3,GCST90421660,663afa45caad92147fa09a4e654ea005
X12355.223,12355-223,Q96E11,MRRF,"Ribosome-recycling factor, mitochondrial",GCST90421661,d4a3b387d070efd93cf4341e986c8c7e
X12356.65,12356-65,P30626,SRI,Sorcin,GCST90421662,6322804f65c4973c18b25429b08d4710
X12357.41,12357-41,O95721,SNAP29,Synaptosomal-associated protein 29,GCST90421663,9b6fd4ecc38b0b5936cad45f546fbbc6
X12358.6,12358-6,P78318,IGBP1,Immunoglobulin-binding protein 1,GCST90421664,c01b008f4705616a4a173938ad92d96e
X12361.102,12361-102,P62070,RRAS2,Ras-related protein R-Ras2,GCST90421665,5ec39f757f464c007a08d4a8700e678f
X12363.70,12363-70,Q92519,TRIB2,Tribbles homolog 2,GCST90421666,5c7edd9954a990796af1d5370bba7e22
X12365.108,12365-108,Q9Y265,RUVBL1,RuvB-like 1,GCST90421667,00ba4a5cfcda486a25ab2cab199b6ba1
X12366.16,12366-16,P07320,CRYGD,Gamma-crystallin D,GCST90421668,7f60195fc75eb2ea1c02bbc1ea2ad9b9
X12367.52,12367-52,Q8N5G2,MACO1,Macoilin,GCST90421669,725167b7c07189590116b40fd1e73516
X12368.18,12368-18,Q92831,KAT2B,Histone acetyltransferase KAT2B,GCST90421670,5129a43793f148c33a480d97576c8e2b
X12370.30,12370-30,Q13790,APOF,Apolipoprotein F,GCST90421671,203bec490bcca6d2b39746934ec263a5
X12372.50,12372-50,P06753,TPM3,Tropomyosin alpha-3 chain,GCST90421672,dad108e61867c2ef22336b16fec952a8
X12373.73,12373-73,P62995,TRA2B,Transformer-2 protein homolog beta,GCST90421673,2b0846a4973846c4603aa1d096f188c8
X12374.8,12374-8,Q15102,PAFAH1B3,Platelet-activating factor acetylhydrolase IB subunit gamma,GCST90421674,92495121f8314a2278adf2944348e76d
X12376.85,12376-85,P55273,CDKN2D,Cyclin-dependent kinase 4 inhibitor D,GCST90421675,86b9697381e8b174b1a3b7a40630746d
X12378.71,12378-71,O15533,TAPBP,Tapasin,GCST90421676,3027315946d7a7378643038cd60b6334
X12381.26,12381-26,P16152,CBR1,Carbonyl reductase [NADPH] 1,GCST90421677,f5516707e6611ba2ec842eb864f37b46
X12382.2,12382-2,O95786,DDX58,Probable ATP-dependent RNA helicase DDX58,GCST90421678,5925e003985ea30a805ed1dadddd978d
X12384.92,12384-92,Q9H9Q2,COPS7B,COP9 signalosome complex subunit 7b,GCST90421679,ecc0848860354d732893316cc89743fb
X12385.4,12385-4,P20807,CAPN3,Calpain-3,GCST90421680,37858be2018f8097c9cb187a77582e69
X12386.11,12386-11,Q9H4A4,RNPEP,Aminopeptidase B,GCST90421681,df43d603a8a89225d80efff3e038e9e6
X12387.7,12387-7,P50479,PDLIM4,PDZ and LIM domain protein 4,GCST90421682,24e3cad52c1ac708982b19d04fe8de55
X12389.4,12389-4,Q9Y5N6,ORC6,Origin recognition complex subunit 6,GCST90421683,14d71f30e262561f903774c68c2d9967
X12391.27,12391-27,Q9H5P4,PDZD7,PDZ domain-containing protein 7,GCST90421684,c0fe51394a0a9de4d3530ca1431fa737
X12392.30,12392-30,P40616,ARL1,ADP-ribosylation factor-like protein 1,GCST90421685,d1449b6fcd4e34885e5bdf6548022d5c
X12394.53,12394-53,Q6UWD8,C16orf54,Transmembrane protein C16orf54,GCST90421686,3f3b1e8e03c7db99a2ed6a5f72ce50db
X12395.86,12395-86,Q6PI48,DARS2,"Aspartate--tRNA ligase, mitochondrial",GCST90421687,6c41bf40409bf036e73b40e7f969e2d6
X12396.19,12396-19,Q6NVY1,HIBCH,"3-hydroxyisobutyryl-CoA hydrolase, mitochondrial",GCST90421688,380ee70e1a119ba944faa3ebe9528583
X12398.15,12398-15,O43316,PAX4,Paired box protein Pax-4,GCST90421689,67e41bd0558da1f896e356104b54399d
X12399.194,12399-194,Q8IVM0,CCDC50,Coiled-coil domain-containing protein 50,GCST90421690,16c2631a80a400a72e10b96d1456a0d0
X12400.25,12400-25,Q9NPD8,UBE2T,Ubiquitin-conjugating enzyme E2 T,GCST90421691,c2e2643c1db55dfdfa545d12c546b5d9
X12401.3,12401-3,Q96FJ0,STAMBPL1,AMSH-like protease,GCST90421692,92b0648beb721a600c72bceedb7e8714
X12403.30,12403-30,Q96DA2,RAB39B,Ras-related protein Rab-39B,GCST90421693,69b9248513494e8ae4f3ae4b4f656ea3
X12406.119,12406-119,O95661,DIRAS3,GTP-binding protein Di-Ras3,GCST90421694,1ddb2b270972a9f7558aecd2cc67ab55
X12408.333,12408-333,Q9UL26,RAB22A,Ras-related protein Rab-22A,GCST90421695,0ef316fbc653c87da8f551968ced1095
X12409.90,12409-90,Q96AH8,RAB7B,Ras-related protein Rab-7b,GCST90421696,e653cae3c98a472dd484bb64b46abda1
X12411.60,12411-60,P61244,MAX,Protein max,GCST90421697,c6b3597036062db9d3aa70f24bddfae0
X12414.31,12414-31,P31946,YWHAB,14-3-3 protein beta/alpha,GCST90421698,ac32857d7ec40ae1fbc1cd4b1d516f96
X12415.122,12415-122,O60869,EDF1,Endothelial differentiation-related factor 1,GCST90421699,7c308fb91cb9f489a7b194a4ca587054
X12417.46,12417-46,Q9Y3C4,TPRKB,EKC/KEOPS complex subunit TPRKB,GCST90421700,2efbdf460cfc36a486ee034738df49ab
X12422.143,12422-143,O15296,ALOX15B,Arachidonate 15-lipoxygenase B,GCST90421701,74b9e83574ebe6aaef8c1ebed3f6c482
X12423.38,12423-38,Q9NQ94,A1CF,APOBEC1 complementation factor,GCST90421702,00ae03cf2ae3d917e5413602645fecb6
X12424.107,12424-107,Q9P016,THYN1,Thymocyte nuclear protein 1,GCST90421703,01409e390d1a5b1f91bf21497a09ceb9
X12425.104,12425-104,P62330,ARF6,ADP-ribosylation factor 6,GCST90421704,3012e2149112164b89f9699ae503676c
X12426.19,12426-19,Q9H8S9,MOB1A,MOB kinase activator 1A,GCST90421705,8a095db2564e689b732e0dbbd103ed2b
X12427.8,12427-8,P30305,CDC25B,M-phase inducer phosphatase 2,GCST90421706,1ea6448b7647b0b67be3fb43f5513165
X12428.2,12428-2,Q5VWZ2,LYPLAL1,Lysophospholipase-like protein 1,GCST90421707,51dd8e562dad003a0556605451642697
X12430.78,12430-78,Q9H074,PAIP1,Polyadenylate-binding protein-interacting protein 1,GCST90421708,4c9051b6d4411b3b9686c5a8f8c17dcd
X12431.13,12431-13,Q9BRX2,PELO,Protein pelota homolog,GCST90421709,55bcad095e2a6a8c1a4393b7b6c5a42d
X12432.23,12432-23,Q9HB71,CACYBP,Calcyclin-binding protein,GCST90421710,1114ba3e83fe785d7a5e86b4c396a4ad
X12433.8,12433-8,Q969Q4,ARL11,ADP-ribosylation factor-like protein 11,GCST90421711,f9242b1424dc47a90ddc413723e6c9d4
X12434.25,12434-25,P53990,IST1,IST1 homolog,GCST90421712,9791bae293b39204fe9162205ee7ae73
X12437.18,12437-18,Q6PHR2,ULK3,Serine/threonine-protein kinase ULK3,GCST90421713,73f203bfcd4fbf297656c951bb2a5aac
X12438.127,12438-127,P29372,MPG,DNA-3-methyladenine glycosylase,GCST90421714,d6aa0aabb8b78cfa1d6e5d06b81d4510
X12439.67,12439-67,Q00978,IRF9,Interferon regulatory factor 9,GCST90421715,8b150ede9cec1e5d9a8577fbe7497f9f
X12442.4,12442-4,O00212,RHOD,Rho-related GTP-binding protein RhoD,GCST90421716,597b43ad5dd44bd987659b707ad310e2
X12444.39,12444-39,O00482,NR5A2,Nuclear receptor subfamily 5 group A member 2,GCST90421717,9505ddf368b947762569e5095218ecb9
X12445.50,12445-50,Q96NW4,ANKRD27,Ankyrin repeat domain-containing protein 27,GCST90421718,ebc08b83035c262e2031b6f7cdfab3bc
X12446.49,12446-49,P08263,GSTA1,Glutathione S-transferase A1,GCST90421719,4c41c56aa410d5bb99fb021015ab52a4
X12448.246,12448-246,P30419,NMT1,Glycylpeptide N-tetradecanoyltransferase 1,GCST90421720,e1f83547a4179efab7c3d33c7d68c812
X12449.16,12449-16,O43447,PPIH,Peptidyl-prolyl cis-trans isomerase H,GCST90421721,b021f06f389c951a5ad401289d077a38
X12450.42,12450-42,Q15126,PMVK,Phosphomevalonate kinase,GCST90421722,23bb9696e8f9c42a910ce3b4ebf1da67
X12451.62,12451-62,O14867,BACH1,Transcription regulator protein BACH1,GCST90421723,1116714b9824e6045f92f78dca09ba58
X12452.32,12452-32,Q86Y97,KMT5C,Histone-lysine N-methyltransferase SUV420H2,GCST90421724,7a2c482247e1f92bac6005214e8d0af8
X12453.161,12453-161,Q9UBU9,NXF1,Nuclear RNA export factor 1,GCST90421725,598b2b28985b07a85b0542b5986449d6
X12454.105,12454-105,Q9BV86,NTMT1,N-terminal Xaa-Pro-Lys N-methyltransferase 1,GCST90421726,7b1a3e817ee592d372f0ac527b3b1243
X12455.48,12455-48,Q9NPC7,MYNN,Myoneurin,GCST90421727,029b9c6b80111e382f03fb6f4e83cd7f
X12456.5,12456-5,Q16875,PFKFB3,"6-phosphofructo-2-kinase/fructose-2,6-bisphosphatase 3",GCST90421728,2a2958fa57c4616d85d093188a29735f
X12457.10,12457-10,Q9BV57,ADI1,"1,2-dihydroxy-3-keto-5-methylthiopentene dioxygenase",GCST90421729,4731c3969f4a91a4b7865fd5eb6540e5
X12458.79,12458-79,Q99653,CHP1,Calcineurin B homologous protein 1,GCST90421730,b56ce224f840feb449488190cde6d385
X12459.13,12459-13,Q9HB21,PLEKHA1,Pleckstrin homology domain-containing family A member 1,GCST90421731,2749a34408936d57275cd672a68bfab3
X12460.18,12460-18,O14818,PSMA7,Proteasome subunit alpha type-7,GCST90421732,12ca554d7dfc068390d28f0bcd0a5064
X12461.8,12461-8,Q9NXA8,SIRT5,"NAD-dependent protein deacylase sirtuin-5, mitochondrial",GCST90421733,256c877851847fcd07f945093cde13c9
X12462.20,12462-20,Q53H47,SETMAR,Histone-lysine N-methyltransferase SETMAR,GCST90421734,31c17dabbde7f0574762417adcee6390
X12463.7,12463-7,Q9P2N7,KLHL13,Kelch-like protein 13,GCST90421735,6d37fd826df4fcf7e9b0bd00234c2b13
X12466.7,12466-7,P09651,HNRNPA1,Heterogeneous nuclear ribonucleoprotein A1,GCST90421736,15e574877698f8570061c07690cb49a5
X12469.19,12469-19,Q15691,MAPRE1,Microtubule-associated protein RP/EB family member 1,GCST90421737,5ea47f33482b140fc73c0b3a0032d82d
X12471.47,12471-47,O95793,STAU1,Double-stranded RNA-binding protein Staufen homolog 1,GCST90421738,137c95f6d00757fc1acb6b8dc52eaf5c
X12473.48,12473-48,Q9NXV2,KCTD5,BTB/POZ domain-containing protein KCTD5,GCST90421739,918e0bca445d4ceda1fc73630e6fea83
X12475.48,12475-48,Q9NZA1,CLIC5,Chloride intracellular channel protein 5,GCST90421740,3a220a70c5ea98b5bf1ba3bd29521845
X12476.50,12476-50,Q9NQ88,TIGAR,"Fructose-2,6-bisphosphatase TIGAR",GCST90421741,1d89b758ed999d38d9601e4b03563fa8
X12477.42,12477-42,Q15631,TSN,Translin,GCST90421742,c6881b7ced8818e0ad3ee3fdcc68456f
X12478.15,12478-15,P62888,RPL30,60S ribosomal protein L30,GCST90421743,76014c4db48172493d4f2fbcd7ea731c
X12479.50,12479-50,P31321,PRKAR1B,cAMP-dependent protein kinase type I-beta regulatory subunit,GCST90421744,2dffee8fd0540f9ec8b548bddae90be4
X12482.5,12482-5,Q12830,BPTF,Nucleosome-remodeling factor subunit BPTF,GCST90421745,f63fffef4f3681d944b04c097c03f13d
X12483.62,12483-62,Q92753,RORB,Nuclear receptor ROR-beta,GCST90421746,4400ab63b45793cac95e7e23f4af11bb
X12484.67,12484-67,P48739,PITPNB,Phosphatidylinositol transfer protein beta isoform,GCST90421747,fcdacfe8798f346ca8a210e9015b5130
X12486.8,12486-8,Q9NS18,GLRX2,"Glutaredoxin-2, mitochondrial",GCST90421748,7efb9221f0d94ca74454444fff7b71fd
X12488.9,12488-9,Q9ULC4,MCTS1,Malignant T-cell-amplified sequence 1,GCST90421749,72c27b457d6b5401964dfc229a326c79
X12490.92,12490-92,Q9UHA4,LAMTOR3,Ragulator complex protein LAMTOR3,GCST90421750,f914b2dd49df666137d1e85a1a34a835
X12491.23,12491-23,Q9Y696,CLIC4,Chloride intracellular channel protein 4,GCST90421751,bda59c0529f5b1d30ad97a605c945068
X12493.42,12493-42,Q96DC9,OTUB2,Ubiquitin thioesterase OTUB2,GCST90421752,036d1dd3c601ae5f713dcdf8c5632d62
X12494.99,12494-99,P60520,GABARAPL2,Gamma-aminobutyric acid receptor-associated protein-like 2,GCST90421753,8b39df931134eb218f4e0a60dd36a4d4
X12497.29,12497-29,Q9BRJ7,NUDT16L1,Tudor-interacting repair regulator protein,GCST90421754,90b538334722d856f84d7ccf69719139
X12498.12,12498-12,O14907,TAX1BP3,Tax1-binding protein 3,GCST90421755,0327fa48358d2bd7420d5f4458aa720f
X12499.108,12499-108,Q99962,SH3GL2,Endophilin-A1,GCST90421756,2c01070997e14abe325e3d10dc0379e4
X12501.10,12501-10,O75347,TBCA,Tubulin-specific chaperone A,GCST90421757,3d518c4e866547689015c9bf81f5fe32
X12503.5,12503-5,Q15743,GPR68,Ovarian cancer G-protein coupled receptor 1,GCST90421758,7a02bd58db0af761a1f90af9db5607c8
X12504.26,12504-26,P29536,LMOD1,Leiomodin-1,GCST90421759,4c522d9d3003cef9b9313a5203d0f7c5
X12507.16,12507-16,Q96DU7,ITPKC,Inositol-trisphosphate 3-kinase C,GCST90421760,0b15c5c0636a1b97b4c75646d05dca90
X12508.9,12508-9,Q9Y3E7,CHMP3,Charged multivesicular body protein 3,GCST90421761,109b81dc11d8024494d094334037ef8e
X12509.115,12509-115,Q8N668,COMMD1,COMM domain-containing protein 1,GCST90421762,25de1113ce7350db07421044814ceb43
X12510.3,12510-3,Q9ULZ2,STAP1,Signal-transducing adaptor protein 1,GCST90421763,c62098ae1e64ce494dd3136bb658ad7e
X12511.83,12511-83,Q96JW4,SLC41A2,Solute carrier family 41 member 2,GCST90421764,4a31aa003556637e769b5ba325db603c
X12513.8,12513-8,Q9NZD2,GLTP,Glycolipid transfer protein,GCST90421765,baacc4d8946e09eda192f9b6f1d22494
X12514.16,12514-16,Q9UBP6,METTL1,tRNA (guanine-N(7)-)-methyltransferase,GCST90421766,578fd7bd6af577ab902437b6e6866006
X12515.45,12515-45,Q9BZX2,UCK2,Uridine-cytidine kinase 2,GCST90421767,b519edca5286fa2e74a5a469177e798f
X12516.13,12516-13,Q15561,TEAD4,Transcriptional enhancer factor TEF-3,GCST90421768,605ce3a76f4420fc06ad1aae0fbe1944
X12517.52,12517-52,O14737,PDCD5,Programmed cell death protein 5,GCST90421769,2c98c264f2d7dfa926678b125a3cc0e9
X12518.289,12518-289,Q86U86,PBRM1,Protein polybromo-1,GCST90421770,406224b5f140435ae8419a28f7e763ce
X12521.3,12521-3,P42773,CDKN2C,Cyclin-dependent kinase 4 inhibitor C,GCST90421771,d4823b409426e7e22b3494513876832e
X12522.6,12522-6,P54727,RAD23B,UV excision repair protein RAD23 homolog B,GCST90421772,046d46a86b6bff0bb1e3dc6dc2927b3b
X12524.18,12524-18,Q96F10,SAT2,Diamine acetyltransferase 2,GCST90421773,49c7e2605e04d6a8d37c6ce8051a54ae
X12527.50,12527-50,P10827,THRA,Thyroid hormone receptor alpha,GCST90421774,932253d2a2096b24f38426e30aae9373
X12528.40,12528-40,Q96S55,WRNIP1,ATPase WRNIP1,GCST90421775,bb7f5b7d621247d26702e1dcc53278ff
X12530.14,12530-14,P61024,CKS1B,Cyclin-dependent kinases regulatory subunit 1,GCST90421776,9f27104b4dc1be85befff30df74a0d5d
X12531.5,12531-5,B6SEH8,ERVV-1,Endogenous retrovirus group V member 1 Env polyprotein,GCST90421777,e1ebe7a62d505871247fdf5071dc9b85
X12532.28,12532-28,P49427,CDC34,Ubiquitin-conjugating enzyme E2 R1,GCST90421778,613e4ea1567a0e59084fd6ddb72a0c0b
X12533.135,12533-135,Q99418,CYTH2,Cytohesin-2,GCST90421779,e6a9cb2fcefd3f52b83a880453e7950e
X12534.10,12534-10,Q13137,CALCOCO2,Calcium-binding and coiled-coil domain-containing protein 2,GCST90421780,6a752fbfaec3491ffc62d4c50df9ccb4
X12535.2,12535-2,P18887,XRCC1,DNA repair protein XRCC1,GCST90421781,537ab36bc9e8c1940e47f1380fcf9569
X12536.46,12536-46,Q9Y217,MTMR6,Myotubularin-related protein 6,GCST90421782,927880a545592d94be8bb5799132ed77
X12537.88,12537-88,Q00577,PURA,Transcriptional activator protein Pur-alpha,GCST90421783,873e4749c3360fe3014c4336aa974ff7
X12538.19,12538-19,P49802,RGS7,Regulator of G-protein signaling 7,GCST90421784,e650499be1941580ff2ac4d2ecd40c5c
X12540.25,12540-25,P84095,RHOG,Rho-related GTP-binding protein RhoG,GCST90421785,f4a5ff1fbd932b4228d49b229394db91
X12543.76,12543-76,Q96MR9,ZNF560,Zinc finger protein 560,GCST90421786,a820ebea292256097dc43ac900e184bd
X12546.1,12546-1,P53814,SMTN,Smoothelin,GCST90421787,af70c4a72fbac04a3901e8714b33031c
X12548.75,12548-75,Q9HB90,RRAGC,Ras-related GTP-binding protein C,GCST90421788,6da89adce0584d80892306ef8f159ffc
X12549.33,12549-33,O60760,HPGDS,Hematopoietic prostaglandin D synthase,GCST90421789,ede807865949580b85a66167dda2a45d
X12551.3,12551-3,Q96J02,ITCH,E3 ubiquitin-protein ligase Itchy homolog,GCST90421790,ed4c06149c1b2d0bf0c68600a5908851
X12553.5,12553-5,Q99986,VRK1,Serine/threonine-protein kinase VRK1,GCST90421791,3469fcbe219f1068d6ea74cda8c55506
X12554.10,12554-10,O75771,RAD51D,DNA repair protein RAD51 homolog 4,GCST90421792,f6879cd566b7b9dc29b8d14aeceb9aba
X12556.7,12556-7,O00762,UBE2C,Ubiquitin-conjugating enzyme E2 C,GCST90421793,2f8779b4e0d8c8b1275e56b835e4e22a
X12557.18,12557-18,P51513,NOVA1,RNA-binding protein Nova-1,GCST90421794,44cbe66a629a9806441986205eb2bd4b
X12558.3,12558-3,Q8TF42,UBASH3B,Ubiquitin-associated and SH3 domain-containing protein B,GCST90421795,6cc02bf645413409aa3d9c2899e07d4d
X12560.9,12560-9,Q8TCD5,NT5C,"5'(3')-deoxyribonucleotidase, cytosolic type",GCST90421796,6160e03ebec326bb358ad7e3693b2d6f
X12562.1,12562-1,Q16512,PKN1,Serine/threonine-protein kinase N1,GCST90421797,7ceb7437be1f2af42678e9018839cc36
X12563.2,12563-2,O95379,TNFAIP8,Tumor necrosis factor alpha-induced protein 8,GCST90421798,b59a1a776e16d997bfb60fc03592c4c1
X12564.9,12564-9,Q9Y221,NIP7,60S ribosome subunit biogenesis protein NIP7 homolog,GCST90421799,fd46dcfc4a9b6ba5e85e26bed8a9962b
X12568.14,12568-14,Q14145,KEAP1,Kelch-like ECH-associated protein 1,GCST90421800,2ba82512d30be4387a6ad2bb3b9bec93
X12569.25,12569-25,P48643,CCT5,T-complex protein 1 subunit epsilon,GCST90421801,8113b38d4c59413e2c5956bc4f72a328
X12571.14,12571-14,P36405,ARL3,ADP-ribosylation factor-like protein 3,GCST90421802,c76ba44325bed4b92c49ca0b567c1e6d
X12572.236,12572-236,O43281,EFS,Embryonal Fyn-associated substrate,GCST90421803,ead07638a935f80d6e4ba3617700d069
X12573.80,12573-80,O75382,TRIM3,Tripartite motif-containing protein 3,GCST90421804,ff46aeca5de1864aa200d30d4b6473d0
X12575.30,12575-30,P11586,MTHFD1,"C-1-tetrahydrofolate synthase, cytoplasmic",GCST90421805,a679b43649f064b57bab419d76c235e4
X12576.21,12576-21,P43357,MAGEA3,Melanoma-associated antigen 3,GCST90421806,8657b86182f958bed9c4c1dd5505bfc5
X12577.100,12577-100,P39748,FEN1,Flap endonuclease 1,GCST90421807,db9edf6252339c89eca0cab39809bc31
X12578.13,12578-13,P61204,ARF3,ADP-ribosylation factor 3,GCST90421808,ce9f1aa9dc8f8bf68ae586627516756d
X12580.7,12580-7,P28074,PSMB5,Proteasome subunit beta type-5,GCST90421809,cfd43553b9610672116776545f079ba6
X12581.39,12581-39,O14732,IMPA2,Inositol monophosphatase 2,GCST90421810,9804d344ca30b8df30188f49bb49add5
X12583.77,12583-77,P10398,ARAF,Serine/threonine-protein kinase A-Raf,GCST90421811,c12b07048de1b2f45e08bfb52cd19a17
X12585.39,12585-39,P07992,ERCC1,DNA excision repair protein ERCC-1,GCST90421812,bbacb38a6932268c7b7129a7c2c35dba
X12587.65,12587-65,P36404,ARL2,ADP-ribosylation factor-like protein 2,GCST90421813,b79927dadee0992b91aa5e9e099c1ed7
X12591.27,12591-27,O60890,OPHN1,Oligophrenin-1,GCST90421814,5cf2712398746280568f6e52a631d00e
X12593.33,12593-33,Q9NUG6,PDRG1,p53 and DNA damage-regulated protein 1,GCST90421815,a4f61323870e780c840793834235989a
X12594.5,12594-5,P28676,GCA,Grancalcin,GCST90421816,c71e08e3f0a57657aa9496012f97b7cb
X12595.11,12595-11,P28289,TMOD1,Tropomodulin-1,GCST90421817,9465d22849e9aaa759ddc0b1b9132598
X12597.68,12597-68,Q9H1Y0,ATG5,Autophagy protein 5,GCST90421818,b00b3c43c8952f04c3d4103b7798e4be
X12599.10,12599-10,Q86UX7,FERMT3,Fermitin family homolog 3,GCST90421819,0a804b69894edb7cdde4c68082d44582
X12603.87,12603-87,Q13310,PABPC4,Polyadenylate-binding protein 4,GCST90421820,e1d5b9b45427d9efe050a12343221918
X12604.16,12604-16,Q96GD3,SCMH1,Polycomb protein SCMH1,GCST90421821,b2c8a417f79a753d5994791265865936
X12605.1,12605-1,Q9NQT5,EXOSC3,Exosome complex component RRP40,GCST90421822,0d8ce6c937aa52fdb0f24020a2758e95
X12612.37,12612-37,P20618,PSMB1,Proteasome subunit beta type-1,GCST90421823,b665ad2e34a0a18cbfe68338df921024
X12616.45,12616-45,Q9UHY1,NRBP1,Nuclear receptor-binding protein,GCST90421824,8b786c04adbd0fd8b81c56d6677b9dbd
X12618.50,12618-50,Q04828,AKR1C1,Aldo-keto reductase family 1 member C1,GCST90421825,1dc2879974e3196d4cb52acbae41fb4c
X12619.14,12619-14,P35813,PPM1A,Protein phosphatase 1A,GCST90421826,af2084687f07e7d86185a776daae0c42
X12620.3,12620-3,Q9NVA2,SEPTIN11,Septin-11,GCST90421827,2759ae3b77935704ac46e0ff18bace24
X12621.55,12621-55,P30153,PPP2R1A,Serine/threonine-protein phosphatase 2A 65 kDa regulatory subunit A alpha isoform,GCST90421828,683e32f48cef18d1a38ac8c2b0a6eea6
X12622.96,12622-96,Q9NR48,ASH1L,Histone-lysine N-methyltransferase ASH1L,GCST90421829,dfd236934f85ec908073cf60391f4ab6
X12623.84,12623-84,Q92833,JARID2,Protein Jumonji,GCST90421830,8bc4f5689ada13a7064b0ae1dee7632d
X12625.138,12625-138,Q8IXQ5,KLHL7,Kelch-like protein 7,GCST90421831,723d7bbd76c5c910ad8e22a864723224
X12626.6,12626-6,Q9BQF6,SENP7,Sentrin-specific protease 7,GCST90421832,aa3fb1bf07cf793695a78dcb763a0089
X12627.97,12627-97,O95352,ATG7,Ubiquitin-like modifier-activating enzyme ATG7,GCST90421833,9bcb4385451eac9fa7230dd76151fd72
X12628.31,12628-31,Q9NS86,LANCL2,LanC-like protein 2,GCST90421834,a4e394548a204363e554a82d2af528a4
X12630.8,12630-8,P53365,ARFIP2,Arfaptin-2,GCST90421835,88f25ce81649a3ff9a54371e0ceeb86b
X12632.14,12632-14,P18440,NAT1,Arylamine N-acetyltransferase 1,GCST90421836,ef2b00adf2bf920393b8b34692f3879d
X12633.3,12633-3,P43378,PTPN9,Tyrosine-protein phosphatase non-receptor type 9,GCST90421837,c999a6dfbf8c8b575e8c1d0ce68fc2f5
X12634.79,12634-79,O75815,BCAR3,Breast cancer anti-estrogen resistance protein 3:Guanine Nucleotide Exchange Factor Domain,GCST90421838,69abcd852b6f88abc0592448d5efb105
X12635.9,12635-9,O14717,TRDMT1,tRNA (cytosine(38)-C(5))-methyltransferase,GCST90421839,d47bb1c7937945a741fe9b1592a93c70
X12636.113,12636-113,Q9NRG4,SMYD2,N-lysine methyltransferase SMYD2,GCST90421840,c3656dd2c1d81976ce947816aa6749a2
X12637.7,12637-7,P43155,CRAT,Carnitine O-acetyltransferase,GCST90421841,a18adb52b0fe9b774059c4dfb11f2674
X12641.3,12641-3,P32019,INPP5B,"Type II inositol 1,4,5-trisphosphate 5-phosphatase",GCST90421842,ab6137ccfec98ee0dd6c6e35e0d6f9e9
X12643.4,12643-4,P49407,ARRB1,Beta-arrestin-1,GCST90421843,69cecbbb12e61e922a2758c6001f6337
X12644.63,12644-63,P30520,ADSS2,Adenylosuccinate synthetase isozyme 2,GCST90421844,2095e919c8f6739a3ada55768ccc1328
X12646.2,12646-2,Q96AT9,RPE,Ribulose-phosphate 3-epimerase,GCST90421845,ec5c9353bc364a561955919c8f772246
X12647.52,12647-52,Q9BYW2,SETD2,Histone-lysine N-methyltransferase SETD2,GCST90421846,c192d69c32cf5dd17a90181975c92947
X12649.80,12649-80,P40926,MDH2,"Malate dehydrogenase, mitochondrial",GCST90421847,fd2be2f683459c897750a19254090964
X12650.43,12650-43,P08754,GNAI3,Guanine nucleotide-binding protein G(k) subunit alpha,GCST90421848,fd0e9ecbe5ac61742696f2d1653e8d26
X12651.21,12651-21,Q15119,PDK2,"[Pyruvate dehydrogenase (acetyl-transferring)] kinase isozyme 2, mitochondrial",GCST90421849,f05ee6193ced8caa50b8b24f53a6fd3b
X12652.37,12652-37,O43865,AHCYL1,Adenosylhomocysteinase 2,GCST90421850,44e4e65be6794a82604e368528dcf0f3
X12653.13,12653-13,P78368,CSNK1G2,Casein kinase I isoform gamma-2,GCST90421851,55406e8791f47b2d72a52de582590421
X12655.30,12655-30,Q9H115,NAPB,Beta-soluble NSF attachment protein,GCST90421852,18a94bb0d8c8329b55349a46c5178300
X12656.1,12656-1,Q07866,KLC1,Kinesin light chain 1,GCST90421853,371956be5949c14cfe7d71caddcab069
X12657.2,12657-2,Q13630,TSTA3,GDP-L-fucose synthase,GCST90421854,a647da5dcf755e013f4e6d78eb64d240
X12658.72,12658-72,Q9H999,PANK3,Pantothenate kinase 3,GCST90421855,ad5ad9dfa689894b352bdf35f574da8a
X12659.13,12659-13,Q9NTK5,OLA1,Obg-like ATPase 1,GCST90421856,706cb55e9b0bd802dd58b6c8f91493cc
X12661.44,12661-44,Q9H0R8,GABARAPL1,Gamma-aminobutyric acid receptor-associated protein-like 1,GCST90421857,b094cdc5e3f6392e9309c5fb7db5a09a
X12662.82,12662-82,Q13011,ECH1,"Delta(3,5)-Delta(2,4)-dienoyl-CoA isomerase, mitochondrial",GCST90421858,59d26833c80e48e823f8f683d35a9bd9
X12663.1,12663-1,Q16762,TST,Thiosulfate sulfurtransferase,GCST90421859,e150b2feb104d90b29927ac8c04ed9c2
X12664.19,12664-19,Q12923,PTPN13,Tyrosine-protein phosphatase non-receptor type 13,GCST90421860,ed7b1d8b20c2553a7905560c09618c78
X12665.16,12665-16,Q12905,ILF2,Interleukin enhancer-binding factor 2,GCST90421861,d582fe93694ec73b1629e5f7a84fc062
X12667.2,12667-2,Q9Y2T3,GDA,Guanine deaminase,GCST90421862,d607bb4c6801306354efe3cc5445d5bd
X12668.7,12668-7,O75351,VPS4B,Vacuolar protein sorting-associated protein 4B,GCST90421863,0396c0eeb1167d9a635d79449deede32
X12669.30,12669-30,Q76N89,HECW1,E3 ubiquitin-protein ligase HECW1,GCST90421864,64df22148455b9e5f1ca57d4abb9d720
X12670.15,12670-15,O60671,RAD1,Cell cycle checkpoint protein RAD1,GCST90421865,d563b586d30aa70329513bd9bbe96300
X12671.35,12671-35,O43704,SULT1B1,Sulfotransferase family cytosolic 1B member 1,GCST90421866,feb80e467ee82cf7bfbd4378de6f806c
X12675.14,12675-14,P14868,DARS1,"Aspartate--tRNA ligase, cytoplasmic",GCST90421867,7fb088e583d971097b890ca716f60b1f
X12676.1,12676-1,Q9BY11,PACSIN1,Protein kinase C and casein kinase substrate in neurons protein 1,GCST90421868,f6e26284c117341128b061905979bd14
X12677.164,12677-164,Q13045,FLII,Protein flightless-1 homolog,GCST90421869,d4e84a6c38b81d689b8d3500b30a83ad
X12678.66,12678-66,P09012,SNRPA,U1 small nuclear ribonucleoprotein A,GCST90421870,08cf3d94e73bcb6984acc6af301318f3
X12681.63,12681-63,Q9UK80,USP21,Ubiquitin carboxyl-terminal hydrolase 21,GCST90421871,0af8558afd075e0d672825b39632baa8
X12682.5,12682-5,Q6YP21,KYAT3,Kynurenine--oxoglutarate transaminase 3,GCST90421872,69098655928e211945407579948be0dd
X12683.156,12683-156,Q9BPU6,DPYSL5,Dihydropyrimidinase-related protein 5,GCST90421873,542ea79d483f8169afb604e05372a950
X12684.5,12684-5,Q9Y6U3,SCIN,Adseverin,GCST90421874,c3e250206ff472c4a7c6be98f2d9d17c
X12685.57,12685-57,Q9NSB8,HOMER2,Homer protein homolog 2,GCST90421875,9c3888484d52060374ecd43c371b2fe4
X12686.15,12686-15,P25325,MPST,3-mercaptopyruvate sulfurtransferase,GCST90421876,b95e35be1f3e31f4a343e19f59333caf
X12687.2,12687-2,Q16698,DECR1,"2,4-dienoyl-CoA reductase, mitochondrial",GCST90421877,c36bfe3bd11d9fc9ec952c4e0cabd9a8
X12688.115,12688-115,Q9UK32,RPS6KA6,Ribosomal protein S6 kinase alpha-6,GCST90421878,8390847ceaee902e02e78d57869ec823
X12689.56,12689-56,O15143,ARPC1B,Actin-related protein 2/3 complex subunit 1B,GCST90421879,e5cd4476c574d9dc01f8f2be130247e7
X12690.33,12690-33,Q9P0V9,SEPTIN10,Septin-10,GCST90421880,4eb7ab2acbcb22b619f1c77f4e82f64d
X12691.44,12691-44,P34897,SHMT2,"Serine hydroxymethyltransferase, mitochondrial",GCST90421881,89ea5b0fc30aeeb83d73d5d1ff637665
X12692.56,12692-56,Q8TEK3,DOT1L,"Histone-lysine N-methyltransferase, H3 lysine-79 specific",GCST90421882,10ebbb30fdae0a92879acffc70da76f7
X12694.28,12694-28,Q9UNQ2,DIMT1,Probable dimethyladenosine transferase,GCST90421883,69394508c19f454f5c055bc64614ae63
X12695.62,12695-62,Q53G59,KLHL12,Kelch-like protein 12,GCST90421884,213502b7710cc6a2fa57230e67897150
X12696.166,12696-166,O60678,PRMT3,Protein arginine N-methyltransferase 3,GCST90421885,285be239c28523b5a371249b183fecca
X12697.30,12697-30,P48426,PIP4K2A,Phosphatidylinositol 5-phosphate 4-kinase type-2 alpha,GCST90421886,a2499fd6d9b5ff7f63b74af94eb33e11
X12698.72,12698-72,O00629,KPNA4,Importin subunit alpha-3,GCST90421887,a07f480a434a77c380200fdc7eb933df
X12699.28,12699-28,P50990,CCT8,T-complex protein 1 subunit theta,GCST90421888,abcda30ca2f096ef9620490e29cc3c95
X12700.9,12700-9,P53396,ACLY,ATP-citrate synthase,GCST90421889,1cec27e8e590af1ad5c9416fa1cebc89
X12701.1,12701-1,O60739,EIF1B,Eukaryotic translation initiation factor 1b,GCST90421890,6e5426829fff54fe018d713d2065a2ca
X12702.13,12702-13,Q9HAT8,PELI2,E3 ubiquitin-protein ligase pellino homolog 2,GCST90421891,3547664f3f71b73677a9aed2e774ddd1
X12703.6,12703-6,Q8TDX7,NEK7,Serine/threonine-protein kinase Nek7,GCST90421892,91fae64489bf319ac09091f8bac5de0d
X12704.26,12704-26,Q8N5H7,SH2D3C,SH2 domain-containing protein 3C,GCST90421893,fa736751a8be305ecb082dd47f4014fd
X12705.9,12705-9,Q15751,HERC1,Probable E3 ubiquitin-protein ligase HERC1,GCST90421894,cea25e053a6944439daed3c545c08d38
X12706.2,12706-2,Q5VT25,CDC42BPA,Serine/threonine-protein kinase MRCK alpha,GCST90421895,c96f2b95aea08e89c33ce5c801032ba4
X12707.26,12707-26,Q14195,DPYSL3,Dihydropyrimidinase-related protein 3,GCST90421896,f02794d4919cb8cca24b38fd2f01ea91
X12708.91,12708-91,Q969R5,L3MBTL2,Lethal(3)malignant brain tumor-like protein 2,GCST90421897,72437b1fdafa3e38a96f909ffacb9cbb
X12709.63,12709-63,Q92522,H1-10,Histone H1x,GCST90421898,27af6a74e82c46126b99dfad47de0b04
X12711.19,12711-19,P48165,GJA8,Gap junction alpha-8 protein,GCST90421899,dcd367e2ed779db84aafc7aad93933ba
X12712.9,12712-9,Q9NP66,HMG20A,High mobility group protein 20A,GCST90421900,cbabbfd6ff9e0aea231d6938c1e8ffae
X12713.365,12713-365,P49795,RGS19,Regulator of G-protein signaling 19,GCST90421901,6b2191a195100802fb4831a0f4e5bdc2
X12714.38,12714-38,O75843,AP1G2,AP-1 complex subunit gamma-like 2,GCST90421902,60ab6ef4e95e61184367216931d358a4
X12715.30,12715-30,Q8IZD4,DCP1B,mRNA-decapping enzyme 1B,GCST90421903,6469e0348d412cbc7d17631cb23698da
X12716.3,12716-3,Q9Y473,ZNF175,Zinc finger protein 175,GCST90421904,4ef29a132eb6826911a6752d0f7e10d6
X12717.65,12717-65,O15405,TOX3,TOX high mobility group box family member 3,GCST90421905,94de0eeb0c03db626d104b9f0e137833
X12718.43,12718-43,Q9Y237,PIN4,Peptidyl-prolyl cis-trans isomerase NIMA-interacting 4,GCST90421906,cdad4ec4d2e5e5a2d425acce77e0ef45
X12720.71,12720-71,Q9NRR5,UBQLN4,Ubiquilin-4,GCST90421907,5e96e41d7d92cef24366d298520d1fab
X12721.4,12721-4,Q86VP1,TAX1BP1,Tax1-binding protein 1,GCST90421908,8894dc0c4d5ebd8b83dde57020aefccc
X12724.81,12724-81,Q14011,CIRBP,Cold-inducible RNA-binding protein,GCST90421909,7e43dba7b08e25c8c7ede6442bed8f08
X12726.3,12726-3,O00287,RFXAP,Regulatory factor X-associated protein,GCST90421910,aaed591e7b83d3ce7bfac7dda24c46d7
X12727.7,12727-7,Q9P2B2,PTGFRN,Prostaglandin F2 receptor negative regulator,GCST90421911,7733a44e4b25b698a6862409aafdebe7
X12729.12,12729-12,Q9BT73,PSMG3,Proteasome assembly chaperone 3,GCST90421912,94dd334c0aab4d7315653b8031b69606
X12730.3,12730-3,O14777,NDC80,Kinetochore protein NDC80 homolog,GCST90421913,e5499683996799bac187f32d85082617
X12731.12,12731-12,Q6IQ23,PLEKHA7,Pleckstrin homology domain-containing family A member 7,GCST90421914,f0df8b69ea19d08db32ab115dbaf2c24
X12732.13,12732-13,Q5T2T1,MPP7,MAGUK p55 subfamily member 7,GCST90421915,10f517c4871d01eb4162cd2f5637dbaa
X12734.112,12734-112,Q14807,KIF22,Kinesin-like protein KIF22,GCST90421916,3e5cf01eab7fccf0c3c87965df1b705c
X12735.39,12735-39,O75534,CSDE1,Cold shock domain-containing protein E1,GCST90421917,303daf669100da009c0c3fb6ed1500f4
X12737.12,12737-12,Q14651,PLS1,Plastin-1,GCST90421918,1572e5c165d0d30550f91c521ce08368
X12738.43,12738-43,Q9Y2I1,NISCH,Nischarin,GCST90421919,3a7eb2e273655dd34b9d469489ab8300
X12740.55,12740-55,Q99581,FEV,Protein FEV,GCST90421920,4727376358c818485ae9a6245c055ace
X12742.160,12742-160,A6NDV4,TMEM8B,Transmembrane protein 8B,GCST90421921,c642756651bb06dbdb261b051db73a38
X12743.18,12743-18,Q9UL15,BAG5,BAG family molecular chaperone regulator 5,GCST90421922,aec6de458576532d73ef11b6a96d0dc5
X12746.4,12746-4,Q9UIA0,CYTH4,Cytohesin-4,GCST90421923,4358a0b84c80838d7d4d21d7930efd0a
X12747.89,12747-89,P98179,RBM3,RNA-binding protein 3,GCST90421924,fe5dcd9ed96f942a2109b2a86d165aa3
X12748.6,12748-6,Q58F21,BRDT,Bromodomain testis-specific protein,GCST90421925,232a389b15ff736080e264b00396766e
X12750.9,12750-9,P05107,ITGB2,Integrin beta-2,GCST90421926,ac7266e7205478d0ba799e656ab4d9ec
X12751.26,12751-26,Q9UKY1,ZHX1,Zinc fingers and homeoboxes protein 1,GCST90421927,cc100181e2442442542181a3cddd9ba1
X12753.6,12753-6,Q92870,APBB2,Amyloid beta A4 precursor protein-binding family B member 2:Phosphotyrosine Interaction Domain 1,GCST90421928,afb66744f8592c318ca5def1c66be413
X12754.14,12754-14,Q9Y534,CSDC2,Cold shock domain-containing protein C2,GCST90421929,88ec1def7cba2bf2e6370429ffdea855
X12756.3,12756-3,Q9BYV9,BACH2,Transcription regulator protein BACH2,GCST90421930,48cb507a8e00a939ba6c2a1ff3d1fa23
X12758.47,12758-47,O43424,GRID2,"Glutamate receptor ionotropic, delta-2",GCST90421931,c4a60024e8578c0895eb438397131f1a
X12759.47,12759-47,Q12906,ILF3,Interleukin enhancer-binding factor 3,GCST90421932,fa2208e87257452ec600aa8793ed05c7
X12760.34,12760-34,Q6NX45,ZNF774,Zinc finger protein 774,GCST90421933,84b6d3be85303beb8921d9cbcac44397
X12761.12,12761-12,Q92870,APBB2,Amyloid beta A4 precursor protein-binding family B member 2:Phosphotyrosine Interaction Domain 2,GCST90421934,9b2f4d563dfa08e18c2be5bd68e37476
X12763.69,12763-69,Q9HCZ1,ZNF334,Zinc finger protein 334,GCST90421935,49a193aff3c12ee14d240125561c41a9
X12764.3,12764-3,Q92556,ELMO1,Engulfment and cell motility protein 1,GCST90421936,abc43fc3dbe4adeec02cc9e575b71300
X12766.33,12766-33,Q7Z601,GPR142,Probable G-protein coupled receptor 142,GCST90421937,2f2cfd4ddf244bf8273e886960f77793
X12768.3,12768-3,Q86XI6,PPP1R3B,Protein phosphatase 1 regulatory subunit 3B,GCST90421938,48ee0a6fa6482cc5af3879f95b85cb71
X12771.19,12771-19,Q9UJW8,ZNF180,Zinc finger protein 180,GCST90421939,db17fd637166b0ef7a59cf3c06ef9024
X12772.8,12772-8,P52948,NUP98,Nuclear pore complex protein Nup98-Nup96,GCST90421940,96b816b540dc9e764af6877cd48ef50d
X12774.12,12774-12,O60741,HCN1,Potassium/sodium hyperpolarization-activated cyclic nucleotide-gated channel 1,GCST90421941,df01cce1957631735168263c857da314
X12775.6,12775-6,O15347,HMGB3,High mobility group protein B3,GCST90421942,a794446a1932acfb994403ded58cafff
X12777.11,12777-11,Q15637,SF1,Splicing factor 1,GCST90421943,c7f2d927b6a331456710dd456ccb5f9a
X12781.2,12781-2,Q15633,TARBP2,RISC-loading complex subunit TARBP2,GCST90421944,8e588dad3fec4109d7c4b57854ec6b55
X12783.29,12783-29,P52272,HNRNPM,Heterogeneous nuclear ribonucleoprotein M,GCST90421945,8ec5a0b7a2448a952d33114663c8c374
X12784.10,12784-10,O95704,APBB3,"Amyloid beta A4 precursor protein-binding family B member 3:Phosphotyrosine Interaction Domain 1,Isoform II",GCST90421946,531981dfd7b17617db54bae5f9ff9462
X12785.49,12785-49,Q86T24,ZBTB33,Transcriptional regulator Kaiso,GCST90421947,827396e44b78de42ca879f10cf2214ba
X12786.61,12786-61,Q9NPB8,GPCPD1,Glycerophosphocholine phosphodiesterase GPCPD1,GCST90421948,1bfe04067467071d8480e6d7b493fe08
X12787.47,12787-47,P52741,ZNF134,Zinc finger protein 134,GCST90421949,d490c3d0f96a51ddedb245a381b9b098
X12788.6,12788-6,Q96ES7,SGF29,SAGA-associated factor 29 homolog,GCST90421950,3b66d113dfc1ea2918048b1e309f835c
X12790.10,12790-10,Q96ER9,CCDC51,Coiled-coil domain-containing protein 51,GCST90421951,e06882e8d4091b571152b9be22e14149
X12793.4,12793-4,Q96J94,PIWIL1,Piwi-like protein 1,GCST90421952,511f4d874b087bbf139e616dca4ee2d6
X12794.6,12794-6,Q96MN2,NLRP4,"NACHT, LRR and PYD domains-containing protein 4",GCST90421953,2e4a8f5d0eba2a9783dcc4bcc3c23cfc
X12795.2,12795-2,Q969W8,ZNF566,Zinc finger protein 566,GCST90421954,75e8180083c4b0dbf5a68fd186b98f05
X12796.44,12796-44,O95989,NUDT3,Diphosphoinositol polyphosphate phosphohydrolase 1,GCST90421955,6231ec2ed7a8e5633383e68cdf9dd86e
X12798.46,12798-46,Q2Y0W8,SLC4A8,Electroneutral sodium bicarbonate exchanger 1,GCST90421956,55005ee1e86e40b5a19821d95c6e8c1b
X12799.65,12799-65,Q9NZQ0,DNAJC27,DnaJ homolog subfamily C member 27,GCST90421957,9e5a7eedbf01e9a7bdb26fbced7a8e50
X12800.5,12800-5,P59282,TPPP2,Tubulin polymerization-promoting protein family member 2,GCST90421958,0a6a8923e90dabb28c799d8a57e9bab0
X12801.33,12801-33,P14316,IRF2,Interferon regulatory factor 2,GCST90421959,d7537f80d4654da35847077436953d02
X12803.9,12803-9,Q86UD4,ZNF329,Zinc finger protein 329,GCST90421960,aee2c690257e49d4f82f9df02dc9c8b8
X12804.5,12804-5,Q9UKD1,GMEB2,Glucocorticoid modulatory element-binding protein 2,GCST90421961,87744ce442642cc82b5f02264acfe987
X12807.89,12807-89,Q7Z6I6,ARHGAP30,Rho GTPase-activating protein 30,GCST90421962,44c15492a84bb86d77acfa4a3e597f47
X12808.103,12808-103,Q9Y2V2,CARHSP1,Calcium-regulated heat-stable protein 1,GCST90421963,54ffc92d29fe13e5d4d5c92ea6c14d65
X12811.55,12811-55,Q09FC8,ZNF415,Zinc finger protein 415,GCST90421964,aaaa301b60ffeb9769f2c2c61dad037a
X12812.25,12812-25,P14621,ACYP2,Acylphosphatase-2,GCST90421965,5bbb60fb346efec8a3c6444d39c4968c
X12813.18,12813-18,Q8NDI1,EHBP1,EH domain-binding protein 1,GCST90421966,7589791cba126c6a9c93fc255498b3de
X12814.17,12814-17,Q96LT9,RNPC3,RNA-binding protein 40,GCST90421967,06165c078c55f8beecb1011859fa7c9d
X12815.9,12815-9,P41252,IARS1,"Isoleucine--tRNA ligase, cytoplasmic",GCST90421968,62d16fcedb813f5e142777572e38c91e
X12817.1,12817-1,P55040,GEM,GTP-binding protein GEM,GCST90421969,52b4e0d06d02b4f82665b583ea8f4342
X12818.159,12818-159,Q15849,SLC14A2,Urea transporter 2,GCST90421970,a1015a1b7b82a7ab7d6f00eba5f8427a
X12820.1,12820-1,Q13588,GRAP,GRB2-related adapter protein,GCST90421971,3c00224ddf283964e80f1ae019b4a2a7
X12821.6,12821-6,Q86W26,NLRP10,"NACHT, LRR and PYD domains-containing protein 10",GCST90421972,9328c37ebe48a6dd7d25d223a27901c0
X12822.34,12822-34,O00213,APBB1,Amyloid beta A4 precursor protein-binding family B member 1:Phosphotyrosine Interaction Domain 1,GCST90421973,286038b636a71eed69902bed2ccb7da5
X12825.18,12825-18,Q9UKG1,APPL1,DCC-interacting protein 13-alpha,GCST90421974,6014b95a0e79b9e68c63b8a118c1b802
X12826.5,12826-5,Q92911,SLC5A5,Sodium/iodide cotransporter,GCST90421975,d79c1673ddc4ba2b83484e5c00a7b7da
X12827.37,12827-37,P49796,RGS3,Regulator of G-protein signaling 3,GCST90421976,002d6cf211b46755fac14c601667a8e2
X12830.4,12830-4,O00422,SAP18,Histone deacetylase complex subunit SAP18,GCST90421977,7f5743c1bcc139d30974dd95e9407c45
X12831.21,12831-21,Q96BS2,TESC,Calcineurin B homologous protein 3,GCST90421978,7281c336cf201501a5caa40e7628ff42
X12832.10,12832-10,Q9UBL3,ASH2L,Set1/Ash2 histone methyltransferase complex subunit ASH2,GCST90421979,7c6e21eefc386ba1a75028a58f91ecdb
X12834.3,12834-3,Q9H3M0,KCNF1,Potassium voltage-gated channel subfamily F member 1,GCST90421980,ed6dc28cdb6ef3ae279d2cf85670df8e
X12835.101,12835-101,Q8WXC3,PYDC1,Pyrin domain-containing protein 1,GCST90421981,a0adb9097882711e332ce0ea27bd5b2b
X12838.28,12838-28,Q9H1R2,DUSP15,Dual specificity protein phosphatase 15,GCST90421982,3b4b12be9510930218a8b683dc18e940
X12842.43,12842-43,O60499,STX10,Syntaxin-10,GCST90421983,50efa9f45168bb7f973b422ea119d5ae
X12843.6,12843-6,Q86VK4,ZNF410,Zinc finger protein 410,GCST90421984,8d5d85d652d1dc122690381a9c2d9da2
X12844.10,12844-10,O95429,BAG4,BAG family molecular chaperone regulator 4,GCST90421985,f56f19ceb593b2b5caad253797d82436
X12845.18,12845-18,Q15036,SNX17,Sorting nexin-17,GCST90421986,e7a0edce2487f5b558d63aa630780595
X12846.3,12846-3,Q9UKA1,FBXL5,F-box/LRR-repeat protein 5,GCST90421987,106744985277ea8a72e69e084af09382
X12847.27,12847-27,O60942,RNGTT,mRNA-capping enzyme,GCST90421988,fffe0d8e2a41620152715ec99f711bff
X12848.9,12848-9,Q92974,ARHGEF2,Rho guanine nucleotide exchange factor 2,GCST90421989,57ea27f3f868aaf57c9b8c0034f72238
X12849.25,12849-25,Q9P0R6,GSKIP,GSK3-beta interaction protein,GCST90421990,3200ccc8b85bbdcae2c083f6f676e6c4
X12851.5,12851-5,Q9NP87,POLM,DNA-directed DNA/RNA polymerase mu,GCST90421991,febcb331ea29237676cfd0f90b15bfc9
X12853.112,12853-112,Q9NZR1,TMOD2,Tropomodulin-2,GCST90421992,db376e2941122304fb791a5c98a311d0
X12854.3,12854-3,Q99594,TEAD3,Transcriptional enhancer factor TEF-5,GCST90421993,5b8b9056a09e877b624b276abbf7ab8c
X12855.16,12855-16,Q9NQ75,CASS4,Cas scaffolding protein family member 4,GCST90421994,8520d99d358ddbd290d2fcc57758df38
X12856.14,12856-14,Q96Q45,TMEM237,Transmembrane protein 237,GCST90421995,15579e9a2e939a358d619a2e1320ce52
X12859.33,12859-33,O75521,ECI2,"Enoyl-CoA delta isomerase 2, mitochondrial",GCST90421996,ebb76b91f27f6ac2a1b50eeaa8fb9447
X12860.7,12860-7,Q9UBL0,ARPP21,cAMP-regulated phosphoprotein 21,GCST90421997,939cf1950a34f39718239dac80f34936
X12861.13,12861-13,Q9NYL9,TMOD3,Tropomodulin-3,GCST90421998,d6ec9c6f1b12efc452eb3047800b2b9b
X12862.14,12862-14,Q14511,NEDD9,Enhancer of filamentation 1,GCST90421999,4b446763739b22d560b4e2950135381f
X12864.9,12864-9,Q0D2K0,NIPAL4,Magnesium transporter NIPA4,GCST90422000,67cde3d5352754723514906da889e252
X12867.40,12867-40,P51808,DYNLT3,Dynein light chain Tctex-type 3,GCST90422001,f41b20b82dae15803862ce0aecd1f9af
X12869.68,12869-68,P26196,DDX6,Probable ATP-dependent RNA helicase DDX6,GCST90422002,542746c093f8a67d342763491e534e44
X12871.10,12871-10,Q12792,TWF1,Twinfilin-1,GCST90422003,25dba492eb58bb7b3800dc78d97de2eb
X12872.35,12872-35,Q16280,CNGA2,Cyclic nucleotide-gated olfactory channel,GCST90422004,6399a73d98ecde2f2e47ae8aa28da22b
X12873.11,12873-11,P16150,SPN,Leukosialin,GCST90422005,110b884fd86f6aa7b164562a4b1da38d
X12875.28,12875-28,Q8WUN7,UBTD2,Ubiquitin domain-containing protein 2,GCST90422006,cf212c81b45d85f7f98923c3f2873bce
X12876.39,12876-39,Q9Y4P9,SPEF1,Sperm flagellar protein 1,GCST90422007,ebec494359c49205387201f0d6973a6c
X12878.60,12878-60,Q9BXB4,OSBPL11,Oxysterol-binding protein-related protein 11,GCST90422008,39bec91872319b666617e1606d29b3ec
X12879.5,12879-5,P28749,RBL1,Retinoblastoma-like protein 1,GCST90422009,af989c26771e454c5d206056e89829fa
X12880.1,12880-1,Q7L0J3,SV2A,Synaptic vesicle glycoprotein 2A,GCST90422010,425fba3daf3531fbee32a3dd7f7a9011
X12881.17,12881-17,O75452,RDH16,Retinol dehydrogenase 16,GCST90422011,487dab3d4cf82c535fe9d748b8ef246e
X12882.7,12882-7,Q9NR21,PARP11,Poly [ADP-ribose] polymerase 11,GCST90422012,555913fdf1efc41231bcd8645f2233d0
X12885.42,12885-42,Q14995,NR1D2,Nuclear receptor subfamily 1 group D member 2,GCST90422013,60a51f671f90ddb0f527b25ad8594879
X12888.18,12888-18,O75446,SAP30,Histone deacetylase complex subunit SAP30,GCST90422014,dbafacec14c938b52bea8d10c8036468
X12891.1,12891-1,Q8IY33,MICALL2,MICAL-like protein 2,GCST90422015,2a54edc1f34cbcb180d790b6f06467b1
X12892.10,12892-10,Q8IYJ3,SYTL1,Synaptotagmin-like protein 1,GCST90422016,cdfeb48bed981c710c429cec907b7859
X12893.159,12893-159,Q16666,IFI16,"Gamma-interferon-inducible protein 16:Isoform 2, Hematopoietic expression, interferon-inducible nature, and nuclear localization 2",GCST90422017,3846d5d60cd941c032488dd5e59cf1e4
X12894.3,12894-3,Q6ZW49,PAXIP1,PAX-interacting protein 1,GCST90422018,5eac9132abba35f44184d9c1f7763d4e
X12895.28,12895-28,Q9Y6T7,DGKB,Diacylglycerol kinase beta,GCST90422019,bc21c23dcfb4561bed9d3d5b0ea4b2bb
X12904.180,12904-180,O60494,CUBN,cubilin,GCST90422020,9bdbedbca28753ec48fe2f0f89178c04
X12916.3,12916-3,P56278,MTCP1,Protein p13 MTCP-1,GCST90422021,b4d1e344435faafafa2c7c697c24577a
X12923.51,12923-51,Q04695,KRT17,"Keratin, type I cytoskeletal 17",GCST90422022,0cb4c4807d587813481794dcbbb7fba5
X12925.105,12925-105,Q9Y2T1,AXIN2,Axin-2,GCST90422023,577c5bc96bee4d0072500dfcd57e0929
X12931.16,12931-16,P08235,NR3C2,Mineralocorticoid receptor,GCST90422024,affacd78abe2a3dcd56339c6161081df
X12934.1,12934-1,Q9UII4,HERC5,E3 ISG15--protein ligase HERC5,GCST90422025,f80963c0e6ab455d7e80135d7687b0a5
X12936.38,12936-38,P12271,RLBP1,Retinaldehyde-binding protein 1,GCST90422026,c058eaabe7d77d16c05c436ec91e1355
X12939.1,12939-1,O15160,POLR1C,DNA-directed RNA polymerases I and III subunit RPAC1,GCST90422027,ad419aedcb7f2f5ddcd14dece4640ed9
X12940.35,12940-35,P43353,ALDH3B1,Aldehyde dehydrogenase family 3 member B1,GCST90422028,b983232e1d27bf1e509c0f5e6e7117d4
X12945.33,12945-33,Q9NP72,RAB18,Ras-related protein Rab-18,GCST90422029,337b421aaf068fba9074ba67d32f70ad
X12954.71,12954-71,Q07869,PPARA,Peroxisome proliferator-activated receptor alpha,GCST90422030,93a25e6b4d159f04b651c40a5b221752
X12956.40,12956-40,Q96EK5,KIFBP,KIF1-binding protein,GCST90422031,0bbaefc22e6139e3927fe30aaf28484f
X12957.62,12957-62,P14927,UQCRB,Cytochrome b-c1 complex subunit 7,GCST90422032,279e36503fe3e38045e78e05ea5dae70
X12960.9,12960-9,P35557,GCK,Glucokinase,GCST90422033,521c0cc6cf0142fb7ce9bbcd9d123410
X12963.1,12963-1,Q5VW38,GPR107,Protein GPR107,GCST90422034,de5bd4ef31b37a61b69ee7844934c357
X12968.2,12968-2,Q16527,CSRP2,Cysteine and glycine-rich protein 2,GCST90422035,60863da442e61ecace0efd36ba737959
X12970.35,12970-35,Q9NUL3,STAU2,Double-stranded RNA-binding protein Staufen homolog 2,GCST90422036,ff2f6df5676f8170ee3ffb7d238aae0d
X12975.11,12975-11,P35900,KRT20,"Keratin, type I cytoskeletal 20",GCST90422037,936c2a3453712b2fd9bbe11bb468f602
X12976.49,12976-49,O60504,SORBS3,Vinexin b,GCST90422038,d1e4049bdfc2e21830a4c93ae1213ff2
X12980.31,12980-31,Q9NW64,RBM22,Pre-mRNA-splicing factor RBM22,GCST90422039,8ee523b9b2986e7949f45a7779d6a7fd
X12986.12,12986-12,Q9NUP9,LIN7C,Protein lin-7 homolog C,GCST90422040,0ccb6af0220dcf3a780d3864c1b35e7c
X12987.12,12987-12,Q16629,SRSF7,Serine/arginine-rich splicing factor 7,GCST90422041,16da083a6887b828b2543806be9267eb
X12988.49,12988-49,Q01844,EWSR1,RNA-binding protein EWS,GCST90422042,a0d319b6026432e1b83f2351ebecbb76
X12990.39,12990-39,Q99759,MAP3K3,Mitogen-activated protein kinase kinase kinase 3,GCST90422043,1ac2b9111d5a433d171ac806cb529b74
X12991.49,12991-49,Q8IWT3,CUL9,Cullin-9,GCST90422044,eee763e45ff64a13d5bd9ef6c2950a07
X12993.21,12993-21,Q8TAT6,NPLOC4,Nuclear protein localization protein 4 homolog,GCST90422045,902dd4e9869d4677352020a285b24ff0
X13007.66,13007-66,Q6JVE6,LCN10,Epididymal-specific lipocalin-10,GCST90422046,c42327126edbe4025be9f8e4a6a7ef68
X13013.41,13013-41,O60260,PRKN,E3 ubiquitin-protein ligase parkin,GCST90422047,3e64933e6c0ca6889450efca4c60512f
X13022.20,13022-20,O14683,TP53I11,Tumor protein p53-inducible protein 11,GCST90422048,f19f18c5c957c734ab5968ebf3b6d544
X13025.4,13025-4,Q8WU20,FRS2,Fibroblast growth factor receptor substrate 2,GCST90422049,bae78a59abf5058902d3be79ab9deec5
X13027.20,13027-20,O95931,CBX7,Chromobox protein homolog 7,GCST90422050,1de8f2b30fa7e823aa1990bfac055100
X13032.1,13032-1,Q14457,BECN1,Beclin-1,GCST90422051,1618307781d17551f4d2de707be4e8d2
X13039.1,13039-1,Q12972,PPP1R8,Nuclear inhibitor of protein phosphatase 1,GCST90422052,5fc43d2b880a62d178264776fe575bb7
X13041.47,13041-47,Q9BUZ4,TRAF4,TNF receptor-associated factor 4,GCST90422053,07b3e432b9a8a5e81f5f5407eeca929a
X13042.7,13042-7,Q16322,KCNA10,Potassium voltage-gated channel subfamily A member 10,GCST90422054,e55560b70abc3f52cb00ec8792e48950
X13043.157,13043-157,Q6PL18,ATAD2,ATPase family AAA domain-containing protein 2,GCST90422055,ccc6a8a3f15ef2f1035c84374175e6e5
X13044.5,13044-5,Q99816,TSG101,Tumor susceptibility gene 101 protein,GCST90422056,0da4f44b217ae3a9bcd52dd99b6bfe00
X13053.6,13053-6,Q9UN76,SLC6A14,Sodium- and chloride-dependent neutral and basic amino acid transporter B(0+),GCST90422057,04b68ebfd4c45b6d16ff6b9e8ee8514b
X13054.87,13054-87,P35080,PFN2,Profilin-2,GCST90422058,83afdf6582c4f8e35c85e668c764365a
X13055.53,13055-53,A5PKW4,PSD,PH and SEC7 domain-containing protein 1,GCST90422059,0ad65add67506b2a2774dc6b0595172d
X13056.18,13056-18,Q9GZN6,SLC6A16,Orphan sodium- and chloride-dependent neurotransmitter transporter NTT5,GCST90422060,f763fb12270559da8cc53c57371b8e60
X13059.33,13059-33,Q969G6,RFK,Riboflavin kinase,GCST90422061,468cbc4708dc7b97e72be3f1a95cb4cf
X13062.4,13062-4,O60234,GMFG,Glia maturation factor gamma,GCST90422062,b6382b40d83059f7b9cd99c3f088fa1f
X13066.42,13066-42,Q6P2E9,EDC4,Enhancer of mRNA-decapping protein 4,GCST90422063,cf82d15b6da85ae1aa6888b08ac7c976
X13067.5,13067-5,Q13976,PRKG1,"cGMP-dependent protein kinase 1, beta isozyme",GCST90422064,9a8d76d858d8b6741b1ac4b61a23b440
X13073.14,13073-14,P39687,ANP32A,Acidic leucine-rich nuclear phosphoprotein 32 family member A,GCST90422065,bd9c57d95e84eb71d44b2fbf335b5095
X13076.4,13076-4,P51114,FXR1,Fragile X mental retardation syndrome-related protein 1,GCST90422066,9460dd97f128f861ca4b1e172b7059f6
X13078.3,13078-3,P41208,CETN2,Centrin-2,GCST90422067,68da3c320f6542a8295982c260827a41
X13082.9,13082-9,Q9H3U1,UNC45A,Protein unc-45 homolog A,GCST90422068,f36bd0b3e4de7533cb8f204cb9dd621c
X13083.18,13083-18,P26640,VARS1,Valine--tRNA ligase,GCST90422069,337ddd6f8e33b9149dd1d0afaaa2edfa
X13085.18,13085-18,P43220,GLP1R,Glucagon-like peptide 1 receptor:Cytoplasmic domain,GCST90422070,b7cfa9ccf608021f8dc323cf8a464fb5
X13088.397,13088-397,P35070,BTC,Betacellulin,GCST90422071,d9d98d9544c4509b86c0bfbf75fcb31c
X13089.6,13089-6,Q16665,HIF1A,Hypoxia-inducible factor 1-alpha,GCST90422072,129f7705db88b26172c2c357f649f29c
X13090.17,13090-17,P06703,S100A6,Protein S100-A6,GCST90422073,b4cfd15063a35f508846a78f06a7a1f2
X13093.6,13093-6,Q8WVN6,SECTM1,Secreted and transmembrane protein 1,GCST90422074,3f51b39a6c19ecf63d7200e9d9208397
X13094.75,13094-75,Q9BXY4,RSPO3,R-spondin-3,GCST90422075,5fb2d6eed635ab09297933f39d1fd0dd
X13095.51,13095-51,P05451,REG1A,Lithostathine-1-alpha,GCST90422076,3ccae36f20b6ff1df80a9105ec16131d
X13097.11,13097-11,Q92843,BCL2L2,Bcl-2-like protein 2,GCST90422077,b06ff464dc0bd714e51361855742ebde
X13098.93,13098-93,O43915,VEGFD,Vascular endothelial growth factor D,GCST90422078,0184245256ff5159068177557192a8af
X13101.60,13101-60,Q9BQB4,SOST,Sclerostin,GCST90422079,40d4963e13e626cdabea13a72971a3f3
X13102.1,13102-1,Q96BQ1,FAM3D,Protein FAM3D,GCST90422080,1ec247be406d811406d75ac56631821b
X13103.125,13103-125,P0DML2|P0DML3,CSH1|CSH2,Chorionic somatomammotropin hormone,GCST90422081,d3264ec8964fddf325fd6bd229961a58
X13104.32,13104-32,P98172,EFNB1,Ephrin-B1,GCST90422082,a99217dbf848033ff78e319f8ef77adf
X13105.7,13105-7,P60880,SNAP25,Synaptosomal-associated protein 25,GCST90422083,a3666a18f7c206020b16ed4a4b3b1f12
X13107.9,13107-9,O95274,LYPD3,Ly6/PLAUR domain-containing protein 3,GCST90422084,ab9fac3ffb4cb3525e714c115aa17b89
X13109.82,13109-82,Q7Z3B1,NEGR1,Neuronal growth regulator 1,GCST90422085,3efe51aa225dbe931a7639d547128156
X13112.179,13112-179,Q12841,FSTL1,Follistatin-related protein 1,GCST90422086,420496c1f58d433f136ce809cc0b56df
X13113.7,13113-7,P10451,SPP1,Osteopontin,GCST90422087,833500bbbb7d44e7449b6abcd73642f1
X13114.50,13114-50,P51884,LUM,Lumican,GCST90422088,4db261e72039d6b025d5db282862df1d
X13116.25,13116-25,Q8N6Q3,CD177,CD177 antigen,GCST90422089,ff14402abf431a032420210102106f9c
X13117.232,13117-232,Q9Y259,CHKB,Choline/ethanolamine kinase,GCST90422090,565a994c686d47354a891cf939e648c2
X13118.5,13118-5,Q9H4F8,SMOC1,SPARC-related modular calcium-binding protein 1,GCST90422091,d5951a8be9b4720e0be7138eb6c777df
X13119.26,13119-26,Q9UK55,SERPINA10,Protein Z-dependent protease inhibitor,GCST90422092,23c4fdbf3d90177e9bd1274e9d419e48
X13122.19,13122-19,O43155,FLRT2,Leucine-rich repeat transmembrane protein FLRT2,GCST90422093,a56644c73421a50b184daa6617449eea
X13123.3,13123-3,Q9NZU0,FLRT3,Leucine-rich repeat transmembrane protein FLRT3:Extracellular domain,GCST90422094,de848cd132147f379683c7300cdbf660
X13124.20,13124-20,Q6UXK2,ISLR2,Immunoglobulin superfamily containing leucine-rich repeat protein 2,GCST90422095,08f83c1ddd25b3ebf13878f029d739ce
X13125.45,13125-45,P04004,VTN,Vitronectin,GCST90422096,263c6b7cb4a5ec7b9e7cb835d269867f
X13126.52,13126-52,Q02487,DSC2,Desmocollin-2,GCST90422097,84ee7e06ee58079ae620fbe813df2701
X13129.40,13129-40,P01130,LDLR,Low-density lipoprotein receptor,GCST90422098,4de4acdf44379170f9a1d3a17f1923e5
X13130.150,13130-150,P52789,HK2,Hexokinase-2,GCST90422099,3b28b5e4a33c49d77291c4bd3f973b0b
X13131.5,13131-5,P19367,HK1,Hexokinase-1,GCST90422100,d2a681793b3574b4eaa3277fce499e17
X13132.14,13132-14,Q13591,SEMA5A,Semaphorin-5A,GCST90422101,c87c27d1a17af12ab107a006cb7fabd4
X13133.73,13133-73,Q8N2S1,LTBP4,Latent-transforming growth factor beta-binding protein 4,GCST90422102,c1a52e3b0d956cc1e8000b6ef41d6b10
X13228.75,13228-75,Q00987,MDM2,E3 ubiquitin-protein ligase Mdm2,GCST90422103,9cc922a541bbe6b1f90464fce414a7fe
X13229.20,13229-20,O15151,MDM4,Protein Mdm4,GCST90422104,fa5315212c9971d3c2e60b0eae413a9d
X13230.174,13230-174,P01859,IGHG2,"Ig gamma-2, Kappa",GCST90422105,b967e815926ebc834367c05d96f969db
X13231.90,13231-90,P01861,IGHG4,"Ig gamma-4, Kappa",GCST90422106,7b6d22d56bc32cd6efcf4f201aca9d28
X13236.25,13236-25,P56704,WNT3A,Protein Wnt-3a,GCST90422107,74c42c981879c0955f9b4fc4d5d7cf51
X13240.170,13240-170,Q9Y566,SHANK1,SH3 and multiple ankyrin repeat domains protein 1,GCST90422108,d3d9f8626397a70a1ca4119a473cb862
X13242.134,13242-134,Q9BYB0,SHANK3,SH3 and multiple ankyrin repeat domains protein 3,GCST90422109,b1385e1e7dda599dddc15f41af010064
X13256.21,13256-21,Q9Y566,SHANK1,SH3 and multiple ankyrin repeat domains protein 1,GCST90422110,9e8593d51b75f185fa1fd59ca16edfe6
X13268.45,13268-45,P41221,WNT5A,Protein Wnt-5a,GCST90422111,eb051818bf5f17b5acd7ffa1c65f8bad
X13374.4,13374-4,Q30KQ7,DEFB113,Beta-defensin 113,GCST90422112,c845565448506ee409b9829459f2902e
X13375.48,13375-48,O43761,SYNGR3,Synaptogyrin-3,GCST90422113,0b310f36016c3ffbeb51a3a104fc589d
X13377.3,13377-3,Q8N8Q1,CYB561D1,Cytochrome b561 domain-containing protein 1,GCST90422114,e08d89a55cd96c8f8f88477324239e5d
X13378.80,13378-80,A6NC05,C5orf63,Glutaredoxin-like protein C5orf63,GCST90422115,66c16fa7a429cf9b04c47e1555def414
X13381.49,13381-49,P15291,B4GALT1,"Beta-1,4-galactosyltransferase 1",GCST90422116,414732f8023aab332163ba0fd2c7aab5
X13384.110,13384-110,P07954,FH,"Fumarate hydratase, mitochondrial",GCST90422117,02c557d4e2ab13febc9e26d7e361a73a
X13386.248,13386-248,Q969K3,RNF34,E3 ubiquitin-protein ligase RNF34,GCST90422118,ea0bdf0c0d07fb1da4e845f5696f8545
X13387.55,13387-55,Q9NZC4,EHF,ETS homologous factor,GCST90422119,04c00b93678dc90207b7485918cd40df
X13388.57,13388-57,P29120,PCSK1,Neuroendocrine convertase 1,GCST90422120,d353032581efa1e1c9107741c0cd9533
X13392.13,13392-13,P05026,ATP1B1,Sodium/potassium-transporting ATPase subunit beta-1,GCST90422121,b5906cdba7024be9e7fa10dd83bf8e09
X13393.46,13393-46,Q9BUN8,DERL1,Derlin-1,GCST90422122,6c5364be414ba3e514f92d4a0b890758
X13399.33,13399-33,Q8IUW5,RELL1,RELT-like protein 1,GCST90422123,179ec1bebce13bc6b14177d8ed8b78db
X13403.5,13403-5,P41161,ETV5,ETS translocation variant 5,GCST90422124,901650a673a5cc3bb11fbd8bfbac16d2
X13405.61,13405-61,P20155,SPINK2,Serine protease inhibitor Kazal-type 2,GCST90422125,489b94ee77726a6cdcf424f0399c3716
X13406.161,13406-161,Q08708,CD300C,CMRF35-like molecule 6,GCST90422126,ca71797feb859d2be058abd409bd6bba
X13408.23,13408-23,Q8TEU8,WFIKKN2,"WAP, Kazal, immunoglobulin, Kunitz and NTR domain-containing protein 2",GCST90422127,8c9d0cb681891142d70759bd58fcad68
X13411.21,13411-21,Q9H4P4,RNF41,E3 ubiquitin-protein ligase NRDP1,GCST90422128,dca1be551331534eef3db9b6f1451823
X13412.5,13412-5,Q9BQY6,WFDC6,WAP four-disulfide core domain protein 6,GCST90422129,39597c4082f6fbf2ff00fea53e84c19a
X13416.8,13416-8,Q14C87,TMEM132D,Transmembrane protein 132D,GCST90422130,224616a56af7864e9f49571b3a4758fa
X13421.17,13421-17,Q9NRX6,TMEM167B,Protein kish-B,GCST90422131,39213f74e1aa8c7b7807a69c28c33b4c
X13422.66,13422-66,Q16206,ENOX2,Ecto-NOX disulfide-thiol exchanger 2,GCST90422132,06704313b19cec1e10021e76ee616c43
X13423.94,13423-94,Q9BRX8,PRXL2A,Redox-regulatory protein FAM213A,GCST90422133,16276799d4c8fe9ad834f8705ebfe120
X13427.66,13427-66,Q9NR34,MAN1C1,"Mannosyl-oligosaccharide 1,2-alpha-mannosidase IC",GCST90422134,255edc6f0c048b0297b9775f5eb4bb34
X13429.3,13429-3,Q9H1F0,WFDC10A,WAP four-disulfide core domain protein 10A,GCST90422135,e6cf2a2e0360e1ffa9b96554d09cda86
X13430.50,13430-50,Q13336,SLC14A1,Urea transporter 1,GCST90422136,23f77cd0e104bfb167bf5a23f63feb88
X13431.74,13431-74,Q6UWV7,SHISAL2A,Membrane protein FAM159A,GCST90422137,877805b742fa5739a529050b19b9e883
X13432.9,13432-9,Q5T4F4,ZFYVE27,"Protrudin:Cytoplasmic domain, region 1, isoform 6",GCST90422138,74838844a284110c2fbcbce1a62b044f
X13434.172,13434-172,Q9NVD7,PARVA,Alpha-parvin,GCST90422139,fa52a466be63a8f7898713620621d55a
X13435.31,13435-31,Q6UXL0,IL20RB,Interleukin-20 receptor subunit beta,GCST90422140,c7973d1239ea118ae4b3e55a23aec7a5
X13436.54,13436-54,P56270,MAZ,Myc-associated zinc finger protein,GCST90422141,bef4e648654b76b0350e94364316b103
X13438.115,13438-115,Q9H2X0,CHRD,Chordin,GCST90422142,803f2e791171a7c912f1058c999f0c9c
X13439.6,13439-6,P0C7M6,IQCF3,IQ domain-containing protein F3,GCST90422143,643c56444284ea90cb4ef848dd98132d
X13441.30,13441-30,Q155Q3,DIXDC1,Dixin,GCST90422144,a3a0a5d9fdc804a9e71e5ca875ab8a3d
X13447.42,13447-42,Q5BIV9,SPRN,Shadow of prion protein,GCST90422145,4556a24e6007cb9004bc30f538cc4c44
X13449.25,13449-25,Q15427,SF3B4,Splicing factor 3B subunit 4,GCST90422146,a5c98aa0e4dafb98b30991094643470e
X13450.49,13450-49,P40818,USP8,Ubiquitin carboxyl-terminal hydrolase 8,GCST90422147,2751823b23d6a0d9383ff72efae60e11
X13451.2,13451-2,Q9H6D8,FNDC4,Fibronectin type III domain-containing protein 4,GCST90422148,171b51dc53eb49ecd9f215c5d4807c72
X13452.113,13452-113,P0DJ93,SMIM13,Small integral membrane protein 13,GCST90422149,397b7a22ba3c5e3c5efd6328b0aaf0e5
X13453.2,13453-2,O75394,MRPL33,"39S ribosomal protein L33, mitochondrial",GCST90422150,9c9c09bbde189c913ed91bb519b5c962
X13457.33,13457-33,Q9UKW6,ELF5,ETS-related transcription factor Elf-5,GCST90422151,6fc69e298872f602ac73cb4de1f6d979
X13459.30,13459-30,Q9NXH8,TOR4A,Torsin-4A,GCST90422152,118dd988e880db5695042b4f2e011b07
X13460.4,13460-4,O15335,CHAD,Chondroadherin,GCST90422153,fb67001b16626745140a214084a6c63e
X13463.1,13463-1,Q92626,PXDN,Peroxidasin homolog,GCST90422154,58d1c17e7f0725b51c20079008c760fb
X13464.8,13464-8,Q8N912,NRAC,Nutritionally-regulated adipose and cardiac enriched protein homolog,GCST90422155,4da416b29b08d7219776ae5f9707d68a
X13465.5,13465-5,P53805,RCAN1,Calcipressin-1,GCST90422156,f12030c9cca0629bcf6514c449abe50f
X13468.5,13468-5,Q96JN8,NEURL4,Neuralized-like protein 4,GCST90422157,dbecab97b664ab03ce1e1f6308b06603
X13470.43,13470-43,Q03431,PTH1R,Parathyroid hormone/parathyroid hormone-related peptide receptor,GCST90422158,c60b68c17923474518b2c79c9f1f5cca
X13472.35,13472-35,Q9H0R4,HDHD2,Haloacid dehalogenase-like hydrolase domain-containing protein 2,GCST90422159,1ceed03e420d549012ec1c49ed54bb96
X13473.55,13473-55,P23677,ITPKA,Inositol-trisphosphate 3-kinase A,GCST90422160,36e02810a36d5de48f15cfdaade70323
X13474.40,13474-40,Q9Y2Q3,GSTK1,Glutathione S-transferase kappa 1,GCST90422161,f0a39ff1d9e5b90d1718a56d64cafbd0
X13475.10,13475-10,Q9Y2X8,UBE2D4,Ubiquitin-conjugating enzyme E2 D4,GCST90422162,3d5357f95b238bb097d008ed274b8976
X13476.16,13476-16,O60870,KIN,DNA/RNA-binding protein KIN17,GCST90422163,a51482e42b1de4114f9c434ceb4e0725
X13477.65,13477-65,Q15722,LTB4R,Leukotriene B4 receptor 1,GCST90422164,8f162161ccf3a7fe115e327034f69036
X13479.8,13479-8,A8MVW0,FAM171A2,Protein FAM171A2,GCST90422165,b6f9faa8d3b9552ee55fbc4953e82460
X13481.24,13481-24,Q15560,TCEA2,Transcription elongation factor A protein 2,GCST90422166,21908a0c04867192f622ae8882f94a7b
X13482.14,13482-14,A5YKK6,CNOT1,CCR4-NOT transcription complex subunit 1,GCST90422167,6639815e028c83a5015ed516dfc573c0
X13484.69,13484-69,P02452,COL1A1,Collagen alpha-1(I) chain:N-term propeptide,GCST90422168,9beeb6dd1daca65e5903f3b5ced8b613
X13485.20,13485-20,Q96K49,TMEM87B,Transmembrane protein 87B,GCST90422169,ce51eb360223818c34503962f7378181
X13486.9,13486-9,Q13563,PKD2,Polycystin-2:Cytoplasmic domain 1,GCST90422170,b4698a77ad316eadc9c9c0e85f2243b9
X13487.24,13487-24,Q9H1C4,UNC93B1,Protein unc-93 homolog B1,GCST90422171,9fded019ee8f4aad44889d468ec5ec6f
X13488.3,13488-3,P53367,ARFIP1,Arfaptin-1,GCST90422172,39fd8394b97e27ab2789a199712e7ecc
X13490.1,13490-1,Q9NZW5,MPP6,MAGUK p55 subfamily member 6,GCST90422173,60bed01c81e3cb58a390a6edc9156a22
X13491.40,13491-40,O43924,PDE6D,"Retinal rod rhodopsin-sensitive cGMP 3',5'-cyclic phosphodiesterase subunit delta",GCST90422174,b7e98e1150d91a9693dd40981f36bd8a
X13492.44,13492-44,P38646,HSPA9,"Stress-70 protein, mitochondrial",GCST90422175,37ef42815efcada6aa7c333fe3f2ab1b
X13493.5,13493-5,Q9ULK0,GRID1,"Glutamate receptor ionotropic, delta-1",GCST90422176,d0e4b6481173dd5662c4722b5c86ab23
X13494.6,13494-6,Q8N5B7,CERS5,Ceramide synthase 5,GCST90422177,1d87c29600317ce26f72ea66f096e415
X13495.48,13495-48,Q8TDS4,HCAR2,Hydroxycarboxylic acid receptor 2,GCST90422178,8f0ab0f5fb88c015a4aa5410c00495e8
X13496.19,13496-19,Q01581,HMGCS1,"Hydroxymethylglutaryl-CoA synthase, cytoplasmic",GCST90422179,66394c0218e85514a3282079d4b34d84
X13497.34,13497-34,O75822,EIF3J,Eukaryotic translation initiation factor 3 subunit J,GCST90422180,1c30b97bf3833dbb43f2b1411e6f6ccc
X13498.1,13498-1,Q9UGB7,MIOX,Inositol oxygenase,GCST90422181,8a16e980c4714c4deb04c76be3f5d880
X13499.30,13499-30,P00451,F8,Coagulation Factor VIII,GCST90422182,5dbb510ce36191fc524853dd3e3236c1
X13501.10,13501-10,Q8TBE7,SLC35G2,Solute carrier family 35 member G2,GCST90422183,768a9c78bed2e1fc88ac08dff0d7dae4
X13502.2,13502-2,Q86WA9,SLC26A11,Sodium-independent sulfate anion transporter,GCST90422184,a85ce2a1226994b556ec735d7c8289cf
X13503.19,13503-19,O75915,ARL6IP5,PRA1 family protein 3,GCST90422185,a00919f06779009b49b2e4eddfb19f1e
X13504.147,13504-147,O43390,HNRNPR,Heterogeneous nuclear ribonucleoprotein R,GCST90422186,dd58ac13a0f52c54f3e723b75069dfb8
X13506.10,13506-10,Q9NX74,DUS2,tRNA-dihydrouridine(20) synthase [NAD(P)+]-like,GCST90422187,9f5bd979f0274e377556cc5c0638a9a7
X13509.5,13509-5,Q8TAC9,SCAMP5,Secretory carrier-associated membrane protein 5,GCST90422188,7c0a533fb1ac5e520a9c8b51fe18134b
X13510.7,13510-7,Q93084,ATP2A3,Sarcoplasmic/endoplasmic reticulum calcium ATPase 3,GCST90422189,5f6227892364b0f5d230ff04577ed393
X13511.29,13511-29,Q01826,SATB1,DNA-binding protein SATB1,GCST90422190,86c46e027211259caaf99e9fd5bd36dc
X13512.28,13512-28,O43390,HNRNPR,Heterogeneous nuclear ribonucleoprotein R,GCST90422191,1a09a4fe02690ba8737f06bb8c5c3c48
X13513.174,13513-174,Q9Y6X2,PIAS3,E3 SUMO-protein ligase PIAS3,GCST90422192,e1ea94a32a3925f8fd2bfc0cfd3fe44b
X13515.8,13515-8,Q96P16,RPRD1A,Regulation of nuclear pre-mRNA domain-containing protein 1A,GCST90422193,fbecceca5cd280e2fe32238efa6f6bb3
X13516.46,13516-46,Q5J8M3,EMC4,ER membrane protein complex subunit 4,GCST90422194,9e0bc8ff26e568d8c9eaa29fed20d150
X13517.3,13517-3,Q3KNS1,PTCHD3,Patched domain-containing protein 3,GCST90422195,fcc9ba3dfd77c3f95123ce5f825e1c58
X13518.5,13518-5,O43150,ASAP2,"Arf-GAP with SH3 domain, ANK repeat and PH domain-containing protein 2",GCST90422196,50c87fcda21737f18b3c07c27e5fef9a
X13519.112,13519-112,Q86VW2,ARHGEF25,Rho guanine nucleotide exchange factor 25,GCST90422197,5550b2df3e4bdbae67c24dd4a431d5fb
X13522.20,13522-20,P62760,VSNL1,Visinin-like protein 1,GCST90422198,126e9a2cf91db4b9cdf980da565b01e6
X13524.25,13524-25,Q96MM7,HS6ST2,Heparan-sulfate 6-O-sulfotransferase 2,GCST90422199,b6df9c96ecdde27a26355ef1a6610fe5
X13525.17,13525-17,Q8TDN1,KCNG4,Potassium voltage-gated channel subfamily G member 4,GCST90422200,894ec081f1f2010341e81acc36fe07bd
X13526.5,13526-5,P05455,SSB,Lupus La protein:RNA recognition motif,GCST90422201,e25b1457bac9b757df45bd820dd73a9d
X13529.39,13529-39,Q9ULW6,NAP1L2,Nucleosome assembly protein 1-like 2,GCST90422202,f1b087e17e2c5738bd4455b0ce2380f9
X13530.5,13530-5,Q9UKP6,UTS2R,Urotensin-2 receptor,GCST90422203,ef3e07b60e0a2c9892a08ce18c927d89
X13532.25,13532-25,Q8N9A8,CNEP1R1,Nuclear envelope phosphatase-regulatory subunit 1,GCST90422204,5723dd8e9259e2f9c81b47dcb0b65e1c
X13534.20,13534-20,P54296,MYOM2,Myomesin-2,GCST90422205,0a04bc46934412961aaf3a4c059630b7
X13535.2,13535-2,Q9Y5P4,CERT1,Collagen type IV alpha-3-binding protein:PH domain,GCST90422206,1a766b04a05c51f4eb60e35e8a46a94e
X13536.56,13536-56,Q9UNA4,POLI,DNA polymerase iota,GCST90422207,f378983650cdd5a13e864561eaa30bc1
X13539.131,13539-131,Q92952,KCNN1,Small conductance calcium-activated potassium channel protein 1,GCST90422208,f7bc97ee18e2476104042d174b90e2e7
X13540.1,13540-1,Q8NDV2,GPR26,G-protein coupled receptor 26,GCST90422209,5666f0a5e1867db14e33318295cb8879
X13541.1,13541-1,Q8N699,MYCT1,Myc target protein 1,GCST90422210,33bf1228a2e6da6d529c381fd351b7df
X13543.7,13543-7,Q14914,PTGR1,Prostaglandin reductase 1,GCST90422211,d4f46b8251c5625b0ad88b525ce3c785
X13544.9,13544-9,Q92619,ARHGAP45,Rho GTPase-activating protein 45,GCST90422212,bb9e0e49449c05b9b7a3a03580142f0d
X13545.97,13545-97,Q8N9N8,EIF1AD,Probable RNA-binding protein EIF1AD,GCST90422213,29a8d900596eb2d4853b4e04cfd1d32b
X13547.5,13547-5,P34969,HTR7,5-hydroxytryptamine receptor 7,GCST90422214,042b0b8ead4ee80f217202a9b431f000
X13548.53,13548-53,Q5VZY2,PLPP4,Phosphatidate phosphatase PPAPDC1A,GCST90422215,f398c3c875dc25ceba025991610126a2
X13549.15,13549-15,Q9UKF5,ADAM29,Disintegrin and metalloproteinase domain-containing protein 29,GCST90422216,e348f58a293283fc9d71214d08da9003
X13552.7,13552-7,Q9UH65,SWAP70,Switch-associated protein 70,GCST90422217,f5804d9605b43518bcd8b6494e6eaf20
X13553.4,13553-4,Q8IWE4,DCUN1D3,DCN1-like protein 3,GCST90422218,6f71ec9b9c9e183095c1cf99752bddc4
X13554.78,13554-78,Q9BWE0,REPIN1,Replication initiator 1,GCST90422219,fee288b949c37235adb3585955051dcb
X13556.28,13556-28,P28223,HTR2A,5-hydroxytryptamine receptor 2A,GCST90422220,5de679c611c29b2b64b01345d683edba
X13557.3,13557-3,Q9NQS3,NECTIN3,Nectin-3,GCST90422221,21277ef4290fc84c76a83a3d24b3b003
X13561.5,13561-5,P50406,HTR6,5-hydroxytryptamine receptor 6,GCST90422222,a117062bf5ddc36a633c36754cc94ffc
X13563.259,13563-259,Q8N6N7,ACBD7,Acyl-CoA-binding domain-containing protein 7,GCST90422223,b1fc7372c52c09cd29cd02f1c0229b28
X13565.2,13565-2,Q08999,RBL2,Retinoblastoma-like protein 2,GCST90422224,2b398881f61bbdaea79ba5bca39adbff
X13566.2,13566-2,Q9NP77,SSU72,RNA polymerase II subunit A C-terminal domain phosphatase SSU72,GCST90422225,9e966cde294381db74b2f368a2106c44
X13568.30,13568-30,P55036,PSMD4,26S proteasome non-ATPase regulatory subunit 4,GCST90422226,bccae77eaca2ae48efcdd75fc6825356
X13570.43,13570-43,Q00341,HDLBP,Vigilin,GCST90422227,574a38b77ab272b7d9bc7adcb12e34d4
X13572.43,13572-43,O00231,PSMD11,26S proteasome non-ATPase regulatory subunit 11,GCST90422228,c40bb4a70e8937291a03ac54dbe259fd
X13573.5,13573-5,O15145,ARPC3,Actin-related protein 2/3 complex subunit 3,GCST90422229,15a180a4f859e1fc5c99bb01de15f38b
X13574.50,13574-50,Q92730,RND1,Rho-related GTP-binding protein Rho6,GCST90422230,a834f98463f850c434356d414f20c6aa
X13575.40,13575-40,O14641,DVL2,Segment polarity protein dishevelled homolog DVL-2,GCST90422231,670c7ea66cafa0fbbba4fbad02c7821d
X13576.15,13576-15,P09211,GSTP1,Glutathione S-transferase P,GCST90422232,f4954f2a22e8269995561f7d8522ded8
X13577.25,13577-25,P26368,U2AF2,Splicing factor U2AF 65 kDa subunit,GCST90422233,ba1d571de2a017c328cf50ce9c52a440
X13578.98,13578-98,O94929,ABLIM3,Actin-binding LIM protein 3,GCST90422234,2c1f40d1b2519fa9274ab7b65c8b5c1e
X13580.2,13580-2,Q16222,UAP1,UDP-N-acetylhexosamine pyrophosphorylase,GCST90422235,3116aa3935287b9af1954f3750e56d39
X13583.19,13583-19,O14727,APAF1,Apoptotic protease-activating factor 1,GCST90422236,68ab6add2138fe0345661ddde67d0533
X13587.10,13587-10,Q9H0H5,RACGAP1,Rac GTPase-activating protein 1,GCST90422237,b3b19eb1004d240872ea6b035314ae00
X13588.11,13588-11,O76027,ANXA9,Annexin A9,GCST90422238,5693147cd6bd0ad82fa8f8b8b7f4f6a7
X13589.10,13589-10,O95704,APBB3,"Amyloid beta A4 precursor protein-binding family B member 3:Phosphotyrosine Interaction Domain 2, Isoform IV",GCST90422239,e22915a32cc2a5792cfd77de787ffaaa
X13590.1,13590-1,Q9Y3B8,REXO2,"Oligoribonuclease, mitochondrial",GCST90422240,7857232d1568178b2e49ecc88f9bb886
X13591.31,13591-31,P49642,PRIM1,DNA primase small subunit,GCST90422241,4cd41bb0b7c93e542841657d56323ab2
X13594.158,13594-158,Q9UJY5,GGA1,ADP-ribosylation factor-binding protein GGA1,GCST90422242,7a6435ea46edfc8c05bd57e113c8c0f8
X13595.20,13595-20,Q9BU02,THTPA,Thiamine-triphosphatase,GCST90422243,5c7ebd7d455d6926ff1134dc8cf1f8b4
X13596.3,13596-3,O00194,RAB27B,Ras-related protein Rab-27B,GCST90422244,526fe372ccf5d6e6ff13a55f0ffd9bc9
X13597.20,13597-20,Q13636,RAB31,Ras-related protein Rab-31,GCST90422245,42704e2a663f2fabde1275c2dea4bc99
X13599.15,13599-15,Q7Z6M1,RABEPK,Rab9 effector protein with kelch motifs,GCST90422246,d24caa204c5428b295a70d4e8c5d6102
X13602.6,13602-6,P55769,SNU13,NHP2-like protein 1,GCST90422247,4177c879e8417c496d2678f86da8904e
X13603.7,13603-7,Q8TAC1,RFESD,Rieske domain-containing protein,GCST90422248,cd0779a370e21e205ab497ae74846295
X13604.27,13604-27,O76050,NEURL1,E3 ubiquitin-protein ligase NEURL1,GCST90422249,32c1afd96ae9c23300cc99c959d2fe78
X13605.16,13605-16,Q9UJ72,ANXA10,Annexin A10,GCST90422250,54be5175ba8a2d27531a0355bab2baa0
X13609.11,13609-11,P78347,GTF2I,General transcription factor II-I,GCST90422251,9d182346108014919383ff94847535df
X13610.9,13610-9,P43363,MAGEA10,Melanoma-associated antigen 10,GCST90422252,26f6d98444a89b441240a3bafc21cb9b
X13612.7,13612-7,O60759,CYTIP,Cytohesin-interacting protein,GCST90422253,7d7484d587e23fc9037ed7b3828c22b0
X13613.23,13613-23,Q9Y6K8,AK5,Adenylate kinase isoenzyme 5,GCST90422254,3432874948ab3c759d3fcc1ba4f9822c
X13615.60,13615-60,O43639,NCK2,Cytoplasmic protein NCK2,GCST90422255,cbd971bdf66e371e417a9bb6bf243a1c
X13618.15,13618-15,Q9Y6D9,MAD1L1,Mitotic spindle assembly checkpoint protein MAD1,GCST90422256,b365eed9305f42a33ffe057ecbf6b5c1
X13620.10,13620-10,O43681,GET3,ATPase ASNA1,GCST90422257,d1af18b3a1eb52eca9e3b61f729c1ac3
X13621.31,13621-31,O94973,AP2A2,AP-2 complex subunit alpha-2,GCST90422258,301b776a32cf391e3f0724d1d9df3e39
X13622.16,13622-16,Q15172,PPP2R5A,Serine/threonine-protein phosphatase 2A 56 kDa regulatory subunit alpha isoform,GCST90422259,b1e36662f41c136130eebd89fc7fa54c
X13623.4,13623-4,O14686,KMT2D,Histone-lysine N-methyltransferase 2D,GCST90422260,61bb4a8b3e07661e1013a0de341d0e81
X13624.17,13624-17,O95544,NADK,NAD kinase,GCST90422261,7aa46be2f71389f635ce7822f38689d4
X13625.19,13625-19,P05455,SSB,Lupus La protein:HTH La-type RNA-binding domain,GCST90422262,ac4c748d394d4a968722e0c88ae47aff
X13628.58,13628-58,Q14449,GRB14,Growth factor receptor-bound protein 14,GCST90422263,ec7fe727e0fd90c72cb7f0894e77bd0d
X13629.25,13629-25,Q9Y4P1,ATG4B,Cysteine protease ATG4B,GCST90422264,73c929a135379ed5d3eeb51eb1b5f68f
X13631.1,13631-1,Q15291,RBBP5,Retinoblastoma-binding protein 5,GCST90422265,c2932882eedf9e84195df1993aaa004e
X13632.10,13632-10,Q15942,ZYX,Zyxin,GCST90422266,de0b5d354c61ac11b9f4973a5ef77d77
X13634.209,13634-209,O00625,PIR,Pirin,GCST90422267,89a5ea15ed9269ff5ca68a4146885d4f
X13636.20,13636-20,P55209,NAP1L1,Nucleosome assembly protein 1-like 1,GCST90422268,4dffab90ec6bd66dcc0868262f3e4a2a
X13639.101,13639-101,O60763,USO1,General vesicular transport factor p115,GCST90422269,d9b68360e4be9225650fb5685da84955
X13640.5,13640-5,P41182,BCL6,B-cell lymphoma 6 protein,GCST90422270,6df194797ca3bafd64f6bac699e62d97
X13642.90,13642-90,O14879,IFIT3,Interferon-induced protein with tetratricopeptide repeats 3,GCST90422271,7752a768d68c1c3075ceb7bba370f0ea
X13644.30,13644-30,O14964,HGS,Hepatocyte growth factor-regulated tyrosine kinase substrate,GCST90422272,2b809d3d688dec75978769c7ef86defa
X13645.14,13645-14,Q92620,DHX38,Pre-mRNA-splicing factor ATP-dependent RNA helicase PRP16,GCST90422273,9927105ea44c49bd69a2ac7ef457477c
X13650.11,13650-11,Q9NZI2,KCNIP1,Kv channel-interacting protein 1,GCST90422274,6f5a3ec6439928415f35ce9bef9afaaa
X13651.54,13651-54,Q96JP5,ZFP91,E3 ubiquitin-protein ligase ZFP91,GCST90422275,15bd3fd479760a207912fe0dea6fb5db
X13652.2,13652-2,O75674,TOM1L1,TOM1-like protein 1,GCST90422276,a898a0d788d250a7a2512124841c1004
X13653.335,13653-335,Q9BQ69,MACROD1,O-acetyl-ADP-ribose deacetylase MACROD1,GCST90422277,b41f23ee457f300aa4c712d321b39bb5
X13654.1,13654-1,O75116,ROCK2,Rho-associated protein kinase 2,GCST90422278,76224f4563e2e8edbec7413abea94292
X13655.34,13655-34,P19338,NCL,Nucleolin,GCST90422279,2056943e7011d15e8bf94dd75d2c8576
X13657.2,13657-2,Q96T60,PNKP,Bifunctional polynucleotide phosphatase/kinase,GCST90422280,b39ba5d7f71383263fd081d9bc928ede
X13658.31,13658-31,Q9NRA1,PDGFC,Platelet-derived growth factor C,GCST90422281,8cd4cc4f86ec5774db4e84d6fbc098f6
X13659.36,13659-36,Q9HD20,ATP13A1,Manganese-transporting ATPase 13A1,GCST90422282,586f910b31dc718ff352e966abab02fe
X13660.76,13660-76,O15123,ANGPT2,Angiopoietin-2,GCST90422283,69c4502cf1cfd45abb854aa3634480d7
X13661.193,13661-193,P28325,CST5,Cystatin-D,GCST90422284,f4879e0aacba23fe93fb7d7d19e8d5a9
X13663.2,13663-2,P05112,IL4,Interleukin-4,GCST90422285,9a8e4abe8a2fcf3a529114602426d5db
X13665.35,13665-35,Q06190,PPP2R3A,Serine/threonine-protein phosphatase 2A regulatory subunit B'' subunit alpha,GCST90422286,a03cf5b11ec4cce300cb14bfb5f28771
X13666.222,13666-222,Q9NS85,CA10,Carbonic anhydrase-related protein 10,GCST90422287,57df5e6a68bac29058ba766c174661bd
X13668.44,13668-44,Q06418,TYRO3,Tyrosine-protein kinase receptor TYRO3,GCST90422288,aa15a7c20c65d9e3217b137a29f740a1
X13669.6,13669-6,P22607,FGFR3,Fibroblast growth factor receptor 3:Extracellular domain,GCST90422289,c8596bb4cc0ecb696420de0ba29f4e88
X13670.81,13670-81,Q9NZK7,PLA2G2E,Group IIE secretory phospholipase A2,GCST90422290,147904d7db7407378adf276013983a74
X13671.40,13671-40,P08246,ELANE,Neutrophil elastase,GCST90422291,e251b92ee48e5331014ce21d40fdb62a
X13672.3,13672-3,P17066,HSPA6,Heat shock 70 kDa protein 6,GCST90422292,f1a9014008fc00501b885d8edaa5258e
X13673.21,13673-21,Q99832,CCT7,T-complex protein 1 subunit eta,GCST90422293,1a6ea37c9b1fdefe8fb9f5a5f091679d
X13676.46,13676-46,P09529,INHBB,Inhibin beta B chain,GCST90422294,80df994661d376f9bb1662264b2fdf0c
X13678.169,13678-169,P00746,CFD,Complement factor D,GCST90422295,1c3e5b923fabc58ac0d20d180eddf786
X13680.3,13680-3,Q15742,NAB2,NGFI-A-binding protein 2,GCST90422296,cba433d35e4698f86c3572bc616036b3
X13681.173,13681-173,P19784,CSNK2A2,Casein kinase II subunit alpha',GCST90422297,6b2b8bdbc4ec970999dc866ade8ac08b
X13682.47,13682-47,P07333,CSF1R,Macrophage colony-stimulating factor 1 receptor,GCST90422298,f7fb219912f124d2b0c757254f6cd86b
X13686.2,13686-2,Q01344,IL5RA,Interleukin-5 receptor subunit alpha,GCST90422299,609c6c7c4f711a76a6e9b7e87809c4e0
X13687.5,13687-5,P22362,CCL1,C-C motif chemokine 1,GCST90422300,aaade8485f01ec3a2371bc0cc5276f77
X13688.2,13688-2,Q8WWF8,CAPSL,Calcyphosin-like protein,GCST90422301,ecae6b3f05c2aa6ac9ff97ac888ffd2c
X13689.2,13689-2,P11926,ODC1,Ornithine decarboxylase,GCST90422302,d611d1956d7d6818920e222fd20ebc62
X13690.26,13690-26,P21810,BGN,Biglycan,GCST90422303,d471cb93c0b47f93e35cd8921c355b08
X13691.10,13691-10,Q8N695,SLC5A8,Sodium-coupled monocarboxylate transporter 1,GCST90422304,16b254bea614c0ea0a27626401734899
X13692.154,13692-154,O95388,CCN4,WNT1-inducible-signaling pathway protein 1,GCST90422305,6e4b3d49095b39cdbd3d5c56bd17df0b
X13693.5,13693-5,Q49AH0,CDNF,Cerebral dopamine neurotrophic factor,GCST90422306,78ae4959bed07cc1fe0aabecf0a5add1
X13694.24,13694-24,Q9HC73,CRLF2,Cytokine receptor-like factor 2,GCST90422307,7046d29c5cffdfa9bdba019c1101aea6
X13697.51,13697-51,P21695,GPD1,"Glycerol-3-phosphate dehydrogenase [NAD(+)], cytoplasmic",GCST90422308,233a529e17ec9012c6ddf8d580772207
X13698.28,13698-28,Q8IZA0,KIAA0319L,Dyslexia-associated protein KIAA0319-like protein,GCST90422309,047f237992efd2044dc7a38585ad72d4
X13699.6,13699-6,P07288,KLK3,Prostate-specific antigen,GCST90422310,0e23d7ffa8001d89a749c07122cf27b5
X13700.10,13700-10,P07355,ANXA2,Annexin A2,GCST90422311,2bdee00158ae888f91320aea9bc9de84
X13701.2,13701-2,O43927,CXCL13,C-X-C motif chemokine 13,GCST90422312,8e9b1ba1af04a2fa0a8ff71f60557535
X13704.5,13704-5,P54868,HMGCS2,"Hydroxymethylglutaryl-CoA synthase, mitochondrial",GCST90422313,7049d0571dd41cafe57355d9f7e5a81d
X13706.12,13706-12,P42701,IL12RB1,Interleukin-12 receptor subunit beta-1,GCST90422314,30e312bd7471ecf2df2a45998f42bf70
X13707.27,13707-27,Q14515,SPARCL1,SPARC-like protein 1,GCST90422315,4cd8a341f48f5856c889335700f9163f
X13708.56,13708-56,O60259,KLK8,Kallikrein-8,GCST90422316,9ba60da49a7412c1fe52bf56c9ed4e47
X13710.6,13710-6,P05155,SERPING1,Plasma protease C1 inhibitor,GCST90422317,979c692152646daf395220b716127248
X13711.10,13711-10,Q00610,CLTC,Clathrin heavy chain 1,GCST90422318,a235721db0fb5559c2a3b5a50157a0a8
X13712.104,13712-104,P12544,GZMA,Granzyme A,GCST90422319,39be32983c106e2240c298826f2868e5
X13717.15,13717-15,Q15485,FCN2,Ficolin-2,GCST90422320,7315adc4d8097b4fc1e802ea02c2a721
X13719.19,13719-19,O96013,PAK4,Serine/threonine-protein kinase PAK 4,GCST90422321,6c528ef0f9f2b6e0b8d21c5bcc8048e2
X13720.95,13720-95,P24158,PRTN3,Myeloblastin,GCST90422322,36dcd6eda09eda7137ea9220919ee33c
X13722.105,13722-105,P02748,C9,Complement component C9,GCST90422323,38ceea4f4b5233a3c2da00838c2cbb8e
X13723.6,13723-6,P22301,IL10,Interleukin-10,GCST90422324,bbf4f0b8de5b086c8ceb08075e9c379c
X13724.27,13724-27,O95750,FGF19,Fibroblast growth factor 19,GCST90422325,b88feb2e95a8bd2ed3ad0c68eb1bff78
X13725.3,13725-3,O43320,FGF16,Fibroblast growth factor 16,GCST90422326,5c23477c1a56aef234c0983d19d33564
X13726.4,13726-4,P33681,CD80,T-lymphocyte activation antigen CD80,GCST90422327,30d623fb05608bd4b2083fa473a50914
X13727.44,13727-44,O43791,SPOP,Speckle-type POZ protein,GCST90422328,9f4ca8513e1aeda8551f1bcb01d29f9d
X13728.19,13728-19,P30040,ERP29,Endoplasmic reticulum resident protein 29,GCST90422329,1c1203a01c1f90dca70007c084ee17ac
X13729.26,13729-26,Q8TD22,SFXN5,Sideroflexin-5,GCST90422330,a08b053ee501970dbc0e6c0704b88559
X13730.18,13730-18,P53634,CTSC,Dipeptidyl peptidase 1,GCST90422331,13af1206243ad8e943f2ce64f973be8d
X13731.14,13731-14,P10643,C7,Complement component C7,GCST90422332,4ed11ee1077741ad17df0fff435d2c7e
X13732.79,13732-79,Q16619,CTF1,Cardiotrophin-1,GCST90422333,d40c2c442f6260d65cebbb769c182cae
X13733.5,13733-5,P29460,IL12B,Interleukin-12 subunit beta,GCST90422334,5614646420f8b853748c636b67184bb4
X13734.22,13734-22,Q8IU54,IFNL1,Interferon lambda-1,GCST90422335,0255b623c10b54ca08a0a6aab1f4bdeb
X13735.1,13735-1,P47736,RAP1GAP,Rap1 GTPase-activating protein 1,GCST90422336,e8eed9afe5d9b21006e65e20fc375677
X13738.8,13738-8,P08476,INHBA,Inhibin beta A chain,GCST90422337,50b703508f89eab1b375ef438ebeb41c
X13739.3,13739-3,Q9NZU1,FLRT1,Leucine-rich repeat transmembrane protein FLRT1,GCST90422338,c4e2560c9e55103044d714e44d8e53eb
X13740.51,13740-51,Q92765,FRZB,Secreted frizzled-related protein 3,GCST90422339,e6ba6085ee01d57a21469ed4bcad8a39
X13741.36,13741-36,P08833,IGFBP1,Insulin-like growth factor-binding protein 1,GCST90422340,405ae4e1d4b07d7d63c880b28a3c315c
X13742.66,13742-66,Q9GZX6,IL22,Interleukin-22,GCST90422341,fc99422143fb0a43fb12faed9602e8c9
X13743.56,13743-56,Q13620,CUL4B,Cullin-4B,GCST90422342,e2c5e59c0b96de83ca949157ac64e401
X13744.37,13744-37,P26951,IL3RA,Interleukin-3 receptor subunit alpha,GCST90422343,085dbaa2da9811cb2445f0fca5de9189
X13745.10,13745-10,Q13563,PKD2,Polycystin-2:Cytoplasmic domain 4,GCST90422344,9959c373af2f7473cfbf1e5d72454aac
X13747.9,13747-9,P23280,CA6,Carbonic anhydrase 6,GCST90422345,51fda753da4c00b10d8e02d144610dbe
X13748.4,13748-4,P80075,CCL8,C-C motif chemokine 8,GCST90422346,c590ee171fcf2aadbfb291f4f0f579c4
X13924.13,13924-13,P0CAP1,MYZAP,Myocardial zonula adherens protein,GCST90422347,05266c0109ddb3a8cbb7ce1bf206477a
X13926.1,13926-1,Q9H9A7,RMI1,RecQ-mediated genome instability protein 1,GCST90422348,1ea646eb88cec5f7ba579ed29075630b
X13929.27,13929-27,Q9UKG9,CROT,Peroxisomal carnitine O-octanoyltransferase,GCST90422349,0e07bc7c37b6e6763b9f496b11c9ce23
X13930.3,13930-3,Q9HC16,APOBEC3G,DNA dC->dU-editing enzyme APOBEC-3G,GCST90422350,e440f3f5515e817e93015c3f46e9c6a2
X13931.22,13931-22,O00233,PSMD9,26S proteasome non-ATPase regulatory subunit 9,GCST90422351,f73db3a2ea6a2e62b7c84fae28f9d5c5
X13932.45,13932-45,Q14155,ARHGEF7,Rho guanine nucleotide exchange factor 7,GCST90422352,b47440be2dfda1ca23952cecf02e7325
X13933.276,13933-276,Q13506,NAB1,NGFI-A-binding protein 1,GCST90422353,af8142882a479f66379a44f624ab87ac
X13934.3,13934-3,O15068,MCF2L,Guanine nucleotide exchange factor DBS,GCST90422354,4a1df7cb7086367429bbd44c21f38c82
X13936.24,13936-24,P07205,PGK2,Phosphoglycerate kinase 2,GCST90422355,24aec5530022a66e5cd991ff9c829d38
X13937.75,13937-75,Q86VP6,CAND1,Cullin-associated NEDD8-dissociated protein 1,GCST90422356,9848f13bbee5cd6a21ea73ace448100b
X13939.14,13939-14,Q16851,UGP2,UTP--glucose-1-phosphate uridylyltransferase,GCST90422357,b304dd504de2edd6ff3aa571de55b525
X13940.19,13940-19,Q16666,IFI16,"Gamma-interferon-inducible protein 16:Isoform 2, Hematopoietic expression, interferon-inducible nature, and nuclear localization 1",GCST90422358,b88ebc970463c1d8086b7942564e5ac3
X13941.82,13941-82,O95363,FARS2,"Phenylalanine--tRNA ligase, mitochondrial",GCST90422359,b991f16ae2af912f96581029a15c0af3
X13942.140,13942-140,Q96BD6,SPSB1,SPRY domain-containing SOCS box protein 1,GCST90422360,7da7b105fbb5287d6789bdb8d41956ff
X13943.38,13943-38,Q9C005,DPY30,Protein dpy-30 homolog,GCST90422361,eef4cf5d11e9353da878844a3a62313e
X13944.3,13944-3,P0DMM9,SULT1A3,Sulfotransferase 1A3,GCST90422362,938e60011c593cc71557aafbb589cf26
X13946.8,13946-8,Q9BUQ8,DDX23,Probable ATP-dependent RNA helicase DDX23,GCST90422363,c44f1a9a96da1b74cd3edc3502cefcfa
X13947.371,13947-371,Q9BQG2,NUDT12,Peroxisomal NADH pyrophosphatase NUDT12,GCST90422364,16d634b06fcbe3ddadad81f18b3e7d80
X13948.50,13948-50,O75899,GABBR2,Gamma-aminobutyric acid type B receptor subunit 2:Extracellular domain,GCST90422365,897f788aa00c7f7591a239f1b2406a05
X13950.9,13950-9,Q9Y5P4,CERT1,"Collagen type IV alpha-3-binding protein:StAR-related lipid-transfer domain, isoform 2",GCST90422366,ddf3cedd1260a5a4dc77712bba00d3d1
X13954.9,13954-9,Q96EK6,GNPNAT1,Glucosamine 6-phosphate N-acetyltransferase,GCST90422367,541b783725bf36c4f7249dfca1cc7fc4
X13955.33,13955-33,P53355,DAPK1,Death-associated protein kinase 1,GCST90422368,b10c73b9e0d820835785fe8f6e4d61a0
X13958.5,13958-5,Q8TBY0,RBM46,Probable RNA-binding protein 46,GCST90422369,42466033f5d3319a2f17e37d10c15614
X13959.7,13959-7,P28838,LAP3,Cytosol aminopeptidase,GCST90422370,fd1e8f27e70bb56ca8f62d47e2340646
X13960.15,13960-15,Q96P47,AGAP3,"Arf-GAP with GTPase, ANK repeat and PH domain-containing protein 3",GCST90422371,0956e542dce582d2540865edc6d79f9f
X13961.18,13961-18,Q9Y496,KIF3A,Kinesin-like protein KIF3A,GCST90422372,b6fa4a17907b0fb5846b9661ec6cddd6
X13963.7,13963-7,Q9H0E2,TOLLIP,Toll-interacting protein,GCST90422373,6cb9e6934ae79e5f6a5afeffa5612061
X13966.30,13966-30,Q5VTT5,MYOM3,Myomesin-3,GCST90422374,ebfe9706a72cf7ffa1ad0f458458ea0a
X13967.14,13967-14,Q16881,TXNRD1,"Thioredoxin reductase 1, cytoplasmic",GCST90422375,180525427a722f9c520954d1053f2239
X13969.24,13969-24,O60684,KPNA6,Importin subunit alpha-7,GCST90422376,34fc28bdeb12bc2a6b08b4735e695fa0
X13972.4,13972-4,Q9BPX1,HSD17B14,17-beta-hydroxysteroid dehydrogenase 14,GCST90422377,45f4e6def6da139a94af985efb82b3bd
X13973.62,13973-62,Q8NG68,TTL,Tubulin--tyrosine ligase,GCST90422378,91a33a82e87df395a6d84a6f2a26b172
X13975.56,13975-56,Q13136,PPFIA1,Liprin-alpha-1,GCST90422379,50d88870d5ff751fa8fe87004acd5474
X13976.9,13976-9,Q92888,ARHGEF1,Rho guanine nucleotide exchange factor 1,GCST90422380,4d1d0c8cd952b299d200265ef968c316
X13977.28,13977-28,Q99728,BARD1,BRCA1-associated RING domain protein 1,GCST90422381,8bc086015ec439581658261ee6ed2735
X13978.122,13978-122,O15119,TBX3,T-box transcription factor TBX3,GCST90422382,84f8a280465e8662bd6d26e282853e3d
X13979.3,13979-3,Q8TE54,SLC26A7,Anion exchange transporter,GCST90422383,fa62e72ed97b74c31e1d4ad32cbca556
X13982.33,13982-33,Q9NS28,RGS18,Regulator of G-protein signaling 18,GCST90422384,c30babcc20328d742af47e87ec5e846b
X13983.27,13983-27,Q08257,CRYZ,Quinone oxidoreductase,GCST90422385,33627fb74510c94c6bf05a5d5b17c730
X13984.23,13984-23,Q9UHL0,DDX25,ATP-dependent RNA helicase DDX25,GCST90422386,41e178aba7fc2ec1ae9211c03c8bf750
X13985.12,13985-12,Q9HAU4,SMURF2,E3 ubiquitin-protein ligase SMURF2,GCST90422387,0b569b053cbaf52cdcee8395877f3d60
X13986.6,13986-6,O43813,LANCL1,LanC-like protein 1,GCST90422388,e33fa3c81efa15937ffbaf7db54b8276
X13988.67,13988-67,Q9HBL8,NMRAL1,NmrA-like family domain-containing protein 1,GCST90422389,518da88d8a253d419fa8a51709678092
X13990.1,13990-1,P11498,PC,"Pyruvate carboxylase, mitochondrial",GCST90422390,b7140d4e822df36d1a91439054652888
X13991.47,13991-47,O43432,EIF4G3,Eukaryotic translation initiation factor 4 gamma 3,GCST90422391,b748e1e96900efd06265a4eef1974976
X13992.12,13992-12,P46459,NSF,Vesicle-fusing ATPase,GCST90422392,247c062024d6fe8875f6d79e187ddf9b
X13993.20,13993-20,Q9H4G0,EPB41L1,Band 4.1-like protein 1,GCST90422393,0042e4127e356195da18906e52e8f484
X13994.1,13994-1,P22087,FBL,rRNA 2'-O-methyltransferase fibrillarin,GCST90422394,e819eaec11fcb04d37de29748ede491e
X13996.16,13996-16,Q96CD2,PPCDC,Phosphopantothenoylcysteine decarboxylase,GCST90422395,fd5d26c0b00ecc533dc11c6358cd38ea
X13998.26,13998-26,Q8N142,ADSS1,Adenylosuccinate synthetase isozyme 1,GCST90422396,a1ccecc9b6bac19d134d0a28b0f32a34
X14002.18,14002-18,Q9BZ29,DOCK9,Dedicator of cytokinesis protein 9,GCST90422397,9da1deabd34c31d3ad044655b5c7b9f6
X14005.2,14005-2,Q9P2D1,CHD7,Chromodomain-helicase-DNA-binding protein 7,GCST90422398,ca379ced3cd642e1c6c214064962e235
X14006.36,14006-36,Q14749,GNMT,Glycine N-methyltransferase,GCST90422399,cc2c5c0c05f4c077e838ef97b06d3b9a
X14007.22,14007-22,O43252,PAPSS1,Bifunctional 3'-phosphoadenosine 5'-phosphosulfate synthase 1,GCST90422400,a5ed2862450b03602650cda368012e5d
X14008.22,14008-22,Q9NPI6,DCP1A,mRNA-decapping enzyme 1A,GCST90422401,8608163af73bd831d163141806c9d018
X14009.65,14009-65,P21580,TNFAIP3,Tumor necrosis factor alpha-induced protein 3,GCST90422402,7e07bb5e8b22c9170f217e1453942a9c
X14011.17,14011-17,P31949,S100A11,Protein S100-A11,GCST90422403,8309361bebb670aef37d8e4fc4ee9fe6
X14012.17,14012-17,Q96C10,DHX58,Probable ATP-dependent RNA helicase DHX58,GCST90422404,b099e5399fd40970acba4cf7078de68a
X14013.11,14013-11,Q92844,TANK,TRAF family member-associated NF-kappa-B activator,GCST90422405,472b600bfdd74cbdd10754de14889c29
X14019.73,14019-73,Q92817,EVPL,Envoplakin,GCST90422406,7817f6b686d5856fad684c50259d7db1
X14021.81,14021-81,Q9NPJ6,MED4,Mediator of RNA polymerase II transcription subunit 4,GCST90422407,e6148458590ebebe53af318434fe87e9
X14022.17,14022-17,Q9UHF5,IL17B,Interleukin-17B,GCST90422408,074d90ffaf38fcf52a1cd6082e58a3e9
X14023.84,14023-84,P21815,IBSP,Bone sialoprotein 2,GCST90422409,240c05279d3702dfdb995f3b9e8c0fec
X14024.196,14024-196,Q92838,EDA,"Ectodysplasin-A, secreted form",GCST90422410,897ad561f4fb902150b0f87be0808c23
X14025.18,14025-18,Q07011,TNFRSF9,Tumor necrosis factor receptor superfamily member 9,GCST90422411,178ee2171bdf143931661b8782b1c859
X14026.24,14026-24,Q96PD4,IL17F,Interleukin-17F,GCST90422412,30f45fae74ab98c32b04df2d8fb1b8d4
X14028.22,14028-22,O00443,PIK3C2A,Phosphatidylinositol 4-phosphate 3-kinase C2 domain-containing subunit alpha,GCST90422413,e0f1877e326970f3b45de053f3cf49bf
X14029.42,14029-42,P61201,COPS2,COP9 signalosome complex subunit 2,GCST90422414,b3891e536fc0d74f99d668a74abc24ca
X14030.21,14030-21,P23510,TNFSF4,Tumor necrosis factor ligand superfamily member 4,GCST90422415,26b6dbd1b99753231f91580ab7573215
X14031.18,14031-18,P21781,FGF7,Fibroblast growth factor 7,GCST90422416,612d7d55262c50cbcb5bebeb8bdc58f3
X14032.2,14032-2,P15692,VEGFA,"Vascular endothelial growth factor A, isoform 121",GCST90422417,a154a0a04f3bd0c73e4fab97e5fd25c9
X14034.22,14034-22,P09758,TACSTD2,Tumor-associated calcium signal transducer 2,GCST90422418,bd1ef5d8858d17441a8cf212672644d7
X14035.13,14035-13,Q13009,TIAM1,T-lymphoma invasion and metastasis-inducing protein 1,GCST90422419,becddce8d9272b7dfc2bf102cdb308be
X14036.116,14036-116,O75970,MPDZ,Multiple PDZ domain protein,GCST90422420,e46ed9315b5d8274d11b9b4ab37af49b
X14037.18,14037-18,Q9H6Z4,RANBP3,Ran-binding protein 3,GCST90422421,a12154239b058da8c5fa59d27e2817bf
X14038.130,14038-130,O76096,CST7,Cystatin-F,GCST90422422,390b7f0cc2508e8819ee8059c88de312
X14039.33,14039-33,Q9Y337,KLK5,Kallikrein-5,GCST90422423,853ce48f6925a29741be2647589cb34a
X14041.13,14041-13,P10144,GZMB,Granzyme B,GCST90422424,fc9a0a8f9255117a62f9b60b6e6d4384
X14042.11,14042-11,Q8N474,SFRP1,Secreted frizzled-related protein 1,GCST90422425,4950580346cda03789dbb295479841dd
X14043.12,14043-12,Q15075,EEA1,Early endosome antigen 1,GCST90422426,c57199adcc3aab600830026df75a2ddf
X14045.12,14045-12,Q15596,NCOA2,Nuclear receptor coactivator 2,GCST90422427,f31e39ef65f90b5ab115d91f8a8126ef
X14047.78,14047-78,P23560,BDNF,Brain-derived neurotrophic factor,GCST90422428,24a95b9f0657a0f19af30867923345c5
X14048.7,14048-7,Q9NPH3,IL1RAP,Interleukin-1 Receptor accessory protein,GCST90422429,c74896eefd2828e2efc6716c2dfee85a
X14049.17,14049-17,P13232,IL7,Interleukin-7,GCST90422430,bb4a0d209406e0b06d6fe2374e76a56b
X14050.61,14050-61,P52798,EFNA4,Ephrin-A4,GCST90422431,9c34d41752e8956cfcf76c7fd5779c7a
X14051.54,14051-54,Q99958,FOXC2,Forkhead box protein C2,GCST90422432,aa22ff9036f25a405addae24683d847d
X14052.26,14052-26,Q9UPW8,UNC13A,Protein unc-13 homolog A,GCST90422433,9e72cfcd26cd724a3ce8f8572b706fe0
X14054.17,14054-17,Q13261,IL15RA,Interleukin-15 receptor subunit alpha,GCST90422434,48c231555e9bd88b62be6c2b8d854366
X14056.4,14056-4,P01215,CGA,Glycoprotein hormones alpha chain,GCST90422435,a62e45d78b4c3f29bbd38c993c105330
X14057.68,14057-68,O95150,TNFSF15,Tumor necrosis factor ligand superfamily member 15,GCST90422436,e621d3ad064326446019b8c0d151bf49
X14061.48,14061-48,O14788,TNFSF11,Tumor necrosis factor ligand superfamily member 11,GCST90422437,a096eee9fbf142a92db3db455ee87248
X14063.17,14063-17,P13725,OSM,Oncostatin-M,GCST90422438,1bb608d0eeb43ca840ea4080103cba8a
X14064.21,14064-21,O75594,PGLYRP1,Peptidoglycan recognition protein 1,GCST90422439,d798ddb0d1bba3ccc51f592de3b7b0b8
X14065.11,14065-11,P06127,CD5,T-cell surface glycoprotein CD5:Cytoplasmic domain,GCST90422440,8daaa801ac34b631580c163ef83f08bb
X14066.49,14066-49,Q86UL8,MAGI2,"Membrane-associated guanylate kinase, WW and PDZ domain-containing protein 2",GCST90422441,03810eca46398b5e73cfb1a43f12e038
X14067.6,14067-6,Q99959,PKP2,Plakophilin-2,GCST90422442,cad7134434831ad095bbb2a18a0ed8a4
X14068.29,14068-29,O15444,CCL25,C-C motif chemokine 25,GCST90422443,73b2a934854ade24b13dd04f668ed5d8
X14069.61,14069-61,P22748,CA4,Carbonic anhydrase 4,GCST90422444,1a26b24f67f667dc0cf0065e73225fae
X14070.56,14070-56,Q15811,ITSN1,Intersectin-1,GCST90422445,e1ce77db260ba42ec1eaf346a7443b5a
X14073.31,14073-31,P02790,HPX,Hemopexin,GCST90422446,7ddef2d48738b730457ff5545386a94f
X14074.2,14074-2,P98077,SHC2,SHC-transforming protein 2,GCST90422447,70e92025acd95cf79e2a255af643de7c
X14076.74,14076-74,P01036,CST4,Cystatin-S,GCST90422448,998a67b92357c434f774b07197dd66b7
X14077.6,14077-6,O75636,FCN3,Ficolin-3,GCST90422449,ae8ba49d9ab34528d74676f523cb65f6
X14078.69,14078-69,P47992,XCL1,Lymphotactin,GCST90422450,fc7a30f7ef09f3d48834f76145f7751e
X14079.14,14079-14,Q13478,IL18R1,Interleukin-18 receptor 1,GCST90422451,7fa08b3e92005a5f219a46c5d1fe643a
X14081.5,14081-5,Q9BZM6,ULBP1,NKG2D ligand 1,GCST90422452,28ab94098f2902b290238aa24447c8d4
X14082.56,14082-56,Q9Y4G6,TLN2,Talin-2,GCST90422453,b06ba9621f9a52c9667d141b4d7a7ecd
X14083.25,14083-25,P49903,SEPHS1,"Selenide, water dikinase 1",GCST90422454,61a57e82bd0eab2887580b45688168c1
X14085.28,14085-28,P35225,IL13,Interleukin-13,GCST90422455,4af092560c42fd416f50bd97ba23a1d9
X14086.11,14086-11,Q92484,SMPDL3A,Acid sphingomyelinase-like phosphodiesterase 3a,GCST90422456,cefbb1a436155852c27d5bff953afb97
X14088.38,14088-38,P24592,IGFBP6,Insulin-like growth factor-binding protein 6,GCST90422457,ae192c1443efb0d4d3a568beab934f9a
X14090.23,14090-23,Q9H4E7,DEF6,Differentially expressed in FDCP 6 homolog,GCST90422458,2e9aeba95d21c01df3c7b06a027855ca
X14091.42,14091-42,O75828,CBR3,Carbonyl reductase [NADPH] 3,GCST90422459,d24bfa07a03aa9b3b67f08e2967f423b
X14093.10,14093-10,P49771,FLT3LG,Fms-related tyrosine kinase 3 ligand,GCST90422460,5303c5a2d44fa468460baf155c4345e2
X14094.29,14094-29,Q99075,HBEGF,Heparin-binding EGF-like growth factor,GCST90422461,d8ff91e756a2433ec6a4b68c9df697c1
X14095.1,14095-1,P26718,KLRK1,NKG2-D type II integral membrane protein,GCST90422462,42fb59ffd0e343d308a20fe096571870
X14097.86,14097-86,Q7LFX5,CHST15,Carbohydrate sulfotransferase 15,GCST90422463,f6f79eb759b9bd998f10f3f158f5a672
X14098.28,14098-28,P49589,CARS1,"Cysteine--tRNA ligase, cytoplasmic",GCST90422464,82a2a0de1bc64643991bf350836871af
X14099.20,14099-20,P25789,PSMA4,Proteasome subunit alpha type-4,GCST90422465,24a4ba479b73fa7afd4b7d70c4b27068
X14100.63,14100-63,P02747,C1QC,Complement C1q subcomponent subunit C,GCST90422466,0beae4e651d0d5766cc50c5bae64ab3b
X14101.2,14101-2,P26992,CNTFR,Ciliary neurotrophic factor receptor subunit alpha,GCST90422467,f41f1369cfae5a15a38946dbe0d1e3ba
X14102.6,14102-6,P22749,GNLY,Granulysin,GCST90422468,3da438dcfaec1f48ab44e2741c6c0412
X14103.12,14103-12,Q9NRR2,TPSG1,Tryptase gamma,GCST90422469,4a23f3b9aa23df04411f6e26109d5ddd
X14104.1,14104-1,Q7L0X0,TRIL,TLR4 interactor with leucine rich repeats:Cytoplasmic domain,GCST90422470,2b5ced8dffae4b318bf7856dd1626ec0
X14105.5,14105-5,P29622,SERPINA4,Kallistatin,GCST90422471,55889e3906c9d794ed19557de5c0be8d
X14106.46,14106-46,P52306,RAP1GDS1,Rap1 GTPase-GDP dissociation stimulator 1,GCST90422472,49e368dde01b7fc4ba992885973992bf
X14107.1,14107-1,P49914,MTHFS,5-formyltetrahydrofolate cyclo-ligase,GCST90422473,6b216a13cd2137116b0615f1e0180212
X14108.15,14108-15,P01137,TGFB1,Transforming growth factor beta-1,GCST90422474,b8248e1e47f93153c9c362a70ad0d8e9
X14109.15,14109-15,Q16663,CCL15,C-C motif chemokine 15,GCST90422475,ea1f8907bc7dfe56dc92e83f08543480
X14110.200,14110-200,P09486,SPARC,SPARC,GCST90422476,4c9a0a3092eff8244003fca680de0a54
X14111.15,14111-15,P35442,THBS2,Thrombospondin-2,GCST90422477,401e375d36fda7d22c9c4196888e30db
X14112.40,14112-40,Q969Z4,RELT,Tumor necrosis factor receptor superfamily member 19L,GCST90422478,c3f5e9ba7c6a2d7fe7f00906432102c5
X14114.18,14114-18,Q8IYJ0,PIANP,PILR alpha-associated neural protein,GCST90422479,153fa7bde0826733e45b1f8bf8e27f95
X14115.34,14115-34,P35318,ADM,Adrenomedullin,GCST90422480,3edd8bfba83b1be51bdc453dcd8938fe
X14116.129,14116-129,P26447,S100A4,Protein S100-A4,GCST90422481,0b81d3a4de3af3904a27124b46794190
X14120.2,14120-2,Q68DV7,RNF43,E3 ubiquitin-protein ligase RNF43,GCST90422482,a2f8e442fd1abd055a43cdb97c27fb44
X14121.24,14121-24,Q9UBN6,TNFRSF10D,Tumor necrosis factor receptor superfamily member 10D,GCST90422483,bb1b48b3a1f9c147eff45ef27b2cab1b
X14122.132,14122-132,Q9ULT6,ZNRF3,E3 ubiquitin-protein ligase ZNRF3,GCST90422484,811434b2e3f79413e158b67ade53df8b
X14123.34,14123-34,Q9H7M9,VSIR,V-type immunoglobulin domain-containing suppressor of T-cell activation:Extracellular domain,GCST90422485,f2bba86e0336c53b47180471cc2483a6
X14124.6,14124-6,O43921,EFNA2,Ephrin-A2,GCST90422486,aa059fcb00b628db3a54242114bb1180
X14125.5,14125-5,O95445,APOM,Apolipoprotein M,GCST90422487,61e65e8ec21d10ce83d18d02f3d54e09
X14127.240,14127-240,P01574,IFNB1,Interferon beta,GCST90422488,868af449a0a8c50f1d8b4c572fbea5da
X14128.121,14128-121,P01566,IFNA10,Interferon alpha-10,GCST90422489,e260ce17d6fae02e5131a8292e1c0686
X14129.1,14129-1,P01567,IFNA7,Interferon alpha-7,GCST90422490,45250f22a7e4feed876b54cfcdca99f5
X14131.37,14131-37,P52799,EFNB2,Ephrin-B2:Extracellular domain,GCST90422491,b3bd2902cb452e74d16412093f195db2
X14132.21,14132-21,Q9UM44,HHLA2,HERV-H LTR-associating protein 2,GCST90422492,dbfb292e944a2cc88adfa9c18fdd1c58
X14133.93,14133-93,P27930,IL1R2,Interleukin-1 receptor type 2,GCST90422493,24341ac7c6e95b02234413f217a410f5
X14134.49,14134-49,Q86SJ2,AMIGO2,Amphoterin-induced protein 2,GCST90422494,ade799ffa1076611946288765d84e08d
X14135.3,14135-3,Q9HBX9,RXFP1,Relaxin receptor 1,GCST90422495,6af7bd0d3d249c139c06d92ba4215304
X14136.234,14136-234,Q9NPY3,CD93,Complement component C1q receptor,GCST90422496,0666bed50695e7b38a2c38dae7223737
X14139.16,14139-16,Q8WWG1,NRG4,Neuregulin-4,GCST90422497,f6cd6fcf87756ebcb8aaa04c69967c77
X14143.8,14143-8,Q16778,H2BC21,Histone H2B type 2-E,GCST90422498,a4c36e61188cb896d591488eb259d129
X14144.3,14144-3,Q7L7L0,H2AW,Histone H2A type 3,GCST90422499,a31ea701f8fb849656b930ddd9e7889c
X14146.92,14146-92,P68431,H3C1,Histone H3.1,GCST90422500,1235ed8dedd7f0db3a62fea3fab9fcb8
X14148.2,14148-2,P05161,ISG15,Ubiquitin-like protein ISG15,GCST90422501,8933bc4148b824cfeb501596b4c0562c
X14149.9,14149-9,Q9NZH7,IL36B,Interleukin-36 beta,GCST90422502,27c7b9b20e3833238a4b554caf958519
X14150.7,14150-7,Q9UHA7,IL36A,Interleukin-36 alpha,GCST90422503,020c5f7541ff6b5b266f9d682e54d96b
X14151.4,14151-4,P05161,ISG15,Ubiquitin-like protein ISG15,GCST90422504,ac387fccf9e39243e67edcc6a6772107
X14153.8,14153-8,P52797,EFNA3,Ephrin-A3,GCST90422505,b4e1d8188557b44c651a6ea77355818b
X14156.33,14156-33,P31946,YWHAB,14-3-3 protein beta/alpha,GCST90422506,7bcdede807945db36b9254952881b9ac
X14157.21,14157-21,P62258,YWHAE,14-3-3 protein epsilon,GCST90422507,9154d4421550cff9bd82e6239290c599
X14158.17,14158-17,P08758,ANXA5,Annexin A5,GCST90422508,325856d20cf3081846e3317249ef53cf
X14178.18,14178-18,Q16667,CDKN3,Cyclin-dependent kinase inhibitor 3,GCST90422509,8b1fca332c89f16c079cae20fcfa936c
X14186.13,14186-13,Q8WZ73,RFFL,E3 ubiquitin-protein ligase rififylin,GCST90422510,a5adbc7d4b4e417f456f686fe7bac8e2
X14192.31,14192-31,Q8N4E4,PDCL2,Phosducin-like protein 2,GCST90422511,8c890e83e1a3ca1779d71b3b84848c9e
X14197.2,14197-2,O75626,PRDM1,PR domain zinc finger protein 1,GCST90422512,50d9f3c98ddc347f5e37842a968de620
X14203.3,14203-3,P20073,ANXA7,Annexin A7,GCST90422513,43dd120297c4a8c3f9069696b6ecbe7c
X14204.55,14204-55,Q9P0K8,FOXJ2,Forkhead box protein J2,GCST90422514,e2c3690b5bf3205c091600bd848816c2
X14205.6,14205-6,Q96MH2,HEXIM2,Protein HEXIM2,GCST90422515,bce35f011b46d990bfcf1d60cf60916f
X14206.28,14206-28,O00213,APBB1,Amyloid beta A4 precursor protein-binding family B member 1:Phosphotyrosine Interaction Domain 2,GCST90422516,e8442e4b78a413da865247f39ac64a39
X14208.3,14208-3,Q96R05,RBP7,Retinoid-binding protein 7,GCST90422517,8ad50c7f22edfba570fe2e44e85f0252
X14226.120,14226-120,Q9H2M3,BHMT2,S-methylmethionine--homocysteine S-methyltransferase BHMT2,GCST90422518,84adf535326b111c3ded64212c804e37
X14227.21,14227-21,P14649,MYL6B,Myosin light chain 6B,GCST90422519,0eb6b8d2336a7349d892bb9f50e26490
X14229.5,14229-5,O95396,MOCS3,Adenylyltransferase and sulfurtransferase MOCS3,GCST90422520,fd675cf312b6c100ccfe9e93695fa276
X14237.1,14237-1,P0DMV8,HSPA1A,Heat shock 70 kDa protein 1A,GCST90422521,2d95747eb33affee8ca5f92011748a4f
X14245.195,14245-195,Q9UNH6,SNX7,Sorting nexin-7,GCST90422522,6bf6f7ef9eb60dbc2fd3b423f77e9ee4
X14246.50,14246-50,O60496,DOK2,Docking protein 2,GCST90422523,834f9a8ee833dc4173ff6418d5c26b8f
X14249.68,14249-68,Q9UJV3,MID2,Probable E3 ubiquitin-protein ligase MID2,GCST90422524,e80bec60074eb28acf6289e6290ffc2f
X14250.115,14250-115,Q13867,BLMH,Bleomycin hydrolase,GCST90422525,de50d0fabc46d14284cdc57ce680b222
X14254.27,14254-27,P29074,PTPN4,Tyrosine-protein phosphatase non-receptor type 4,GCST90422526,485995c4476d1045ab8656941a304140
X14260.112,14260-112,Q7Z628,NET1,Neuroepithelial cell-transforming gene 1 protein,GCST90422527,4d403e2db0a37a95abd8e91676a28dd6
X14268.4,14268-4,Q9BYN0,SRXN1,Sulfiredoxin-1,GCST90422528,e28b3bf0466b43e89a0173613cb2b2fa
X14271.23,14271-23,Q9NRW1,RAB6B,Ras-related protein Rab-6B,GCST90422529,384221b3e90aaaf3ad9587ada8a01a29
X14273.19,14273-19,P48147,PREP,Prolyl endopeptidase,GCST90422530,fdd74559079520636742591aeb2c3f2b
X14283.12,14283-12,P61106,RAB14,Ras-related protein Rab-14,GCST90422531,b351898b9e4597b1be27a264945813a2
X14286.2,14286-2,O95644,NFATC1,"Nuclear factor of activated T-cells, cytoplasmic 1",GCST90422532,ce06bf94be4e4c66fa465a0d3f202bb2
X14287.6,14287-6,P51148,RAB5C,Ras-related protein Rab-5C,GCST90422533,62c68e77be568354850f501ac7e15dd6
X14291.53,14291-53,Q99490,AGAP2,"Arf-GAP with GTPase, ANK repeat and PH domain-containing protein 2",GCST90422534,c9f46ed4ed6fab77d03d1e2bcc44a58f
X14294.61,14294-61,Q9UIS9,MBD1,Methyl-CpG-binding domain protein 1,GCST90422535,3d47177b63f9a15b8732423c564a890d
X14309.8,14309-8,P31943,HNRNPH1,Heterogeneous nuclear ribonucleoprotein H,GCST90422536,4ad07f6d188e712f1c71bb176d4c21ed
X14314.6,14314-6,Q13356,PPIL2,Peptidyl-prolyl cis-trans isomerase-like 2,GCST90422537,4e19c60bce1abb5b665205854ec8bb07
X14318.1,14318-1,Q9UBQ0,VPS29,Vacuolar protein sorting-associated protein 29,GCST90422538,9c853974a371f66d30911e132b9816c2
X14324.52,14324-52,Q9UQE7,SMC3,Structural maintenance of chromosomes protein 3,GCST90422539,757f1b07e1df3d4b1d3cae1b0d34e429
X14326.4,14326-4,P51965,UBE2E1,Ubiquitin-conjugating enzyme E2 E1,GCST90422540,e1a4631179cc09ab1c39323879629f90
X14329.4,14329-4,Q9BTC0,DIDO1,Death-inducer obliterator 1,GCST90422541,d8946b814c18f7daebee24fadb850856
X14331.262,14331-262,P63172,DYNLT1,Dynein light chain Tctex-type 1,GCST90422542,c61d4b44aa014b1cde1587126ffeee1c
X14332.3,14332-3,P11233,RALA,Ras-related protein Ral-A,GCST90422543,6881246d644dbe6e1690c0b6a9a478f7
X14334.3,14334-3,P35243,RCVRN,Recoverin,GCST90422544,608d38e6a5178e09748187a2de3abd30
X14337.1,14337-1,O43617,TRAPPC3,Trafficking protein particle complex subunit 3,GCST90422545,2d97c8d1e45f120df2dbf5922f043cf2
X14341.8,14341-8,Q0P6D2,DIPK1C,Protein FAM69C,GCST90422546,8f9895f9d302c93fa112d0dca6bf9195
X14583.49,14583-49,O14793,MSTN,Growth/differentiation factor 8,GCST90422547,2c03005980e8d84dd9bf9e7f2a9367e3
X14587.16,14587-16,O95390,GDF11,Growth/differentiation factor 11,GCST90422548,92b75ccf8cfbd5b7a9609a5f8d5fc565
X14593.152,14593-152,Q96ND0,FAM210A,Protein FAM210A,GCST90422549,8575c7e5afde0b41dd5eea5796c76616
X14597.5,14597-5,Q9H3T2,SEMA6C,"Semaphorin-6C, cytoplasmic",GCST90422550,59e970662139ef978ba5121b6acf7bdc
X14599.18,14599-18,Q9NY15,STAB1,Stabilin-1,GCST90422551,b084b27e6db6a288bc8683f24c79ed3e
X14603.51,14603-51,Q15053,KIAA0040,Uncharacterized protein KIAA0040,GCST90422552,f8b09598c7d9866625ae26cbf43a11d9
X14614.41,14614-41,Q5T1S8,NCMAP,Noncompact myelin-associated protein,GCST90422553,7209758b18620634a5dd38a85944573a
X14615.46,14615-46,Q9BYR9,KRTAP2-4,Keratin-associated protein 2-4,GCST90422554,3ce9ae59dbd0d36a52ee792067b1b4b9
X14616.16,14616-16,Q96SR6,ZNF382,Zinc finger protein 382,GCST90422555,bf753489bfdeb4a61530ad1ad957acf3
X14618.26,14618-26,Q96AW1,VOPP1,"Vesicular, overexpressed in cancer, prosurvival protein 1",GCST90422556,cac2acbd24185edfd90dc2629d6d3b3a
X14619.8,14619-8,Q8TF50,ZNF526,Zinc finger protein 526,GCST90422557,3a09e6970905c921a1599154eb14d545
X14623.26,14623-26,P55854,SUMO3,Small ubiquitin-related modifier 3,GCST90422558,e26dafcde84ee7a691ab7ec2af2dd305
X14624.51,14624-51,P49711,CTCF,Transcriptional repressor CTCF,GCST90422559,7b2b1bfe8e78fa21a17436ecd0a321c1
X14628.72,14628-72,Q9UK99,FBXO3,F-box only protein 3,GCST90422560,13cfd37e8c102fe93b47d68f9c9506a2
X14631.22,14631-22,Q9BY84,DUSP16,Dual specificity protein phosphatase 16,GCST90422561,2e5f3aba3ba4f8f69c829cc02822a6b5
X14633.26,14633-26,Q8NFB2,TMEM185A,Transmembrane protein 185A,GCST90422562,066fb56d72cebef3d432becf97923bb3
X14634.13,14634-13,P22888,LHCGR,Lutropin-choriogonadotropic hormone receptor,GCST90422563,8b072e0572f44c05ed7bbd1c08d08cd7
X14645.253,14645-253,O15217,GSTA4,Glutathione S-transferase A4,GCST90422564,a94eb0341f34f11a9192c386627e40ea
X14655.1,14655-1,Q9NVM6,DNAJC17,DnaJ homolog subfamily C member 17,GCST90422565,b554972fa1737a873717445fa41c6470
X14662.6,14662-6,P28698,MZF1,Myeloid zinc finger 1,GCST90422566,c9271802948a7f6ac8d4d4672c64902c
X14663.44,14663-44,O76064,RNF8,E3 ubiquitin-protein ligase RNF8,GCST90422567,32e2ceea4316f877f02334c28ef72571
X14670.1,14670-1,P12757,SKIL,Ski-like protein,GCST90422568,92f3d3a028fccffb621a80406a62f78b
X14674.63,14674-63,Q9UKS6,PACSIN3,Protein kinase C and casein kinase substrate in neurons protein 3,GCST90422569,13d81a2f85edfd9a92607b89bc0dcba1
X14675.20,14675-20,P23588,EIF4B,Eukaryotic translation initiation factor 4B,GCST90422570,1fb621c3b92b5f7a9d662553a1e2ef33
X14684.17,14684-17,P17655,CAPN2,Calpain-2 catalytic subunit,GCST90422571,665052a2fc0569dce9311e7bebaf8d5d
X14685.17,14685-17,P31751,AKT2,RAC-beta serine/threonine-protein kinase,GCST90422572,a12b640a0baa4458b64939bbd79889da
X14687.6,14687-6,O60664,PLIN3,Perilipin-3,GCST90422573,f29dd85bc464353bd3d1618ac662b71c
X14688.6,14688-6,P35236,PTPN7,Tyrosine-protein phosphatase non-receptor type 7,GCST90422574,a9c6d1c4f7f604b7a7bfb3b910a80611
X14689.3,14689-3,P55735,SEC13,Protein SEC13 homolog,GCST90422575,90589b8d2b6025d29d5125fa41cbed15
X14692.3,14692-3,Q8N554,ZNF276,Zinc finger protein 276,GCST90422576,197fb6df117df4cc11584bbadba4e0ff
X14696.45,14696-45,P20231,TPSB2,Tryptase beta-2,GCST90422577,2870cdae3d12fb22fd0106125de6a1c5
X14703.6,14703-6,P58294,PROK1,Prokineticin-1,GCST90422578,c706319706a14ac032ab758bfc2f1112
X14705.1,14705-1,O43915,VEGFD,Vascular endothelial growth factor D,GCST90422579,56f9ae3cb03e0cf5c58130b9e00afae5
X14708.59,14708-59,P07360,C8G,Complement component C8 gamma chain,GCST90422580,0f9433aa125720feb4132fc2ccd4666f
X14711.27,14711-27,Q15828,CST6,Cystatin-M,GCST90422581,0569a0668eab4170ed847e0c88e03f6a
X14713.46,14713-46,P20160,AZU1,Azurocidin,GCST90422582,d58f524e6d3938f048edc09db961565c
X14747.9,14747-9,O75462,CRLF1,Cytokine receptor-like factor 1,GCST90422583,1033f46d82e4f9f90213501a41e9f347
X14748.31,14748-31,Q13017,ARHGAP5,Rho GTPase-activating protein 5,GCST90422584,83f2d990125b3b06c9904ed5ff2705d9
X14755.4,14755-4,P02788,LTF,Lactotransferrin,GCST90422585,be5ae5fb4b10483f8cfe5dbc0fb54147
X14756.29,14756-29,P13598,ICAM2,Intercellular adhesion molecule 2,GCST90422586,1541bd59169b7a5a98961fbdfe39f61e
X15297.3,15297-3,P33764,S100A3,Protein S100-A3,GCST90422587,28ee6b9daa6db102786ab47306c241f5
X15298.199,15298-199,Q8TDF5,NETO1,Neuropilin and tolloid-like protein 1,GCST90422588,a35d6f1af9d76cee6d395ff95118fc9e
X15299.102,15299-102,Q14696,MESD,LDLR chaperone MESD,GCST90422589,1fe73ac22f9a9cb5c917fd105a040ac9
X15300.66,15300-66,Q9H6E4,CCDC134,Coiled-coil domain-containing protein 134,GCST90422590,673596d5942608b41bbaab3f14e0fab1
X15301.24,15301-24,P26436,ACRV1,Acrosomal protein SP-10,GCST90422591,24ed971ffdba1702d2c5822701685ed6
X15303.63,15303-63,P33763,S100A5,Protein S100-A5,GCST90422592,617aea6daa07b085072399c1fc888aa3
X15304.1,15304-1,Q06141,REG3A,Regenerating islet-derived protein 3-alpha,GCST90422593,f4549269aabc9e660be66218a66354ff
X15305.7,15305-7,O76038,SCGN,Secretagogin,GCST90422594,3e577a3f0b5a4409d70ef7913986d128
X15306.20,15306-20,P01591,JCHAIN,Immunoglobulin J chain,GCST90422595,d0a34fdb5608b01164f223f57f1a1311
X15308.108,15308-108,Q2TAL6,VWC2,Brorin,GCST90422596,ac852375f28848553f0da9394342023a
X15310.61,15310-61,O43663,PRC1,Protein regulator of cytokinesis 1,GCST90422597,c01dcde4d1cfcae0fda2d432ec7d7683
X15312.14,15312-14,Q9UL18,AGO1,Protein argonaute-1,GCST90422598,fcb7bddd5c2bf117d1a157b7fba64093
X15313.28,15313-28,Q13257,MAD2L1,Mitotic spindle assembly checkpoint protein MAD2A,GCST90422599,324abd5343f117c4fe348299761ae0b1
X15314.49,15314-49,Q9Y696,CLIC4,Chloride intracellular channel protein 4,GCST90422600,5a45d26f0e11319f02c2c96d0716b0d5
X15315.64,15315-64,Q9NTM9,CUTC,Copper homeostasis protein cutC homolog,GCST90422601,e4a350a81ae1c7cfb12396fd9ba1455f
X15316.262,15316-262,Q9NX01,TXNL4B,Thioredoxin-like protein 4B,GCST90422602,0df057a95eeef89970e4e52eae6c5d5f
X15318.75,15318-75,P60903,S100A10,Protein S100-A10,GCST90422603,3b21d8147945d99317147a920c12aa1f
X15319.226,15319-226,P78396,CCNA1,Cyclin-A1,GCST90422604,472a46f19688b111a66b88a2e4d1d1c6
X15321.8,15321-8,Q6PUV4,CPLX2,Complexin-2,GCST90422605,efb79e60086fd03e5bed39b2d4757f63
X15322.35,15322-35,P78560,CRADD,Death domain-containing protein CRADD,GCST90422606,319c68605812e66869c36ce521ecc8a2
X15323.112,15323-112,Q9H9G7,AGO3,Protein argonaute-3,GCST90422607,924ad2e7944b2ac5aab38bddb408315b
X15324.58,15324-58,P02792,FTL,Ferritin light chain,GCST90422608,b36ecbbf26b6cace3c8cc0c74e2d2890
X15325.14,15325-14,P17677,GAP43,Neuromodulin,GCST90422609,b4eeb6fc43816c90ddb2a3224c3b396b
X15326.64,15326-64,P32455,GBP1,Guanylate-binding protein 1,GCST90422610,ca0430534f70c7af13abe7a4de326973
X15331.47,15331-47,Q09028,RBBP4,Histone-binding protein RBBP4,GCST90422611,c0357b2139f13187bf167d7303ddc310
X15333.11,15333-11,Q99470,SDF2,Stromal cell-derived factor 2,GCST90422612,72a3a8cc46a4315de64c48bcdf3a923e
X15336.7,15336-7,Q8WWX9,SELENOM,Selenoprotein M,GCST90422613,9e9c2249445676a96e8bf27a6a9669d5
X15339.32,15339-32,Q9Y281,CFL2,Cofilin-2,GCST90422614,71bba598f7c1eea8808d26ab527d408c
X15343.337,15343-337,P01042,KNG1,"Kininogen, HMW, Two Chain",GCST90422615,88354a633caf9545006ad2ab3169666c
X15346.31,15346-31,P01579,IFNG,Interferon gamma,GCST90422616,76af6c7827d4d5936f2af63f89e175f1
X15347.12,15347-12,P02790,HPX,Hemopexin,GCST90422617,33e8c122077af41173574ac21921512d
X15358.28,15358-28,P05408,SCG5,Neuroendocrine protein 7B2,GCST90422618,e19f143bd1abd19e8018a5ac3085e91e
X15361.37,15361-37,Q15327,ANKRD1,Ankyrin repeat domain-containing protein 1,GCST90422619,9b7a525030cb0305f8c9ae62882dfbe1
X15363.32,15363-32,Q6Q788,APOA5,Apolipoprotein A-V,GCST90422620,aeb6e9cf7dda637886cb4cf56842dcf1
X15364.101,15364-101,P02654,APOC1,Apolipoprotein C-I,GCST90422621,f5226d0a5d5ca0a04148dcccd7e62a10
X15365.41,15365-41,O60242,ADGRB3,Adhesion G protein-coupled receptor B3,GCST90422622,00231450850f5df04372dd2e9c898b9a
X15367.38,15367-38,Q8TDL5,BPIFB1,BPI fold-containing family B member 1,GCST90422623,fbb55bd8392a2d5935fc528fabebf52f
X15368.3,15368-3,Q8N8U9,BMPER,BMP-binding endothelial regulator protein,GCST90422624,bb30c23216c0932fa34ececca2b725d7
X15370.5,15370-5,Q9Y3E2,BOLA1,BolA-like protein 1,GCST90422625,1ba91b1cb74a252b8ebc62522c872652
X15372.43,15372-43,P25440,BRD2,Bromodomain-containing protein 2,GCST90422626,ad4ce0a8d464f7300929a2f4ba59cbfd
X15375.49,15375-49,P15086,CPB1,Carboxypeptidase B,GCST90422627,db08597659fa1944f8335614215e5887
X15376.134,15376-134,P14091,CTSE,Cathepsin E,GCST90422628,0eabfa9fe4192445b51ee2bbc5dbea98
X15381.45,15381-45,Q16832,DDR2,Discoidin domain-containing receptor 2,GCST90422629,5a6f06584307f9a463d81161015396e4
X15383.200,15383-200,P14138,EDN3,Endothelin-3,GCST90422630,40108cede467e4e28d98f15f2fb8c232
X15384.15,15384-15,Q9UEF7,KL,Klotho,GCST90422631,a2ad57848c4413c280db918432336978
X15385.116,15385-116,P12104,FABP2,"Fatty acid-binding protein, intestinal",GCST90422632,547b868babc7675003bfcd6a8ca06b7e
X15386.7,15386-7,P15090,FABP4,"Fatty acid-binding protein, adipocyte",GCST90422633,1050c1fcca68e914780e8d5411f7acba
X15387.44,15387-44,O60462,NRP2,Neuropilin-2,GCST90422634,d565dfe60af746e9b23c9daf28065c93
X15388.24,15388-24,P08637,FCGR3A,Low affinity immunoglobulin gamma Fc region receptor III-A,GCST90422635,60cb6818301a7fae382f55ab51ce396d
X15389.1,15389-1,Q16595,FXN,"Frataxin, mitochondrial",GCST90422636,a608e0465345b75628e4bbfb077a1190
X15390.3,15390-3,P22466,GAL,Galanin,GCST90422637,f24d692aa08d428cff1fe0f40ceebc6e
X15391.114,15391-114,Q14393,GAS6,Growth arrest-specific protein 6,GCST90422638,540934471a2bac15354bcd415e3ac4ac
X15394.79,15394-79,Q8IZJ1,UNC5B,Netrin receptor UNC5B,GCST90422639,72bd0a5c8834098645981ee13a4483d6
X15395.15,15395-15,P09488,GSTM1,Glutathione S-transferase Mu 1,GCST90422640,2f2150c496e9dfd46705cf978e182596
X15398.2,15398-2,P55789,GFER,FAD-linked sulfhydryl oxidase ALR,GCST90422641,a351e2100b57aa13685c24fe8fc5888c
X15402.2,15402-2,P41134,ID1,DNA-binding protein inhibitor ID-1,GCST90422642,0ea4612d860b599a759eb61499edc75b
X15403.53,15403-53,Q02363,ID2,DNA-binding protein inhibitor ID-2,GCST90422643,131dff9c4bdfd4ff67c20cfda203c90b
X15404.3,15404-3,P01568,IFNA21,Interferon alpha-21,GCST90422644,e549e27220415f050b80567c05d0fc2f
X15405.23,15405-23,P05014,IFNA4,Interferon alpha-4,GCST90422645,abe1543adff97a43f66cf2073a8710d6
X15412.40,15412-40,Q96CA5,BIRC7,Baculoviral IAP repeat-containing protein 7,GCST90422646,76a3929a390eb94fc5fb04c135ec5697
X15413.3,15413-3,P04180,LCAT,Phosphatidylcholine-sterol acyltransferase,GCST90422647,0201a03d0209c34872fd02d6aad0d160
X15414.316,15414-316,P00338,LDHA,L-lactate dehydrogenase A chain,GCST90422648,9f075f7e388d5741afde32d7ef302aff
X15416.54,15416-54,Q86SG7,LYG2,Lysozyme g-like protein 2,GCST90422649,414e2f1e3ef1219a35ea346b6adf9200
X15417.3,15417-3,P36952,SERPINB5,Serpin B5,GCST90422650,0846a9ad9530fd8ce9bd5a9d9f2ba8e4
X15418.25,15418-25,P53779,MAPK10,Mitogen-activated protein kinase 10,GCST90422651,c6638508a17f76d959635129c8fce29e
X15419.15,15419-15,O60882,MMP20,Matrix metalloproteinase-20,GCST90422652,f751bc110cedda19ce7617b74fd4c5db
X15422.12,15422-12,P02689,PMP2,Myelin P2 protein,GCST90422653,d23977f27aaa49965014538140dc6137
X15426.5,15426-5,Q99519,NEU1,Sialidase-1,GCST90422654,5a48f846e8c354873b9810c6d0a1372a
X15427.35,15427-35,P58215,LOXL3,Lysyl oxidase homolog 3,GCST90422655,c2230e65e1542d099ea62072505d3a14
X15430.165,15430-165,Q9UBM4,OPTC,Opticin,GCST90422656,f1e6401bf9d8947b1a3b24d296f45ea7
X15431.31,15431-31,P00480,OTC,"Ornithine carbamoyltransferase, mitochondrial",GCST90422657,b32d09c252022ffd7052c280346dbcd3
X15432.1,15432-1,Q9NRC9,OTOR,Otoraplin,GCST90422658,f03bc4bbb703e37e18bf4e33182aa8da
X15433.4,15433-4,P12931,SRC,Proto-oncogene tyrosine-protein kinase Src,GCST90422659,4b0067f13ace13e57b3f79eda700b974
X15434.5,15434-5,Q13519,PNOC,Prepronociceptin,GCST90422660,221f6cf75d98ec1aab39e3245206f5bc
X15435.4,15435-4,P00491,PNP,Purine nucleoside phosphorylase,GCST90422661,11a672a92fe02b4153306e987f2a278b
X15436.40,15436-40,O60894,RAMP1,Receptor activity-modifying protein 1,GCST90422662,1ec3039b39be4f4b9929fcdeee727b48
X15437.11,15437-11,O60896,RAMP3,Receptor activity-modifying protein 3,GCST90422663,810d7f387c6b1382a94aeb96e5002185
X15439.21,15439-21,P61587,RND3,Rho-related GTP-binding protein RhoE,GCST90422664,c1b5896ede18127a557836e4b1fa5697
X15440.57,15440-57,P16519,PCSK2,Neuroendocrine convertase 2,GCST90422665,00b27e309ccec832116e3e4f86b9d805
X15441.6,15441-6,P17900,GM2A,Ganglioside GM2 activator,GCST90422666,333b50b0ef3d02ba5130bc60de1245a8
X15444.45,15444-45,P48594,SERPINB4,Serpin B4,GCST90422667,bbdaff4c7baac5fb4857e8bd7e2033af
X15446.25,15446-25,Q02297,NRG1,"Neuregulin-1, sensory and motor neuron-derived factor isoform",GCST90422668,c20adf95a876418f444ae081bea200ad
X15447.45,15447-45,Q00796,SORD,Sorbitol dehydrogenase,GCST90422669,27dc5513a920ce5f3f62d0a3c4f6c2df
X15448.47,15448-47,Q13501,SQSTM1,Sequestosome-1,GCST90422670,365cc25c08b2cefcbeb5093fae0689c4
X15449.33,15449-33,Q96H15,TIMD4,T-cell immunoglobulin and mucin domain-containing protein 4,GCST90422671,459e0d0142a6bf24e444b43fcf9ebf9a
X15452.5,15452-5,P21589,NT5E,5'-Nucleotidase,GCST90422672,ecfbd9fd0258f98ad57cf123caf7612c
X15453.3,15453-3,P02760,AMBP,Alpha-1-microglobulin,GCST90422673,107f03896b1ca04ec72e800c9a7265f3
X15455.40,15455-40,Q13444,ADAM15,Disintegrin and metalloproteinase domain-containing protein 15:Extracellular domain,GCST90422674,72d433aff2b8a1dd915c2297f038714a
X15457.14,15457-14,P15144,ANPEP,Aminopeptidase N,GCST90422675,431cdcbb869d47e8558668596bb951e8
X15460.9,15460-9,P27487,DPP4,Dipeptidyl peptidase 4,GCST90422676,accda4f545ff569bcdce4d4f32d2de88
X15462.28,15462-28,P01732,CD8A,T-cell surface glycoprotein CD8 alpha chain,GCST90422677,72af5589aeb9435954f5b80ac8ba2215
X15465.79,15465-79,Q8N129,CNPY4,Protein canopy homolog 4,GCST90422678,731b3367f9a7618d48ba5ca561cf194f
X15466.30,15466-30,P20849,COL9A1,Collagen alpha-1(IX) chain,GCST90422679,eedd8209d9b2fb06accae274e4f72710
X15467.10,15467-10,Q96CG8,CTHRC1,Collagen triple helix repeat-containing protein 1,GCST90422680,2f270cec60de9b5930430bc98bb25908
X15468.14,15468-14,Q03591,CFHR1,Complement factor H-related protein 1,GCST90422681,c6e8c0becb9e54babfd76110ca4af79e
X15470.11,15470-11,P07686,HEXB,Beta-hexosaminidase subunit beta,GCST90422682,e58cdd9e589437ea3f6e5ba7bc22f6f0
X15471.29,15471-29,P54317,PNLIPRP2,Pancreatic lipase-related protein 2,GCST90422683,365c59088c1efcca7fd9de60255e1457
X15472.16,15472-16,Q86VZ4,LRP11,Low-density lipoprotein receptor-related protein 11,GCST90422684,f70d104f5743f7b30f7ea69f5591a6dc
X15474.7,15474-7,Q13526,PIN1,Peptidyl-prolyl cis-trans isomerase NIMA-interacting 1,GCST90422685,55d54a99b13299534d0a56eac61ca934
X15475.4,15475-4,P55058,PLTP,Phospholipid transfer protein,GCST90422686,836da9d677eb4b9b09990cc2a0dcd095
X15476.6,15476-6,Q6UW15,REG3G,Regenerating islet-derived protein 3-gamma,GCST90422687,e1417e8bef9d4f50c9626469603faa0d
X15480.2,15480-2,O95498,VNN2,Vascular non-inflammatory molecule 2,GCST90422688,71140f9fe6a0c39547058c0fbd570e47
X15481.45,15481-45,P49913,CAMP,Antibacterial protein LL-37,GCST90422689,c01fc69bdc7e4dd44488f7c5caa01f03
X15482.12,15482-12,A8K2U0,A2ML1,Alpha-2-macroglobulin-like protein 1,GCST90422690,1c3cff200eefe2e209985a0864927cad
X15483.377,15483-377,O00468,AGRN,Agrin,GCST90422691,25e5643d60e80f8649c52a5a9cbc812b
X15486.126,15486-126,P19801,AOC1,Amiloride-sensitive amine oxidase [copper-containing],GCST90422692,b46d4ee9f6ccd72fe8889a57a7760c60
X15487.164,15487-164,P23141,CES1,Liver carboxylesterase 1,GCST90422693,f353c9b0c2b6810d0bd152d24de4eb43
X15491.20,15491-20,Q9HCU0,CD248,Endosialin,GCST90422694,f29c8610e24a37a49109e8d23355a760
X15492.1,15492-1,Q9NZV1,CRIM1,Cysteine-rich motor neuron 1 protein:Extracellular domain,GCST90422695,301befbf265bc9fba4342078de259df8
X15494.11,15494-11,Q14512,FGFBP1,Fibroblast growth factor-binding protein 1,GCST90422696,00e9cf179b84716bd4773ef8bc2a39df
X15495.9,15495-9,P41439,FOLR3,Folate receptor gamma,GCST90422697,ca3788f7b7a99be6936d92b2209163ea
X15497.9,15497-9,O14792,HS3ST1,Heparan sulfate glucosamine 3-O-sulfotransferase 1,GCST90422698,ed182379076f68851b86fcdc91fc8ee9
X15499.11,15499-11,O75882,ATRN,Attractin,GCST90422699,02c9a14b356e44d48ec7943d7a74860d
X15503.15,15503-15,O00292,LEFTY2,Left-right determination factor 2,GCST90422700,3e30f536e6beef751f8753930bf4ad7e
X15503.20,15503-20,O00292,LEFTY2,Left-right determination factor 2,GCST90422701,68383396d50a95c760ea2904a2858ece
X15504.39,15504-39,Q96CA5,BIRC7,Baculoviral IAP repeat-containing protein 7 Isoform beta,GCST90422702,2eb2c9d7088271d082c39dc02a055e0b
X15506.34,15506-34,Q9Y561,LRP12,Low-density lipoprotein receptor-related protein 12,GCST90422703,13457e8df7ed25ffedbe9ba23fd03141
X15509.2,15509-2,P54802,NAGLU,Alpha-N-acetylglucosaminidase,GCST90422704,a68ed3a90c536971978ba57fc2f9f6e5
X15511.37,15511-37,O95502,NPTXR,Neuronal pentraxin receptor,GCST90422705,287dc51fccc74f1cf8e8dc3f93c15134
X15513.108,15513-108,Q16651,PRSS8,Prostasin,GCST90422706,6947f4ce45aab74fc85134606cb462db
X15514.26,15514-26,P06276,BCHE,Cholinesterase,GCST90422707,232973fcceaa3def9f84c8843c7da18d
X15515.2,15515-2,P0DJI8,SAA1,Serum amyloid A-1 protein,GCST90422708,1e9efaccb83dc03e0cd0e98b1134665e
X15516.12,15516-12,P35542,SAA4,Serum amyloid A-4 protein,GCST90422709,069885b33db581f9b378c74ef0f5fe93
X15521.4,15521-4,O94985,CLSTN1,Calsyntenin-1,GCST90422710,cb982389b0a866be1cdd89ce0e37102d
X15522.2,15522-2,Q9H4G4,GLIPR2,Golgi-associated plant pathogenesis-related protein 1,GCST90422711,f463352105ce81cd9f237ff8c947ac64
X15523.9,15523-9,P13716,ALAD,Delta-aminolevulinic acid dehydratase,GCST90422712,21957415e403d7d2d3e15f2bc7470b7a
X15524.30,15524-30,P15259,PGAM2,Phosphoglycerate mutase 2,GCST90422713,0c1e892814cf46b10cfe3d1006c14aee
X15525.294,15525-294,P00326,ADH1C,Alcohol dehydrogenase 1C,GCST90422714,b554af510f97ec86ef682c997cf80071
X15526.33,15526-33,P48637,GSS,Glutathione synthetase,GCST90422715,5a1abe701ed815d1e89e2f6ff6a4010e
X15527.90,15527-90,P09622,DLD,"Dihydrolipoyl dehydrogenase, mitochondrial",GCST90422716,5605ce3ed278905ac85effa7e0de715a
X15530.33,15530-33,P54760,EPHB4,Ephrin type-B receptor 4,GCST90422717,3fa606d7571a45cb9034cbe211f66c67
X15533.97,15533-97,P21757,MSR1,Macrophage scavenger receptor types I and II:Extracellular domain,GCST90422718,4c89750c008947422c1d1524819a93b7
X15534.26,15534-26,P40926,MDH2,"Malate dehydrogenase, mitochondrial",GCST90422719,d7939a8015eadec3f97607861e415e3b
X15535.3,15535-3,Q9BQR3,PRSS27,Serine protease 27,GCST90422720,43b108cd78a8bb054280694693ec3205
X15539.15,15539-15,Q96PX8,SLITRK1,SLIT and NTRK-like protein 1,GCST90422721,af178cb39402c44488d2670e98b28993
X15540.6,15540-6,P08670,VIM,Vimentin,GCST90422722,ecdeb47ec9173575a32b817f05c0d793
X15542.19,15542-19,P12532,CKMT1A,"Creatine kinase U-type, mitochondrial",GCST90422723,21a1998556fc7cfddc0aa1cb75bf65c9
X15544.25,15544-25,Q9P0G3,KLK14,Kallikrein-14,GCST90422724,224a657156a2d3ac3d347efc2c0c1da6
X15545.13,15545-13,P63098,PPP3R1,Calcineurin subunit B type 1,GCST90422725,6fe86963e57f8715de0653288790381a
X15553.22,15553-22,P22303,ACHE,Acetylcholinesterase,GCST90422726,c5288b6a1ba6c957951a8b26cf61120e
X15556.49,15556-49,P19961,AMY2B,Alpha-amylase 2B,GCST90422727,f597336545b426061554e1e4f5ba5b54
X15558.63,15558-63,Q07075,ENPEP,Glutamyl aminopeptidase,GCST90422728,7094984c98a90eafa0e8fb560a22d645
X15559.5,15559-5,P58335,ANTXR2,Anthrax toxin receptor 2,GCST90422729,2198b9a338c02d733089ee75013b6057
X15560.52,15560-52,P20062,TCN2,Transcobalamin-2,GCST90422730,57d8805bd4d9edb5ad7861a8c0ba7d03
X15562.24,15562-24,P08236,GUSB,Beta-glucuronidase,GCST90422731,cf5c3f1304110e0873bb9b97844e3217
X15565.102,15565-102,Q8WXI7,MUC16,Mucin-16,GCST90422732,ab1f3f6e5e3d35c96f81cd25c57f9105
X15566.10,15566-10,P51911,CNN1,Calponin-1,GCST90422733,aabcba264225cb114dc29b52bb8ce4d0
X15567.2,15567-2,P20963,CD247,T-cell surface glycoprotein CD3 zeta chain,GCST90422734,5340a24856db40170ebd96eebbea8534
X15569.15,15569-15,P02458,COL2A1,Collagen Type II,GCST90422735,ddd2ac66d0206e674a96413e9f1d7b3e
X15570.99,15570-99,P20023,CR2,Complement receptor type 2,GCST90422736,698f1751578152b84dc96c4076e15680
X15573.110,15573-110,O14594,NCAN,Neurocan core protein,GCST90422737,64b6249bb93f7eb2a50823500115f7f3
X15574.37,15574-37,P20248,CCNA2,Cyclin-A2,GCST90422738,054afef86c929df746f7cbe21c5be84f
X15576.158,15576-158,P12724,RNASE3,Eosinophil cationic protein,GCST90422739,f8f266681214a4aa6425525352988a17
X15579.26,15579-26,Q6UWR7,ENPP6,Ectonucleotide pyrophosphatase/phosphodiesterase family member 6,GCST90422740,95356ca14b984b1d2b59d913b7dcadaa
X15580.2,15580-2,Q15375,EPHA7,Ephrin type-A receptor 7,GCST90422741,402831fa8e8eb217855834bc92686883
X15581.16,15581-16,Q8TC84,FANK1,Fibronectin type 3 and ankyrin repeat domains protein 1,GCST90422742,8a7ff94d299d5ab769c45d3990c4b4ec
X15582.25,15582-25,O00602,FCN1,Ficolin-1,GCST90422743,db76c1462a238329dc909717f078f41a
X15583.18,15583-18,Q6BAA4,FCRLB,Fc receptor-like B,GCST90422744,2f3c9f8f151c99b36c60312c577b0622
X15584.9,15584-9,P36980,CFHR2,Complement factor H-related protein 2,GCST90422745,33251405cf7373a4418cd502113a9313
X15585.304,15585-304,Q9UBX5,FBLN5,Fibulin-5,GCST90422746,49e1f5e4c8a01a0cc6687c9a5d5504f2
X15587.20,15587-20,P14207,FOLR2,Folate receptor beta,GCST90422747,9d0102af50571d7d3917b206ba1c4f61
X15588.17,15588-17,P06280,GLA,Alpha-galactosidase A,GCST90422748,a6abc625e80cc536b71b6d0eee05af3c
X15589.1,15589-1,P02774,GC,Vitamin D-binding protein,GCST90422749,a325e37343674b248a5d741e8c5d9913
X15591.28,15591-28,P07203,GPX1,Glutathione peroxidase 1,GCST90422750,67c0234f2eac86ad835c17726be99c66
X15594.47,15594-47,Q92743,HTRA1,Serine protease HTRA1,GCST90422751,555e35f3c59f53053b35abde8a16fad1
X15596.7,15596-7,O94992,HEXIM1,Protein HEXIM1,GCST90422752,8973073c8c583eaa6e08b8a367f663d3
X15602.43,15602-43,P08887,IL6R,Interleukin-6 receptor subunit alpha,GCST90422753,1fa240ae9d78905d8eb4bf2cf1fba4bb
X15603.20,15603-20,P17301,ITGA2,Integrin alpha-2,GCST90422754,7411e253add5f3fca8dba01846807737
X15604.18,15604-18,P45984,MAPK9,Mitogen-activated protein kinase 9,GCST90422755,ac77b981c3adc931e811ac88d6d3eef1
X15606.19,15606-19,P08727,KRT19,"Keratin, type I cytoskeletal 19",GCST90422756,cf83d755b247c53e7516987e70ef859b
X15607.56,15607-56,P30613,PKLR,Pyruvate kinase PKLR,GCST90422757,87963748131839d9d3aa1b2e33632b94
X15608.5,15608-5,P23443,RPS6KB1,Ribosomal protein S6 kinase beta-1,GCST90422758,b8855ea6e933b8f23d94a366f111b85f
X15610.72,15610-72,P28838,LAP3,Cytosol aminopeptidase,GCST90422759,3d7df4e6be5b642db539895641712d75
X15612.5,15612-5,Q9HAP6,LIN7B,Protein lin-7 homolog B,GCST90422760,69c0b614c39acbb26cbc435f6eef5a30
X15613.16,15613-16,P16233,PNLIP,Pancreatic triacylglycerol lipase,GCST90422761,340bf81e2f2bf507a8e7db5086d6fa20
X15614.168,15614-168,Q8N149,LILRA2,Leukocyte immunoglobulin-like receptor subfamily A member 2,GCST90422762,1e54d6dbf5deaf9c93adeb501e247ae9
X15615.8,15615-8,O75022,LILRB3,Leukocyte immunoglobulin-like receptor subfamily B member 3,GCST90422763,f6f611285114dfd8f7dad6a5caac7160
X15617.8,15617-8,Q9UBD3,XCL2,Cytokine SCM-1 beta,GCST90422764,31d2325357bce465708a3fe2cbbf1824
X15619.49,15619-49,Q16653,MOG,Myelin-oligodendrocyte glycoprotein,GCST90422765,086e6f2bdc533e1c63da6d7aac601b7e
X15620.4,15620-4,Q8N2Q7,NLGN1,Neuroligin-1,GCST90422766,6efcdf29f3c46ce7bfc49fb84c1d7bd3
X15622.13,15622-13,Q14982,OPCML,Opioid-binding protein/cell adhesion molecule,GCST90422767,bde8dd807b1378bd6c27a517217af11d
X15623.1,15623-1,Q15116,PDCD1,Programmed cell death protein 1,GCST90422768,890b82db382d6c685061b2dcda16fc82
X15626.223,15626-223,P98160,HSPG2,Basement membrane-specific heparan sulfate proteoglycan core protein,GCST90422769,854b34ebf601a89606c8e2fb0388d0ed
X15627.83,15627-83,P31749,AKT1,RAC-alpha serine/threonine-protein kinase,GCST90422770,659367fe87bf74b3483a52581738864a
X15631.18,15631-18,P11464,PSG1,Pregnancy-specific beta-1-glycoprotein 1,GCST90422771,880724e9dd403033583c88c9aec2e16f
X15634.139,15634-139,O75093,SLIT1,Slit homolog 1 protein,GCST90422772,bf25a9e29c35ccf0de9a3b87a1f7ed8e
X15635.4,15635-4,Q9H3U7,SMOC2,SPARC-related modular calcium-binding protein 2,GCST90422773,4cbfb380f251833565302b56ad1d8ab4
X15636.49,15636-49,Q8WY21,SORCS1,VPS10 domain-containing receptor SorCS1,GCST90422774,70fb69e81165713798e0f78c04b3bdb4
X15637.38,15637-38,Q9UPU3,SORCS3,VPS10 domain-containing receptor SorCS3,GCST90422775,a47adeffdb6e073d75aae03d3383487c
X15640.54,15640-54,Q01995,TAGLN,Transgelin,GCST90422776,24f93dcc84896bd63a8dedc0cada39cf
X15641.20,15641-20,Q8IYR6,TMEFF1,Tomoregulin-1,GCST90422777,1e47e542f5ef31447f40f4926aec4bf8
X15644.1,15644-1,P43251,BTD,Biotinidase,GCST90422778,c3b4eea134a9d141d96eef21df5c5c90
X15653.9,15653-9,Q03692,COL10A1,Collagen alpha-1(X) chain,GCST90422779,74ca7ef2c27b7fbf2fc0f4378813a239
X15666.21,15666-21,P12643,BMP2,Bone morphogenetic protein 2,GCST90422780,41ac3eca23fe50140be1bd679c03a4a6
X15667.39,15667-39,P12644,BMP4,Bone morphogenetic protein 4,GCST90422781,e5c367b417da0b0a7eeefbea8dcf5ffb
X15668.19,15668-19,P34820,BMP8B,Bone morphogenetic protein 8B,GCST90422782,499508961640afc329257883c5a544d8
X15669.7,15669-7,P15056,BRAF,Serine/threonine-protein kinase B-raf,GCST90422783,abe421ec6a522812ad054e8c021df789
X15670.15,15670-15,Q7Z5L3,C1QL2,Complement C1q-like protein 2,GCST90422784,74f9628d2a35388fce5abd166448a288
X15674.3,15674-3,P11912,CD79A,B-cell antigen receptor complex-associated protein alpha chain,GCST90422785,c2cdada809503b0e9cd381732f9f38d8
X15675.3,15675-3,P17676,CEBPB,CCAAT/enhancer-binding protein beta,GCST90422786,155cac7250b4426a7af6ccd8f70629e8
X15678.71,15678-71,Q9UBU2,DKK2,Dickkopf-related protein 2,GCST90422787,ea91bb895a9dee92a1cbca1b81f68e5b
X15686.49,15686-49,P55103,INHBC,Inhibin beta C chain,GCST90422788,12cad4f43385504c5faac9b7c42bf72b
X15688.30,15688-30,P49257,LMAN1,Protein ERGIC-53,GCST90422789,198f4d7d829a72652ede356dc42394f4
X15692.300,15692-300,Q96S42,NODAL,Nodal homolog,GCST90422790,f98e0fa1011e2b7cd61743cdd4510843
X15693.9,15693-9,P06401,PGR,Progesterone receptor,GCST90422791,4a92b659a3724d193cb0f7f8be640bd7
X15698.6,15698-6,P40222,TXLNA,Alpha-taxilin,GCST90422792,d25a7b408dfdd70c8784a02cdf99cf55
X16015.19,16015-19,P24298,GPT,Alanine aminotransferase 1,GCST90422793,c78c17b54bcad813b7af4e8cf513d689
X16035.8,16035-8,P35916,FLT4,Vascular endothelial growth factor receptor 3,GCST90422794,b4cdc4a1114d9675ea7b2744f879584c
X16043.30,16043-30,P29353,SHC1,SHC-transforming protein 1:Phosphotyrosine Interaction Domain,GCST90422795,b8c2fc0a64276ce8b47de0a8b881fac8
X16055.3,16055-3,Q9BXR6,CFHR5,Complement factor H-related protein 5,GCST90422796,d86efcb48ec2a65b602ec277d58e7dba
X16057.6,16057-6,P11717,IGF2R,Cation-independent mannose-6-phosphate receptor,GCST90422797,3683be10772a021ec2f304b966bbc220
X16060.99,16060-99,Q14112,NID2,Nidogen-2,GCST90422798,819b74e54b2fa0a1b5b493b6988cc39b
X16070.7,16070-7,Q9Y5W5,WIF1,Wnt inhibitory factor 1,GCST90422799,49b10371da378978dfc90e656c916b7a
X16074.12,16074-12,O75791,GRAP2,GRB2-related adapter protein 2,GCST90422800,6d23c88d4302ddac86a251a8d7e83724
X16079.2,16079-2,P42680,TEC,Tyrosine-protein kinase Tec,GCST90422801,a6b59f5d06ca544c449837b8dce45d95
X16081.38,16081-38,O60218,AKR1B10,Aldo-keto reductase family 1 member B10,GCST90422802,fc2520f7b46fc79960d236fd88b419a3
X16288.17,16288-17,P54764,EPHA4,Ephrin type-A receptor 4,GCST90422803,22267dfa42aa940d9695fe8eb7c42fe5
X16292.288,16292-288,P09681,GIP,Gastric inhibitory polypeptide,GCST90422804,219e472be7e37fef9136649110dab69d
X16293.1,16293-1,P01286,GHRH,Somatoliberin,GCST90422805,f47e80c81ee45cfcfb94ab53242346c9
X16296.43,16296-43,O75473,LGR5,Leucine-rich repeat-containing G-protein coupled receptor 5,GCST90422806,ad378d95aeb0c36cfd86799dfce18125
X16297.14,16297-14,Q8WZ75,ROBO4,Roundabout homolog 4,GCST90422807,b570ee6b9feef67805d5b8e92634ce10
X16298.84,16298-84,Q9UNK4,PLA2G2D,Group IID secretory phospholipase A2,GCST90422808,525d5a92ebfdc566e4a31d601c0dc6f4
X16300.4,16300-4,Q9NZC2,TREM2,Triggering receptor expressed on myeloid cells 2,GCST90422809,cbcb415a9da6b905916311282eb57f2a
X16302.11,16302-11,Q96DR5,BPIFA2,BPI fold-containing family A member 2,GCST90422810,609a10d470892efb58b9807c21b0c219
X16304.6,16304-6,Q9BXB1,LGR4,Leucine-rich repeat-containing G-protein coupled receptor 4,GCST90422811,3b6007de39cd7a3f0636beef20fc5fbd
X16307.22,16307-22,Q6UXZ4,UNC5D,Netrin receptor UNC5D,GCST90422812,f72dc3f22360c2ffff1e585600473ea8
X16308.14,16308-14,Q7Z6A9,BTLA,B- and T-lymphocyte attenuator,GCST90422813,dddab9c198b7d657e704964301d296cf
X16309.30,16309-30,Q9UK85,DKKL1,Dickkopf-like protein 1,GCST90422814,7038ab267b31487b39b9140f04744b6e
X16312.45,16312-45,P55285,CDH6,Cadherin-6,GCST90422815,13a555569a659bdbb16abc18d8017ae2
X16315.105,16315-105,P17948,FLT1,Vascular endothelial growth factor receptor 1,GCST90422816,81764c11c0b3619d9c06d08739e69f21
X16317.20,16317-20,P32926,DSG3,Desmoglein-3,GCST90422817,be9b66e84cacb00b8b4697a868d39d86
X16318.12,16318-12,P37023,ACVRL1,Serine/threonine-protein kinase receptor R3,GCST90422818,7641625ff77d73a74ee031ff840768d1
X16320.139,16320-139,Q9NPF0,CD320,CD320 antigen,GCST90422819,a54920fc0cc01d74133e6da08d35253a
X16322.10,16322-10,Q8WU39,MZB1,Marginal zone B- and B1-cell-specific protein,GCST90422820,032ff93da4be03f2b007036c16f400d8
X16323.8,16323-8,Q9Y4C0,NRXN3,Neurexin-3,GCST90422821,d52742f3388fe0faba0f0b740ce60aa7
X16324.38,16324-38,Q15399,TLR1,Toll-like receptor 1:Extracellular domain,GCST90422822,db8aa7cbc18701a5f86445c78c7b2f1a
X16536.3,16536-3,P17096,HMGA1,High mobility group protein HMG-I/HMG-Y,GCST90422823,8ae48a590d51d2a0c4e15ef84162492f
X16551.14,16551-14,P51692,STAT5B,Signal transducer and activator of transcription 5B,GCST90422824,403a0dd1b7fcfe5c58302237cad77075
X16558.2,16558-2,Q99972,MYOC,Myocilin,GCST90422825,feb84157f7c4ed95e3092b3ed20f717c
X16561.9,16561-9,P04217,A1BG,Alpha-1B-glycoprotein,GCST90422826,23116f7c16ed3dff8c37d75091563014
X16583.8,16583-8,P50583,NUDT2,Bis(5'-nucleosyl)-tetraphosphatase [asymmetrical],GCST90422827,6ed48ab5303fa8c352acbe5070746ed7
X16585.16,16585-16,Q9C0J1,B3GNT4,"N-acetyllactosaminide beta-1,3-N-acetylglucosaminyltransferase 4",GCST90422828,822ac23e0064148e2d098724a83ee47c
X16591.71,16591-71,Q9BZP6,CHIA,Acidic mammalian chitinase,GCST90422829,2433ddcc6d22b74dc01cb1a75ff8449b
X16593.3,16593-3,Q13158,FADD,FAS-associated death domain protein,GCST90422830,956663b0e96d7fbb7375bfa2846dcb26
X16594.44,16594-44,Q9NVQ4,FAIM,Fas apoptotic inhibitory molecule 1,GCST90422831,90d1e5837e77e40eec5c8bb10ac11a6f
X16596.25,16596-25,O76003,GLRX3,Glutaredoxin-3,GCST90422832,948890c9b1096a461178654bebed09ea
X16597.11,16597-11,Q86SX6,GLRX5,"Glutaredoxin-related protein 5, mitochondrial",GCST90422833,6b6e0443de741b6c4727876b7f4be2b3
X16599.38,16599-38,Q9HCN4,GPN1,GPN-loop GTPase 1,GCST90422834,2d0d964c1b53e9f046f765f9f61989c7
X16605.2,16605-2,P0C862,C1QTNF9,Complement C1q and tumor necrosis factor-related protein 9A,GCST90422835,1f47436f029167a31205e51ffcbde2c7
X16606.85,16606-85,P15121,AKR1B1,Aldose reductase,GCST90422836,fbf5f37235a926e48544ef4adbff2426
X16607.78,16607-78,P06396,GSN,Gelsolin,GCST90422837,bbf2338db5f14b2dbff51b872cb2003d
X16609.106,16609-106,Q6UWL6,KIRREL2,Kin of IRRE-like protein 2,GCST90422838,a2a212aa8fc1f9b3dc46cedc70cc37ad
X16610.13,16610-13,Q7Z4F1,LRP10,Low-density lipoprotein receptor-related protein 10,GCST90422839,620b2180e151e4aadc5ad985729b53c3
X16612.28,16612-28,O75056,SDC3,Syndecan-3,GCST90422840,f63cf9a404fd29ec6be3af5e2168e16b
X16613.3,16613-3,Q12864,CDH17,Cadherin-17,GCST90422841,bac6bbc93603d5701417ba5fe43db9f2
X16614.27,16614-27,Q2MKA7,RSPO1,R-spondin-1,GCST90422842,ae4a59045a6c4502ebadb4263f3f3a38
X16616.137,16616-137,P13929,ENO3,Beta-enolase,GCST90422843,a32b96a0ca99f2b4102f4a24c0297e68
X16618.7,16618-7,Q07108,CD69,Early activation antigen CD69,GCST90422844,72516ae1af91d53c32ee4bd32a229dbf
X16620.26,16620-26,O60449,LY75,Lymphocyte antigen 75,GCST90422845,4bfaa006d7d4dc797e1d7d161053cf67
X16621.77,16621-77,Q8NCW5,NAXE,NAD(P)H-hydrate epimerase,GCST90422846,e63bd71e87c725ddc0c3d0485d33c416
X16746.12,16746-12,P09529,INHBB,Activin B,GCST90422847,452faae130824a69f3143734d94836e1
X16748.1,16748-1,P12645,BMP3,Bone morphogenetic protein 3,GCST90422848,48ca6de3fa32734df330d73445128e64
X16749.79,16749-79,P55107,GDF10,Growth/differentiation factor 10,GCST90422849,1591d3cecde17aa58c48113e0eae6457
X16751.15,16751-15,P16860,NPPB,Natriuretic peptides B,GCST90422850,7c150fcc2a9bcaed59dc66819adfaa6f
X16753.46,16753-46,P12110,COL6A2,Collagen alpha-2(VI) chain,GCST90422851,4cf9b26baffb97d0200bee8ef9bd7148
X16754.40,16754-40,O14936,CASK,Peripheral plasma membrane protein CASK,GCST90422852,6e1c92ec3909b857ae145560c7134fcf
X16755.195,16755-195,Q9NR23,GDF3,Growth/differentiation factor 3,GCST90422853,c39ae547c5a317dca3f6c38e0dc393fa
X16756.30,16756-30,Q7Z4P5,GDF7,Growth/differentiation factor 7,GCST90422854,91fc96e0fd565efa33b5e22c3cde1bb3
X16758.96,16758-96,P51858,HDGF,Hepatoma-derived growth factor,GCST90422855,b1552fc24998cf3488113c574317a3c7
X16763.11,16763-11,O14960,LECT2,Leukocyte cell-derived chemotaxin-2,GCST90422856,8fbd4276e14e7eaab68cebc7b8113872
X16765.52,16765-52,P02775,PPBP,Platelet basic protein,GCST90422857,9919e895f5a8da2f61714ed4833dcf4b
X16768.3,16768-3,P14923,JUP,Junction plakoglobin,GCST90422858,f76270c9f5e0ff7991e361c1a14940db
X16769.20,16769-20,P60763,RAC3,Ras-related C3 botulinum toxin substrate 3,GCST90422859,eeeb978686e0cccf62f5a35abba66ff1
X16770.3,16770-3,P48304,REG1B,Lithostathine-1-beta,GCST90422860,3fec3236b720e8f8794509c5616b716e
X16773.29,16773-29,Q8IX30,SCUBE3,"Signal peptide, CUB and EGF-like domain-containing protein 3",GCST90422861,4817fabd16120fa8a1e96ed64d2aeddd
X16780.6,16780-6,P0DMV8,HSPA1A,Heat shock 70 kDa protein 1A,GCST90422862,e890b47b97526584659774525618843d
X16781.2,16781-2,Q8NFI3,ENGASE,Cytosolic endo-beta-N-acetylglucosaminidase,GCST90422863,f9785bd6dd0534fd669462f51fe7b743
X16785.45,16785-45,Q01523,DEFA5,Defensin-5,GCST90422864,1ba19c035c6f4f177ad086c2646ff400
X16792.4,16792-4,O15389,SIGLEC5,Sialic acid-binding Ig-like lectin 5,GCST90422865,12c939e36f2473dce77a2f3fbc4dc5f2
X16802.31,16802-31,Q9NX40,OCIAD1,OCIA domain-containing protein 1,GCST90422866,50ac58f03b18da6c5b556256a52aa9c7
X16803.4,16803-4,P22676,CALB2,Calretinin,GCST90422867,b82a00fcf934e5b9720f6fad037ff7d6
X16807.35,16807-35,P45378,TNNT3,"Troponin T, fast skeletal muscle",GCST90422868,cc03d6a9bb4ba699cb6a37300a3050dd
X16809.1,16809-1,O00746,NME4,"Nucleoside diphosphate kinase, mitochondrial",GCST90422869,626089db9b3bb68043687de90714ab25
X16810.3,16810-3,P31150,GDI1,Rab GDP dissociation inhibitor alpha,GCST90422870,866167e92484a67d69246217a984e0ec
X16814.13,16814-13,Q13642,FHL1,Four and a half LIM domains protein 1,GCST90422871,1f4c59a6bbac28bc0fc314cd596b3723
X16818.200,16818-200,Q9H5V8,CDCP1,CUB domain-containing protein 1,GCST90422872,9a3e40f5d6ddccd0b7b307bce63e4899
X16823.75,16823-75,O95236,APOL3,Apolipoprotein L3,GCST90422873,056061d4b583c85eaa92b9bbbe0a5b5c
X16825.20,16825-20,P54252,ATXN3,Ataxin-3,GCST90422874,7e9ebe05976516e4bf5ab901eaab15fd
X16828.8,16828-8,P12109,COL6A1,Collagen alpha-1(VI) chain,GCST90422875,e6c41eafe90831ec1f004026d9847da8
X16831.7,16831-7,Q99704,DOK1,Docking protein 1,GCST90422876,37d1595f33a4a006ff8d98221f8ca061
X16836.1,16836-1,Q02985,CFHR3,Complement factor H-related protein 3,GCST90422877,6241066ca83173dd03745ac358395a46
X16845.15,16845-15,O95297,MPZL1,Myelin protein zero-like protein 1,GCST90422878,d279302a3cb043487953746d7b6c466c
X16847.39,16847-39,P20337,RAB3B,Ras-related protein Rab-3B,GCST90422879,07cfa1e89a498ce486b045ca16e2a6ce
X16850.5,16850-5,O15539,RGS5,Regulator of G-protein signaling 5,GCST90422880,d76d65274674d0f8a0e262f7307bece4
X16851.50,16851-50,O43819,SCO2,"Protein SCO2 homolog, mitochondrial",GCST90422881,41c8f958a4323277fda50467594280fb
X16852.10,16852-10,Q5T2W1,PDZK1,Na(+)/H(+) exchange regulatory cofactor NHE-RF3,GCST90422882,bed45732ab2173fd22b5be26757d4917
X16853.5,16853-5,Q9NWW6,NMRK1,Nicotinamide riboside kinase 1,GCST90422883,681a71b970af16283af4e49c2ceb6545
X16854.17,16854-17,Q9Y4Z0,LSM4,U6 snRNA-associated Sm-like protein LSm4,GCST90422884,a07fd73b5b0b28372b6ffe8e2b825a21
X16856.79,16856-79,Q15555,MAPRE2,Microtubule-associated protein RP/EB family member 2,GCST90422885,b54cfabf2e07e09709565f6a24f5ac2e
X16857.2,16857-2,P61019,RAB2A,Ras-related protein Rab-2A,GCST90422886,20097f7aba18015fa6610e92fe9c9e26
X16858.384,16858-384,Q96D15,RCN3,Reticulocalbin-3,GCST90422887,19a647b8e47cfeb79941829ff8a89bfa
X16859.100,16859-100,Q9Y371,SH3GLB1,Endophilin-B1,GCST90422888,46cacd88cfe3afa2f3e7f543e4eff3b9
X16863.47,16863-47,Q8TBE9,NANP,N-acylneuraminate-9-phosphatase,GCST90422889,b5f701da83c9a756014be98dc6f73fbc
X16865.62,16865-62,Q92804,TAF15,TATA-binding protein-associated factor 2N,GCST90422890,bedcfa5cf346ca74834f5fa1a5fe84e2
X16867.76,16867-76,Q00536,CDK16,Cyclin-dependent kinase 16,GCST90422891,6d2ba38810b95e0852da9c9cb37c5355
X16872.248,16872-248,O43708,GSTZ1,Maleylacetoacetate isomerase,GCST90422892,af850d0f316d12a1af5342f695921053
X16875.13,16875-13,Q96A72,MAGOHB,Protein mago nashi homolog 2,GCST90422893,fd4b073addc56fb0328386c18fccec24
X16877.19,16877-19,Q9Y3D2,MSRB2,"Methionine-R-sulfoxide reductase B2, mitochondrial",GCST90422894,d6f62ab53bc8359b626c37792a992cfd
X16882.27,16882-27,Q9NRX4,PHPT1,14 kDa phosphohistidine phosphatase,GCST90422895,35765d430ebf4dd9ed4f274db79492c2
X16883.57,16883-57,P20338,RAB4A,Ras-related protein Rab-4A,GCST90422896,6e892144f444b271f0d61f7cd610910c
X16885.49,16885-49,Q9UPY8,MAPRE3,Microtubule-associated protein RP/EB family member 3,GCST90422897,38539c3c268b7b84e533801ab300fd97
X16887.29,16887-29,Q9Y3E5,PTRH2,"Peptidyl-tRNA hydrolase 2, mitochondrial",GCST90422898,7be1601576e819785346c7f32b98ddea
X16890.37,16890-37,Q8N6G6,ADAMTSL1,ADAMTS-like protein 1,GCST90422899,b279bcc42ec0d452942329c0ac216dd3
X16892.23,16892-23,Q13822,ENPP2,Ectonucleotide pyrophosphatase/phosphodiesterase family member 2,GCST90422900,5854ca93dcfc4b701de9bb6e341f0e5b
X16899.59,16899-59,Q96SU4,OSBPL9,Oxysterol-binding protein-related protein 9,GCST90422901,b36800f7caea363387e2c489510dd114
X16900.29,16900-29,Q8NFP4,MDGA1,MAM domain-containing glycosylphosphatidylinositol anchor protein 1,GCST90422902,b501ca0902a59431f8a53458967e0cd3
X16902.17,16902-17,P11279,LAMP1,Lysosome-associated membrane glycoprotein 1,GCST90422903,ea5c1525b27bc6e725f6c7a67b194c4a
X16907.3,16907-3,Q8N3J6,CADM2,Cell adhesion molecule 2,GCST90422904,d06695456819b5c93452f472cbb3e09e
X16908.5,16908-5,P23515,OMG,Oligodendrocyte-myelin glycoprotein,GCST90422905,6b542d882cc7c8e09a2c9cba13ad1ae7
X16913.8,16913-8,O00584,RNASET2,Ribonuclease T2,GCST90422906,138c45cdc6e20bd2c24c2d85cd44cf70
X16914.104,16914-104,P08571,CD14,"Monocyte differentiation antigen CD14, soluble",GCST90422907,f36af78878525e4422f185ba08b2a252
X16915.153,16915-153,Q9H3S1,SEMA4A,Semaphorin-4A,GCST90422908,8b00b5398c46b3b9a148e14301fc0200
X16916.19,16916-19,Q9H5Y7,SLITRK6,SLIT and NTRK-like protein 6,GCST90422909,6997fc478d0b64ad6f3fe266f760d2e8
X16918.198,16918-198,O15455,TLR3,Toll-like receptor 3,GCST90422910,72700163acc25de7e460428837bf4e33
X16919.1,16919-1,P07108,DBI,Acyl-CoA-binding protein,GCST90422911,a12715281bc79470ce2b8e9c94e8816e
X16922.53,16922-53,Q9ULL4,PLXNB3,Plexin-B3,GCST90422912,051e9fcc6273c95509a0bb3a65dd0dee
X16923.20,16923-20,P35080,PFN2,Profilin-2,GCST90422913,63ee60af5b01f31fe7d7012208801e4a
X16926.44,16926-44,P05186,ALPL,"Alkaline phosphatase, tissue-nonspecific isozyme",GCST90422914,e2e749344f866fd0b632d8c374dab292
X16927.9,16927-9,P00488|P05160,F13A1|F13B,Coagulation factor XIII,GCST90422915,9c15c4660ee6340a936f8a62e8484926
X16932.5,16932-5,P49888,SULT1E1,Estrogen sulfotransferase,GCST90422916,1391cebca6efe517b463aee65a0da5c9
X17138.8,17138-8,P08263,GSTA1,Glutathione S-transferase A1,GCST90422917,3cc0553c619b41075919c9efdf077928
X17140.57,17140-57,Q9GZP0,PDGFD,Platelet-derived growth factor D,GCST90422918,43bdac404f9e6076cde6f3ab2d7c0db6
X17145.1,17145-1,P05109|P06702,S100A8|S100A9,Protein S100-A8/A9 heterodimer,GCST90422919,1d730cd5a374ab16100ac3284ce480f6
X17148.7,17148-7,P30043,BLVRB,Flavin reductase (NADPH),GCST90422920,03698f56d2e33803de6017f2b172dc05
X17151.84,17151-84,Q14653,IRF3,Interferon regulatory factor 3,GCST90422921,4b4b6d4fcf89d16d97048bd2cd4c8e99
X17152.10,17152-10,P43632,KIR2DS4,Killer cell immunoglobulin-like receptor 2DS4,GCST90422922,1ffb898ee67bf223ba8766c8ef7a26a6
X17153.46,17153-46,P43628,KIR2DL3,Killer cell immunoglobulin-like receptor 2DL3,GCST90422923,6415859ee36d9da8015cc3799d74165d
X17154.2,17154-2,Q15185,PTGES3,Prostaglandin E synthase 3,GCST90422924,7feae0b1d02a55656c5f44104b1790e2
X17156.72,17156-72,O15075,DCLK1,Serine/threonine-protein kinase DCLK1,GCST90422925,31063cd5a208d97f89097e4e43c8f3df
X17158.17,17158-17,P62253,UBE2G1,Ubiquitin-conjugating enzyme E2 G1,GCST90422926,bb826dc7d5fc2369b4807a0ad0ae1868
X17161.1,17161-1,P39656,DDOST,Dolichyl-diphosphooligosaccharide--protein glycosyltransferase 48 kDa subunit,GCST90422927,ea028ee1f84cd0282108775801f5a7d5
X17164.15,17164-15,P09525,ANXA4,Annexin A4,GCST90422928,1757f3588f21d0bf48de3134c2aebfd0
X17165.1,17165-1,P02775,PPBP,Beta-thromboglobulin,GCST90422929,4ca1c49accc9788e821bcec5879f2f4a
X17166.4,17166-4,P55075,FGF8,Fibroblast growth factor 8 isoform F,GCST90422930,f2230c072e27378e45ee6a2e95461556
X17170.15,17170-15,P10092,CALCB,Calcitonin gene-related peptide 2,GCST90422931,2f45189f6ec86e4d087db0eb9ca71729
X17172.19,17172-19,P02808,STATH,Statherin,GCST90422932,bcf86162f1b8703a9157cc9819cf1982
X17175.5,17175-5,P52564,MAP2K6,Dual specificity mitogen-activated protein kinase kinase 6,GCST90422933,c88ff25756de05d7a7293728e824776b
X17176.13,17176-13,O75475,PSIP1,PC4 and SFRS1-interacting protein,GCST90422934,1ec2b7a3b970e212f3ef486c7594bd3d
X17195.43,17195-43,Q99933,BAG1,BAG family molecular chaperone regulator 1,GCST90422935,ce4e322c3da268c224d03d7f20fcfd32
X17196.5,17196-5,Q16740,CLPP,"ATP-dependent Clp protease proteolytic subunit, mitochondrial",GCST90422936,7555b7bf27267d0ef8928489ee3401be
X17199.43,17199-43,Q9NWT6,HIF1AN,Hypoxia-inducible factor 1-alpha inhibitor,GCST90422937,6473934c9457b5c4e729a9c295ce975b
X17200.50,17200-50,P43626,KIR2DL1,Killer cell immunoglobulin-like receptor 2DL1,GCST90422938,18c46fd63495cab0fbe28f42ba568506
X17202.37,17202-37,Q53EL6,PDCD4,Programmed cell death protein 4,GCST90422939,c92bd1e9d5fd8a19b95129ff1a31d9f7
X17204.17,17204-17,P11086,PNMT,Phenylethanolamine N-methyltransferase,GCST90422940,193369397e8ee7dbdf69a108051a59ae
X17205.21,17205-21,P20339,RAB5A,Ras-related protein Rab-5A,GCST90422941,24d0c66f2eee0ba9bcb66a43b716af9c
X17209.27,17209-27,O00204,SULT2B1,Sulfotransferase family cytosolic 2B member 1,GCST90422942,c5f8022cffad0f87e3c720677563d369
X17210.2,17210-2,P56279,TCL1A,T-cell leukemia/lymphoma protein 1A,GCST90422943,5fbd09b99496758ab03b72abe1911965
X17224.12,17224-12,P20774,OGN,Mimecan,GCST90422944,bb06b4b35704ace962bf050712a70c50
X17231.1,17231-1,P13796,LCP1,Plastin-2,GCST90422945,b0f0d7861d7c8195cca0d5a1f594daeb
X17319.1,17319-1,Q8IZQ5,SELENOH,Selenoprotein H,GCST90422946,5b55a7e758aff4e635579e639075f45b
X17320.19,17320-19,Q9NRN7,AASDHPPT,L-aminoadipate-semialdehyde dehydrogenase-phosphopantetheinyl transferase,GCST90422947,a3e5080f61afafefa6c2ff4ac9e048a4
X17325.10,17325-10,Q16774,GUK1,Guanylate kinase,GCST90422948,e9bf7888d32aa12f31444b0fe2f57d0c
X17326.44,17326-44,Q9BVJ7,DUSP23,Dual specificity protein phosphatase 23,GCST90422949,547227e24d06fc8589cbffa428d0c23f
X17327.3,17327-3,Q9BT09,CNPY3,Protein canopy homolog 3,GCST90422950,c1a933a3152e084291226183623c7163
X17329.2,17329-2,Q9BUT1,BDH2,3-hydroxybutyrate dehydrogenase type 2,GCST90422951,db78cff5cacf2117ebedc9ea52b55f7b
X17331.138,17331-138,Q96MU8,KREMEN1,Kremen protein 1,GCST90422952,e69814733095502804ecfc473b82e2a0
X17332.3,17332-3,Q9NX46,ADPRS,Poly(ADP-ribose) glycohydrolase ARH3,GCST90422953,b28e518baba189b238793dc61747b8a0
X17333.20,17333-20,P11310,ACADM,"Medium-chain specific acyl-CoA dehydrogenase, mitochondrial",GCST90422954,dcb881ba8a9c8767e3c60f1a73a88ea0
X17335.18,17335-18,P63027,VAMP2,Vesicle-associated membrane protein 2,GCST90422955,0afe6db6f2414674ef29e9340ec803f3
X17336.54,17336-54,Q70SY1,CREB3L2,Cyclic AMP-responsive element-binding protein 3-like protein 2,GCST90422956,f4c1393dbedbf4ab1b9eed2e7d81e8b8
X17337.1,17337-1,P25490,YY1,Transcriptional repressor protein YY1,GCST90422957,bd0cbbace5cdb5d23788a7babf733926
X17341.89,17341-89,Q9BWD1,ACAT2,"Acetyl-CoA acetyltransferase, cytosolic",GCST90422958,49ecd979c51098d912dbaf28885014f5
X17342.13,17342-13,Q8TD06,AGR3,Anterior gradient protein 3,GCST90422959,45fa4f3dfc729509df1fd46f5310115f
X17343.6,17343-6,O15079,SNPH,Syntaphilin,GCST90422960,330205f163a27d8e15febf20f51bdb0f
X17344.23,17344-23,Q9UBI4,STOML1,Stomatin-like protein 1,GCST90422961,8c14319bc81af00b53c7d68f45a574a9
X17345.12,17345-12,Q8N4Q0,ZADH2,Prostaglandin reductase 3,GCST90422962,c81e029fff67bcaa9510a1ca841fbb1f
X17346.61,17346-61,Q8NFU4,FDCSP,Follicular dendritic cell secreted peptide,GCST90422963,e6514e4d4463246cfea19a7d5f76736f
X17347.80,17347-80,Q96BJ3,AIDA,"Axin interactor, dorsalization-associated protein",GCST90422964,89c3ea2517aeefed338860df95dce6f6
X17348.5,17348-5,P57105,SYNJ2BP,Synaptojanin-2-binding protein,GCST90422965,64ac2fcf08f097a32e20b11ba5d0477e
X17350.13,17350-13,Q9UQN3,CHMP2B,Charged multivesicular body protein 2b,GCST90422966,8c5eebdcf16ff78af00dc94aef6789f5
X17355.56,17355-56,Q9H2B2,SYT4,Synaptotagmin-4,GCST90422967,0bf324f1781614219987596895328bea
X17356.34,17356-34,Q8WWZ1,IL1F10,Interleukin-1 family member 10,GCST90422968,4883e87353e7471e3cb0790b6ca1b701
X17357.33,17357-33,Q9HD40,SEPSECS,O-phosphoseryl-tRNA(Sec) selenium transferase,GCST90422969,c92a6e4c521d5811599816731aeb220c
X17362.5,17362-5,P40337,VHL,Von Hippel-Lindau disease tumor suppressor,GCST90422970,33daa6304247f0f06ddb90c879ea614c
X17364.8,17364-8,P08579,SNRPB2,U2 small nuclear ribonucleoprotein B'',GCST90422971,6d85f694715254f22dceb4e5f03356d5
X17365.7,17365-7,Q16773,KYAT1,Kynurenine--oxoglutarate transaminase 1,GCST90422972,476daa485e6b6dfc983a2627719878ee
X17366.6,17366-6,Q96GG9,DCUN1D1,DCN1-like protein 1,GCST90422973,84bb20b8a23f126cc67cf13be56a2653
X17367.5,17367-5,P16949,STMN1,Stathmin,GCST90422974,17892e7c09833676dcc48dccc643ce48
X17370.186,17370-186,Q9NUJ1,ABHD10,"Mycophenolic acid acyl-glucuronide esterase, mitochondrial",GCST90422975,60be58aa50107c140ed5c816bb47345c
X17372.5,17372-5,Q13541,EIF4EBP1,Eukaryotic translation initiation factor 4E-binding protein 1,GCST90422976,de557218eaf439314039ec66e68d3b02
X17377.1,17377-1,P42330,AKR1C3,Aldo-keto reductase family 1 member C3,GCST90422977,d4b09d3bc7576f14f767593daa474d71
X17380.2,17380-2,P61086,UBE2K,Ubiquitin-conjugating enzyme E2 K,GCST90422978,31b791a31fead4dfa1ce75863a8ceea1
X17383.4,17383-4,Q9NSY2,STARD5,StAR-related lipid transfer protein 5,GCST90422979,2545bbfd7afd41aeef6c394656ac1cd7
X17384.110,17384-110,P08237,PFKM,"ATP-dependent 6-phosphofructokinase, muscle type",GCST90422980,7665692fede931cb4f7b1efd2b25c573
X17387.27,17387-27,Q15653,NFKBIB,NF-kappa-B inhibitor beta,GCST90422981,56d0d0f56956434bb14a0d1b4daad104
X17391.10,17391-10,Q96I25,RBM17,Splicing factor 45,GCST90422982,6cc92e8edddc3d64e3f1804d6e3a01fe
X17393.13,17393-13,P16219,ACADS,"Short-chain specific acyl-CoA dehydrogenase, mitochondrial",GCST90422983,f9bffbfc603e06eda5780f5c6f743f78
X17396.23,17396-23,P07327,ADH1A,Alcohol dehydrogenase 1A,GCST90422984,3195d716d07c1ba00657a318a712e7d7
X17397.8,17397-8,Q8NBQ5,HSD17B11,Estradiol 17-beta-dehydrogenase 11,GCST90422985,2fff66225f06e3789775f74939391bb7
X17398.55,17398-55,P09601,HMOX1,Heme oxygenase 1,GCST90422986,5ac434598183637b4abf25558bcf8b4a
X17400.71,17400-71,O14734,ACOT8,Acyl-coenzyme A thioesterase 8,GCST90422987,869c960bf2ad2b0d173d72718e3ef942
X17403.14,17403-14,P45954,ACADSB,"Short/branched chain specific acyl-CoA dehydrogenase, mitochondrial",GCST90422988,ed16be2b081a3af56cbf588d8e888cc0
X17404.5,17404-5,Q96KC2,ARL5B,ADP-ribosylation factor-like protein 5B,GCST90422989,0c29bf52dc2c9f33e40f43dba07058af
X17405.2,17405-2,Q9Y5K5,UCHL5,Ubiquitin carboxyl-terminal hydrolase isozyme L5,GCST90422990,c250bd8db595188d1e0f6ffe937f95c6
X17408.2,17408-2,Q92871,PMM1,Phosphomannomutase 1,GCST90422991,155552dcbe1c74a9362a5bf62cca81fb
X17410.5,17410-5,O15182,CETN3,Centrin-3,GCST90422992,5a544d59a0b638268592fe2a566eda35
X17411.55,17411-55,Q92890,UFD1,Ubiquitin recognition factor in ER-associated degradation protein 1,GCST90422993,73f39c0af5d490a45013fbca760eb326
X17419.17,17419-17,Q9UGI8,TES,Testin,GCST90422994,96b4750ffac5da9427aa8b07612ebcc2
X17427.26,17427-26,Q9NZ94,NLGN3,Neuroligin-3,GCST90422995,cbbd778bed3f93e0f0768938674b7398
X17432.25,17432-25,P27144,AK4,"Adenylate kinase 4, mitochondrial",GCST90422996,0ed725464b442fb6877fbd512d00d139
X17435.43,17435-43,P13804,ETFA,"Electron transfer flavoprotein subunit alpha, mitochondrial",GCST90422997,53ec364ad511f0e97cc0d033db918c2f
X17436.193,17436-193,P78368,CSNK1G2,Casein kinase I isoform gamma-2,GCST90422998,155b8ad57cbf0dd6093d519f1d7ce1f3
X17441.4,17441-4,P09923,ALPI,Intestinal-type alkaline phosphatase,GCST90422999,d00685e4cfc952b7123f658a99d154d7
X17447.52,17447-52,Q6FHJ7,SFRP4,Secreted frizzled-related protein 4,GCST90423000,92ea2e448b6c7b68761859732d02ad16
X17449.23,17449-23,P21926,CD9,CD9 antigen,GCST90423001,4ab10ef9ea2efdef7f35df8ab05ee224
X17450.51,17450-51,P12081,HARS1,"Histidine--tRNA ligase, cytoplasmic",GCST90423002,bdeb063c96a18f51a6387c1545505d5d
X17453.34,17453-34,P00450,CP,Ceruloplasmin,GCST90423003,9e759129b8650194a6177066513dd612
X17454.15,17454-15,Q8IUX8,EGFL6,Epidermal growth factor-like protein 6,GCST90423004,87810085c8f2f368f5377b388074bcef
X17455.42,17455-42,P15328,FOLR1,Folate receptor alpha,GCST90423005,e66c25f5a1c5f1c4426a9997c8966bff
X17456.53,17456-53,Q8NBJ4,GOLM1,Golgi membrane protein 1,GCST90423006,5d7bde174f5e7643e8ca1131ab6d2450
X17460.51,17460-51,P20591,MX1,Interferon-induced GTP-binding protein Mx1,GCST90423007,91e155fa43f9dd61580f3bc5397660cb
X17462.19,17462-19,P10914,IRF1,Interferon regulatory factor 1,GCST90423008,4a84d41925d5ac80e58a18cd0e0adc8c
X17466.72,17466-72,Q96CM8,ACSF2,"Acyl-CoA synthetase family member 2, mitochondrial",GCST90423009,d10831edadd3da79bb6056ce755e256f
X17467.1,17467-1,Q9BPW9,DHRS9,Dehydrogenase/reductase SDR family member 9,GCST90423010,8b6cdaa0a49ca9d552117528a4839f10
X17468.1,17468-1,Q9UMX1,SUFU,Suppressor of fused homolog,GCST90423011,265671732977941bbb9446aa9dafb33c
X17474.106,17474-106,O95619,YEATS4,YEATS domain-containing protein 4,GCST90423012,aaaaf3040fbdc1ea77feddabea099c20
X17475.18,17475-18,Q96KB5,PBK,Lymphokine-activated killer T-cell-originated protein kinase,GCST90423013,606a8186c0e37d7817bd9099d8b9f946
X17490.4,17490-4,Q9H299,SH3BGRL3,SH3 domain-binding glutamic acid-rich-like protein 3,GCST90423014,82d9d8bfae88f2291cee3b27e5428cdd
X17495.141,17495-141,Q9NTG7,SIRT3,"NAD-dependent protein deacetylase sirtuin-3, mitochondrial",GCST90423015,03f1109b4a25f35cf55e7877773eb847
X17505.125,17505-125,Q9UQQ1,NAALADL1,N-acetylated-alpha-linked acidic dipeptidase-like protein,GCST90423016,8837a7f4681a45c13bfe9c592821154d
X17509.6,17509-6,P32754,HPD,4-hydroxyphenylpyruvate dioxygenase,GCST90423017,81e65a2861c722b79c2f36b9c91f9388
X17510.7,17510-7,P37108,SRP14,Signal recognition particle 14 kDa protein,GCST90423018,3750f9364903fbbf0f56c6d447a670b9
X17511.10,17511-10,P78346,RPP30,Ribonuclease P protein subunit p30,GCST90423019,9f425b5e4812f312f93867b8f53a200d
X17512.2,17512-2,Q13287,NMI,N-myc-interactor,GCST90423020,60b243851d30ab5d6cd0ea02474cd734
X17513.11,17513-11,P50995,ANXA11,Annexin A11,GCST90423021,3387aebbe8aa6d76a6a280b209aca702
X17514.48,17514-48,Q9UL25,RAB21,Ras-related protein Rab-21,GCST90423022,c4cffb846bef679c9ac09559189b1633
X17516.7,17516-7,P20336,RAB3A,Ras-related protein Rab-3A,GCST90423023,c5392c086680075a226221bad5b04c22
X17671.58,17671-58,Q9UNL4,ING4,Inhibitor of growth protein 4,GCST90423024,33fed150ed99a863a8f4548c8a8c0660
X17672.184,17672-184,P27352,CBLIF,Gastric intrinsic factor,GCST90423025,026bf263c9cd8d5c9e9d3bd30c4d0922
X17673.34,17673-34,Q9Y2D0,CA5B,"Carbonic anhydrase 5B, mitochondrial",GCST90423026,437567fde5daf967b0d97e44fd2205c0
X17675.17,17675-17,Q9NPJ3,ACOT13,Acyl-coenzyme A thioesterase 13,GCST90423027,b9bd3aee0d45414ad1b62dde59c8aedf
X17676.13,17676-13,Q15642,TRIP10,Cdc42-interacting protein 4,GCST90423028,3d062b34ee6ff0e360f017fab18482bc
X17678.28,17678-28,Q9Y279,VSIG4,V-set and immunoglobulin domain-containing protein 4,GCST90423029,b4e5dc1469071e0c03f32accbf0ae31a
X17680.12,17680-12,P54762,EPHB1,Ephrin type-B receptor 1,GCST90423030,977a2533961372f0b9cd624769948b64
X17682.1,17682-1,P15529,CD46,Membrane cofactor protein,GCST90423031,c5296f5555bcf2ce43a1e95faf5d8e9a
X17683.2,17683-2,Q9P000,COMMD9,COMM domain-containing protein 9,GCST90423032,e5a03fd3cc96c4721301ccc2a3d84b63
X17685.9,17685-9,P06727,APOA4,Apolipoprotein A-IV,GCST90423033,035bb1d5095dd7a1b0ac840206bb3bf9
X17686.27,17686-27,Q99426,TBCB,Tubulin-folding cofactor B,GCST90423034,9dcc4a798d04ddc69297893672b20114
X17691.1,17691-1,O14773,TPP1,Tripeptidyl-peptidase 1,GCST90423035,1e3209278aac6cc47d693c6d810b1f48
X17692.2,17692-2,O00478,BTN3A3,Butyrophilin subfamily 3 member A3,GCST90423036,97a01e083d8672ddd51e6339558f58a2
X17693.2,17693-2,Q14141,SEPTIN6,Septin-6,GCST90423037,ae596b7b74aec02eba168799d18e8569
X17694.32,17694-32,Q9UL46,PSME2,Proteasome activator complex subunit 2,GCST90423038,82dd13581a5e470362de2a20f7f53f1d
X17696.1,17696-1,Q86XR7,TICAM2,TIR domain-containing adapter molecule 2,GCST90423039,7e4441df0eebb2fc8408dedd142025bd
X17697.2,17697-2,Q8WZ82,OVCA2,Esterase OVCA2,GCST90423040,cea5535c6a8910b8c63696fed596d636
X17698.15,17698-15,Q969T9,WBP2,WW domain-binding protein 2,GCST90423041,dec567d67f17178dbab1e66f9b04bad0
X17699.43,17699-43,Q9UNS1,TIMELESS,Protein timeless homolog,GCST90423042,e32924e3c55e29fd8bdb9251db0a275c
X17702.53,17702-53,P22309,UGT1A1,UDP-glucuronosyltransferase 1-1,GCST90423043,d63afa3decfe0f2568f4c539b127a319
X17703.40,17703-40,O75496,GMNN,Geminin,GCST90423044,719ba64922ae6105869705f6d63e1c72
X17704.74,17704-74,Q92598,HSPH1,Heat shock protein 105 kDa,GCST90423045,9c418708f377d938a6d855a45f643139
X17706.4,17706-4,Q13522,PPP1R1A,Protein phosphatase 1 regulatory subunit 1A,GCST90423046,4ae668a83e5ae823682f3a0356955bad
X17711.13,17711-13,P23763,VAMP1,Vesicle-associated membrane protein 1,GCST90423047,55ac4250f44f72ea3d89a143db93705f
X17712.7,17712-7,Q13907,IDI1,Isopentenyl-diphosphate Delta-isomerase 1,GCST90423048,395df4adf6f76dc6bd029d275d5d69cf
X17721.82,17721-82,O60861,GAS7,Growth arrest-specific protein 7,GCST90423049,29a87fc4e2cb24f30357bc1fbd30e500
X17722.5,17722-5,Q02790,FKBP4,Peptidyl-prolyl cis-trans isomerase FKBP4,GCST90423050,4b03714bd28c261961f3cac18956eb28
X17724.3,17724-3,Q9NZC7,WWOX,WW domain-containing oxidoreductase,GCST90423051,8a98298835074db72ebda4136fec64df
X17725.37,17725-37,Q9Y6N9,USH1C,Harmonin,GCST90423052,f276c7aec01c17da2a195b3cd765b9d3
X17726.3,17726-3,Q9NR31,SAR1A,GTP-binding protein SAR1a,GCST90423053,a6e8973737a46a9735ef41a3e7cbd9c1
X17727.1,17727-1,O95997,PTTG1,Securin,GCST90423054,186c68f30db3480ee079c4ea36367072
X17728.61,17728-61,O43633,CHMP2A,Charged multivesicular body protein 2a,GCST90423055,bf92411fe9cf613e7b74e7687192187a
X17729.20,17729-20,Q16763,UBE2S,Ubiquitin-conjugating enzyme E2 S,GCST90423056,74da78326c2ca13fd28696fb10a27dac
X17734.13,17734-13,O43768,ENSA,Alpha-endosulfine,GCST90423057,3cb54d7f260f81ba06d445dac055af99
X17735.130,17735-130,O95166,GABARAP,Gamma-aminobutyric acid receptor-associated protein,GCST90423058,b4744df908a443b48ce9b47b295c5cd2
X17736.105,17736-105,Q7Z2E3,APTX,Aprataxin,GCST90423059,ca023f41c82a834c76378aebc344061e
X17737.7,17737-7,P26440,IVD,"Isovaleryl-CoA dehydrogenase, mitochondrial",GCST90423060,a234c47ecf9a1a6c676861d6efc437ff
X17738.7,17738-7,Q9UBG3,CRNN,Cornulin,GCST90423061,06e1f2a174ea7e2ee9385c3f20161588
X17739.1,17739-1,Q16836,HADH,"Hydroxyacyl-coenzyme A dehydrogenase, mitochondrial",GCST90423062,179347a0b35d63159257cb6098dbd607
X17742.2,17742-2,P10301,RRAS,Ras-related protein R-Ras,GCST90423063,18a399c4aa5e20456e50e171eb95b5eb
X17743.14,17743-14,P49459,UBE2A,Ubiquitin-conjugating enzyme E2 A,GCST90423064,28f1c1321ddf530059663ef0879cc381
X17744.31,17744-31,P62491,RAB11A,Ras-related protein Rab-11A,GCST90423065,ed27e0ebc6335763b3792170016a378d
X17746.77,17746-77,Q9Y3D6,FIS1,Mitochondrial fission 1 protein,GCST90423066,b442303729c1732f49cdff1ce0e351f8
X17748.21,17748-21,Q53FA7,TP53I3,Quinone oxidoreductase PIG3,GCST90423067,c4258c83d04a77a221a2964fea5e59ad
X17750.8,17750-8,P31350,RRM2,Ribonucleoside-diphosphate reductase subunit M2,GCST90423068,5ccc55f45497f2c214e62a0785d4c41b
X17751.68,17751-68,P53674,CRYBB1,Beta-crystallin B1,GCST90423069,4a68316b55d8c2c0b0df571208b0646a
X17752.24,17752-24,P78540,ARG2,"Arginase-2, mitochondrial",GCST90423070,3ae9520e0d2892871c2ab9cb1e2b3cc9
X17755.5,17755-5,O60701,UGDH,UDP-glucose 6-dehydrogenase,GCST90423071,c66425e823d29b12adc5537f95ff2f42
X17756.69,17756-69,P32321,DCTD,Deoxycytidylate deaminase,GCST90423072,ed7ecc6cbfef8d0237f08da90e45569d
X17757.86,17757-86,Q9Y376,CAB39,Calcium-binding protein 39,GCST90423073,4c4b098e14fcc6f6adb12daa0f747055
X17758.79,17758-79,Q7Z4W1,DCXR,L-xylulose reductase,GCST90423074,84e5dbe89edfbda3929fe5d48d2be3bf
X17760.128,17760-128,P61964,WDR5,WD repeat-containing protein 5,GCST90423075,39f4947197ea7d354d181f42d72130c8
X17761.2,17761-2,Q9UKK9,NUDT5,ADP-sugar pyrophosphatase,GCST90423076,08ca2676bf47a30906ad432a6a9bcc25
X17764.108,17764-108,P08134,RHOC,Rho-related GTP-binding protein RhoC,GCST90423077,bfd9f8bf75179edf1c5f21bfd02208f8
X17765.3,17765-3,O95149,SNUPN,Snurportin-1,GCST90423078,ca5308229750ba29e0c5df48a3a5c672
X17766.5,17766-5,P14598,NCF1,Neutrophil cytosol factor 1,GCST90423079,ad0a71fc1d549594a8cfe92f614fcd7d
X17768.50,17768-50,Q9UJM8,HAO1,Hydroxyacid oxidase 1,GCST90423080,3308acfe75bc18025b7bc940d0efa9ed
X17769.28,17769-28,Q8WW12,PCNP,PEST proteolytic signal-containing nuclear protein,GCST90423081,f1b85fcb394b0a66c7fa8957a5afda02
X17770.42,17770-42,O43402,EMC8,ER membrane protein complex subunit 8,GCST90423082,fe8cbd39e2a8a602cbbe5c2edbed30c5
X17771.35,17771-35,O75575,CRCP,DNA-directed RNA polymerase III subunit RPC9,GCST90423083,73b2e9852e9e8a637a00e18ff1cad72f
X17772.7,17772-7,O15205,UBD,Ubiquitin D,GCST90423084,269b972d7d4e3954e5f6385b0120c1ae
X17773.26,17773-26,Q99747,NAPG,Gamma-soluble NSF attachment protein,GCST90423085,e4495227468002716cdfd43b5bcb69cf
X17774.38,17774-38,P62318,SNRPD3,Small nuclear ribonucleoprotein Sm D3,GCST90423086,fbf350bd8e031d300ca9359d8fcefc27
X17775.8,17775-8,Q9UI15,TAGLN3,Transgelin-3,GCST90423087,381f362e49d40f5102398000103164d6
X17776.15,17776-15,Q9BY49,PECR,Peroxisomal trans-2-enoyl-CoA reductase,GCST90423088,17073f1d7bd37c970364e75f13ce7732
X17777.31,17777-31,Q96GA7,SDSL,Serine dehydratase-like,GCST90423089,8c1e3e78f81203d686addcbaa25f88cb
X17778.19,17778-19,Q13637,RAB32,Ras-related protein Rab-32,GCST90423090,a2f019b2cce66ee325c909a9e3101528
X17781.191,17781-191,Q9H492,MAP1LC3A,Microtubule-associated proteins 1A/1B light chain 3A,GCST90423091,f02c11801908e18542ddf9afaa3d37e7
X17782.23,17782-23,P09110,ACAA1,"3-ketoacyl-CoA thiolase, peroxisomal",GCST90423092,ee31dbdde420da705e45a39486e9c9bd
X17783.9,17783-9,Q96EY8,MMAB,"Cob(I)yrinic acid a,c-diamide adenosyltransferase, mitochondrial",GCST90423093,445630e018778ab91de26f39b35045f7
X17784.23,17784-23,P60983,GMFB,Glia maturation factor beta,GCST90423094,6c050388bbb1221b3db724e557e98f57
X17785.11,17785-11,O43598,DNPH1,2'-deoxynucleoside 5'-phosphate N-hydrolase 1,GCST90423095,21875e4bde55923d7e017d183781f434
X17786.5,17786-5,O95749,GGPS1,Geranylgeranyl pyrophosphate synthase,GCST90423096,351f85c2182b4ad7b2a70125e633fa9f
X17787.1,17787-1,P30084,ECHS1,"Enoyl-CoA hydratase, mitochondrial",GCST90423097,a938cda8278f977b87293476fdb67744
X17789.1,17789-1,Q15274,QPRT,Nicotinate-nucleotide pyrophosphorylase [carboxylating],GCST90423098,c197629894c35ce513a49584d8865dc4
X17791.25,17791-25,P37235,HPCAL1,Hippocalcin-like protein 1,GCST90423099,b4775e606d132433002b29d5f2444399
X17792.158,17792-158,P51649,ALDH5A1,"Succinate-semialdehyde dehydrogenase, mitochondrial",GCST90423100,7736b0fbd67847e89247365a08529c46
X17793.4,17793-4,O95057,DIRAS1,GTP-binding protein Di-Ras1,GCST90423101,b2759e85a80f9b7a72bfc140943ebb9d
X17794.6,17794-6,O15305,PMM2,Phosphomannomutase 2,GCST90423102,c3b495b390c689ce15e8443b13176d6d
X17795.176,17795-176,O15116,LSM1,U6 snRNA-associated Sm-like protein LSm1,GCST90423103,c3a139dc0aa614f7760d92616abed3e7
X17796.15,17796-15,P29218,IMPA1,Inositol monophosphatase 1,GCST90423104,80bdc9644c961b5a5946bab963ac19e9
X17797.1,17797-1,Q13616,CUL1,Cullin-1,GCST90423105,05eb57532de1dc0259f5f9f89624a6d5
X17799.9,17799-9,O95336,PGLS,6-phosphogluconolactonase,GCST90423106,62f19530328685f61f208663c3392f48
X17800.33,17800-33,P57086,SCAND1,SCAN domain-containing protein 1,GCST90423107,b06769bcf5d11bbfbb08fa10736921ae
X17802.4,17802-4,Q9NR45,NANS,Sialic acid synthase,GCST90423108,ba07632a3b7fc5a4ac6aa6358e673968
X17804.102,17804-102,Q9NVS9,PNPO,Pyridoxine-5'-phosphate oxidase,GCST90423109,9f680782afcab91e67f8b9e4e65b9472
X17805.35,17805-35,O75940,SMNDC1,Survival of motor neuron-related-splicing factor 30,GCST90423110,39f1e4767aa40a075dafdcd7af9bcbab
X17806.6,17806-6,O00560,SDCBP,Syntenin-1,GCST90423111,fc4a15ecad367327f9689df088fee5bd
X17808.37,17808-37,Q9NQR4,NIT2,Omega-amidase NIT2,GCST90423112,d0a8c2b02c04422857f220828d5d7c7c
X17811.78,17811-78,O00338,SULT1C2,Sulfotransferase 1C2,GCST90423113,fe38f8cde0c7bf9961c2d0a0e6e4387a
X17812.2,17812-2,Q93096,PTP4A1,Protein tyrosine phosphatase type IVA 1,GCST90423114,c3b3f5621f2d81f2c627dd53fa97af0b
X17813.21,17813-21,Q86WA6,BPHL,Valacyclovir hydrolase,GCST90423115,ffff421ab77c9046609c7dda04606b06
X17814.8,17814-8,O95861,BPNT1,"3'(2'),5'-bisphosphate nucleotidase 1",GCST90423116,1b57c4edeb661d908ebcc7544b33b41b
X17816.58,17816-58,P61601,NCALD,Neurocalcin-delta,GCST90423117,8cf0b221e61f830a0f60df430485c153
X17817.22,17817-22,Q9NX09,DDIT4,DNA damage-inducible transcript 4 protein,GCST90423118,540aa71ff3f0d312260b73b705a55795
X17818.22,17818-22,Q9Y2Z0,SUGT1,Protein SGT1 homolog,GCST90423119,6955e7429816a25989ef1156c0c452ba
X17819.30,17819-30,Q6P587,FAHD1,"Acylpyruvase FAHD1, mitochondrial",GCST90423120,ddc001ae71a884498efc05bdfb2d8d3b
X17820.170,17820-170,P58340,MLF1,Myeloid leukemia factor 1,GCST90423121,000e79fd57b3e52a062ef5fe8b0bf31e
X17821.20,17821-20,O60551,NMT2,Glycylpeptide N-tetradecanoyltransferase 2,GCST90423122,bb6d6280262c87c45aa269c250234096
X17822.57,17822-57,Q96A58,RERG,Ras-related and estrogen-regulated growth inhibitor,GCST90423123,dab8c6dc0552316680b31159e9e557d8
X17823.40,17823-40,P62316,SNRPD2,Small nuclear ribonucleoprotein Sm D2,GCST90423124,da97e8ceb3c9d45f82adca65c61534ce
X17826.341,17826-341,P29692,EEF1D,Elongation factor 1-delta,GCST90423125,787f9b206ebbf29d88c334d58caeb135
X17827.53,17827-53,Q8TF09,DYNLRB2,Dynein light chain roadblock-type 2,GCST90423126,a1fc47411f592afcf0e43c8cce50f903
X17828.3,17828-3,Q9HCY8,S100A14,Protein S100-A14,GCST90423127,53ff203ec07ccfb11867de56be1b5af7
X17829.2,17829-2,Q9BQ50,TREX2,Three prime repair exonuclease 2,GCST90423128,e3a7889b0eea9814f5378cfaffceb239
X17832.12,17832-12,Q9BXS1,IDI2,Isopentenyl-diphosphate delta-isomerase 2,GCST90423129,41fbaa01e123903c416c5ec70542f4b2
X17835.28,17835-28,P27216,ANXA13,Annexin A13,GCST90423130,399bc4dd67240154ac6e949e97810ad5
X17836.17,17836-17,Q96FQ6,S100A16,Protein S100-A16,GCST90423131,3145e2c41bbf9d510e33ac64f5b995f4
X17837.5,17837-5,O15247,CLIC2,Chloride intracellular channel protein 2,GCST90423132,623b46f933960410062e201b74ff898b
X17843.30,17843-30,Q9HAB8,PPCS,Phosphopantothenate--cysteine ligase,GCST90423133,2b79f06104d4cf02c5e85d37a10412aa
X17849.6,17849-6,Q9Y295,DRG1,Developmentally-regulated GTP-binding protein 1,GCST90423134,ace4a3d1b02a0b351aa23977c9a45e4c
X17850.42,17850-42,O43474,KLF4,Krueppel-like factor 4,GCST90423135,74a7049abe3179ed837d810e2a77d559
X17852.5,17852-5,Q9Y570,PPME1,Protein phosphatase methylesterase 1,GCST90423136,c52a047187cc9ed224ec819256e5ee9d
X17854.33,17854-33,P41227,NAA10,N-alpha-acetyltransferase 10,GCST90423137,248f4b18e7a57cb2d52eddaa77e397db
X17855.28,17855-28,P49798,RGS4,Regulator of G-protein signaling 4,GCST90423138,3dbfd83e9ae2ec005f770c9b4d69d388
X17856.23,17856-23,Q9NPB1,NT5M,"5'(3')-deoxyribonucleotidase, mitochondrial",GCST90423139,63003e5b1d5629336bf782e64b0f5263
X17857.6,17857-6,P28330,ACADL,"Long-chain specific acyl-CoA dehydrogenase, mitochondrial",GCST90423140,044c6218c90fd4f7c5c201ed915aa68d
X18156.7,18156-7,Q9NT62,ATG3,Ubiquitin-like-conjugating enzyme ATG3,GCST90423141,2c6326ba37010c4f03412a770c428510
X18158.45,18158-45,Q14790,CASP8,Caspase-8,GCST90423142,d2ff3891dccf672e3fdeb33b8242f7ac
X18160.2,18160-2,P22061,PCMT1,Protein-L-isoaspartate(D-aspartate) O-methyltransferase,GCST90423143,c77f8d4fc11a41523eceee3b3e620362
X18162.167,18162-167,Q9NWZ3,IRAK4,Interleukin-1 receptor-associated kinase 4,GCST90423144,8fef31f22312be570d38f630000fde07
X18165.181,18165-181,Q15819,UBE2V2,Ubiquitin-conjugating enzyme E2 variant 2,GCST90423145,f80b8465fa3845d1caacc7982159bd8d
X18166.4,18166-4,P62745,RHOB,Rho-related GTP-binding protein RhoB,GCST90423146,ac8cd0fae65f2b8baae2c537f0aa7c09
X18170.46,18170-46,P32322,PYCR1,"Pyrroline-5-carboxylate reductase 1, mitochondrial",GCST90423147,2dff8eb78e0982dce60bf981314a0f36
X18171.25,18171-25,O14625,CXCL11,C-X-C motif chemokine 11,GCST90423148,9469788339223b0206e5d4dd090943b4
X18172.71,18172-71,Q9Y294,ASF1A,Histone chaperone ASF1A,GCST90423149,3f2fee0155df229e481966b9dda83a58
X18173.11,18173-11,O95154,AKR7A3,Aflatoxin B1 aldehyde reductase member 3,GCST90423150,104715c4d33ba4ce581f4cc79394a8fe
X18174.79,18174-79,Q8WUM4,PDCD6IP,Programmed cell death 6-interacting protein,GCST90423151,d86fbee565bd22395754d3098eee8a06
X18175.65,18175-65,Q99536,VAT1,Synaptic vesicle membrane protein VAT-1 homolog,GCST90423152,83810dd70b92d274695db9ef449b6b96
X18177.49,18177-49,Q13564,NAE1,NEDD8-activating enzyme E1 regulatory subunit,GCST90423153,a4ea448a353be6b13ef3264041b5e477
X18178.13,18178-13,P49591,SARS1,"Serine--tRNA ligase, cytoplasmic",GCST90423154,0261f72e554abfa5a8313180fc35f599
X18179.56,18179-56,P52788,SMS,Spermine synthase,GCST90423155,aa029da0eb03d0db3159f8d97b4d1ffb
X18180.58,18180-58,Q8WWV3,RTN4IP1,"Reticulon-4-interacting protein 1, mitochondrial",GCST90423156,ef675b7f287a4e1d560261d2b9376e4a
X18181.2,18181-2,Q9Y5U2,TSSC4,Protein TSSC4,GCST90423157,ad1b934803642479979e0220f9a9faaa
X18182.24,18182-24,P35558,PCK1,"Phosphoenolpyruvate carboxykinase, cytosolic [GTP]",GCST90423158,7e369f7cfba655cd947f37c042b14ac6
X18183.3,18183-3,Q5SW96,LDLRAP1,Low density lipoprotein receptor adapter protein 1,GCST90423159,0a7a732c2e6eb0fe35827efa57775764
X18184.28,18184-28,P49915,GMPS,GMP synthase [glutamine-hydrolyzing],GCST90423160,fcceb6ab597823c9e39eac4abe23434e
X18185.118,18185-118,P05062,ALDOB,Fructose-bisphosphate aldolase B,GCST90423161,87cac25b6deae8f3796a914261148e04
X18186.15,18186-15,P26639,TARS1,"Threonine--tRNA ligase, cytoplasmic",GCST90423162,6eb4c73744de8347fd07906fdd5a9ff0
X18187.16,18187-16,P45381,ASPA,Aspartoacylase,GCST90423163,d4defc7428617da0b09a6149f416c698
X18188.12,18188-12,P50440,GATM,"Glycine amidinotransferase, mitochondrial",GCST90423164,72bf2c70b8555031f7257dc01cda3c2c
X18189.12,18189-12,Q9BRG1,VPS25,Vacuolar protein-sorting-associated protein 25,GCST90423165,68c14e7faf4bb0846fec96aa81f94a7c
X18190.15,18190-15,P57730,CARD18,Caspase recruitment domain-containing protein 18,GCST90423166,ac5dea55a0536ea83ad0ab53170c7f40
X18191.23,18191-23,P43487,RANBP1,Ran-specific GTPase-activating protein,GCST90423167,89052b8d4584a0299133bf6df8299ee3
X18192.69,18192-69,P43359,MAGEA5,Melanoma-associated antigen 5,GCST90423168,8ca56670f3b4ba69ab7faaed66aa2685
X18193.165,18193-165,Q9UBU8,MORF4L1,Mortality factor 4-like protein 1,GCST90423169,d0942b30350fce0c8770b266dd3c3e09
X18194.18,18194-18,Q0Z7S8,FABP9,Fatty acid-binding protein 9,GCST90423170,c4e7bafc9170461e206d8672dc01c914
X18195.3,18195-3,Q8WV07,LTO1,Oral cancer-overexpressed protein 1,GCST90423171,7746028cb3412dba9f6fad13fd3e4fa5
X18196.8,18196-8,P43652,AFM,Afamin,GCST90423172,ab4eb33ae43243fee001f3d63ac0ebd7
X18197.97,18197-97,P17540,CKMT2,"Creatine kinase S-type, mitochondrial",GCST90423173,002c6e1ccf33d7bfb5eb9336713da990
X18198.51,18198-51,P09105,HBQ1,Hemoglobin subunit theta-1,GCST90423174,c02afdd38788bdb323d918e447697c72
X18202.22,18202-22,P11049,CD37,Leukocyte antigen CD37,GCST90423175,96a53512a4949a9866c09bf42717b894
X18203.9,18203-9,P07315,CRYGC,Gamma-crystallin C,GCST90423176,a7d12cb6725d3f63c375cc4adb890ae4
X18204.1,18204-1,P23193,TCEA1,Transcription elongation factor A protein 1,GCST90423177,1d23af8e7c71bc4581cd8f8d6e5ae202
X18205.123,18205-123,P43360,MAGEA6,Melanoma-associated antigen 6,GCST90423178,7a4b1e985d88af33b1eaec01066aba2a
X18206.18,18206-18,P28332,ADH6,Alcohol dehydrogenase 6,GCST90423179,b2e748cfa655d4223d8949264fc659db
X18207.6,18207-6,Q7LBR1,CHMP1B,Charged multivesicular body protein 1b,GCST90423180,f7940fdf2708af9a7538303c3affc80c
X18208.3,18208-3,O95067,CCNB2,G2/mitotic-specific cyclin-B2,GCST90423181,4a49416baa42d5f293871df42d2708ef
X18210.12,18210-12,Q9Y657,SPIN1,Spindlin-1,GCST90423182,bc21a4409245bb65289c707e0742eaf7
X18212.43,18212-43,P46439,GSTM5,Glutathione S-transferase Mu 5,GCST90423183,375135d32294cd7ea90f58e8d9501887
X18213.30,18213-30,Q969M7,UBE2F,NEDD8-conjugating enzyme UBE2F,GCST90423184,3a57941664d9b463e34d3641a4f0d7fe
X18214.2,18214-2,P48507,GCLM,Glutamate--cysteine ligase regulatory subunit,GCST90423185,d0745f307108c7c1b34420ecd29d7f2f
X18215.5,18215-5,Q9NWX6,THG1L,Probable tRNA(His) guanylyltransferase,GCST90423186,fdbbc6c30d9736f324637b6811f66e0c
X18216.22,18216-22,Q14626,IL11RA,Interleukin-11 receptor subunit alpha,GCST90423187,fb485a1133a709ed1309422cae4150a8
X18218.48,18218-48,Q96F85,CNRIP1,CB1 cannabinoid receptor-interacting protein 1,GCST90423188,0532209820cc604d06070dbec8f5a5d9
X18220.141,18220-141,Q9HD15,SRA1,Steroid receptor RNA activator 1,GCST90423189,e9cdc8c289494c791e369ddc3875967c
X18222.34,18222-34,Q9NR46,SH3GLB2,Endophilin-B2,GCST90423190,318b7ef1a98859677b05270d0586d5cd
X18224.11,18224-11,Q9HD42,CHMP1A,Charged multivesicular body protein 1a,GCST90423191,b5b6f13bdb46c22091df2869f1b9beaa
X18225.13,18225-13,Q9NRV9,HEBP1,Heme-binding protein 1,GCST90423192,dcfa92426fec1f0b1084845a0f953226
X18226.148,18226-148,P20674,COX5A,"Cytochrome c oxidase subunit 5A, mitochondrial",GCST90423193,18d96c5c8f4be082c316c87c0ffcdb00
X18227.3,18227-3,O75956,CDK2AP2,Cyclin-dependent kinase 2-associated protein 2,GCST90423194,1afab5d59336e0f05274fd1ee1c58cfd
X18228.30,18228-30,Q9Y3C1,NOP16,Nucleolar protein 16,GCST90423195,00fb69bec4389c3f3c45d1b9f4a377d9
X18231.147,18231-147,Q9UKY0,PRND,Prion-like protein doppel,GCST90423196,1d50ededd2cfa6b472e3f1f4359a811c
X18232.42,18232-42,P78356,PIP4K2B,Phosphatidylinositol 5-phosphate 4-kinase type-2 beta,GCST90423197,3371e412086b89799669e6d20a1382ee
X18233.10,18233-10,P00505,GOT2,"Aspartate aminotransferase, mitochondrial",GCST90423198,b6e2c9127734e924924a447c4aeda45d
X18235.16,18235-16,A6NDG6,PGP,Glycerol-3-phosphate phosphatase,GCST90423199,b47d3a6a20aabdc7a535542a13347017
X18236.3,18236-3,Q3ZCW2,LGALSL,Galectin-related protein,GCST90423200,1b6103efe622fc2ec36732dd877b524c
X18237.29,18237-29,Q9NQ35,NRIP3,Nuclear receptor-interacting protein 3,GCST90423201,56bba59734e3b5bfcf6dc5b14534746f
X18240.6,18240-6,P47874,OMP,Olfactory marker protein,GCST90423202,ac0d9dc880ba009632d632cb88989c23
X18241.18,18241-18,P36551,CPOX,"Oxygen-dependent coproporphyrinogen-III oxidase, mitochondrial",GCST90423203,7d6b76dea7620fc4f8cb40685aeb187f
X18242.8,18242-8,Q15506,SPA17,Sperm surface protein Sp17,GCST90423204,ab5c97f414c45c5ea5be42e034cdf938
X18243.9,18243-9,P30085,CMPK1,UMP-CMP kinase,GCST90423205,c53b08f0a4fbc620aef91263f659285c
X18244.1,18244-1,P20073,ANXA7,Annexin A7,GCST90423206,be75d064216d6f887d5fa5d88ed9c722
X18253.8,18253-8,Q04837,SSBP1,"Single-stranded DNA-binding protein, mitochondrial",GCST90423207,3f04b6e803a94aa7d61c6f2018bbd282
X18255.6,18255-6,Q9UHQ9,CYB5R1,NADH-cytochrome b5 reductase 1,GCST90423208,0715ca0bbcea535de30341c6cec48080
X18257.64,18257-64,P09132,SRP19,Signal recognition particle 19 kDa protein,GCST90423209,d32370218d0fefd04cb8ea44e2d67f91
X18259.15,18259-15,P50222,MEOX2,Homeobox protein MOX-2,GCST90423210,a8c1290b2fbddd150553b2e86db08a15
X18261.34,18261-34,Q8N6N6,NATD1,Protein NATD1,GCST90423211,2cecdc60e839c44bdca1cee1184e2db3
X18264.12,18264-12,Q86WR0,CCDC25,Coiled-coil domain-containing protein 25,GCST90423212,acfecb8f69d2c1faf520aff55750372b
X18265.18,18265-18,Q8IZ26,ZNF34,Zinc finger protein 34,GCST90423213,4ed38d3a81f403c8019b6025e27ad23f
X18267.74,18267-74,Q5XLA6,CARD17,Caspase recruitment domain-containing protein 17,GCST90423214,e0ee98de26ad53769147afdb47751552
X18268.5,18268-5,Q6NT46,GAGE2A,G antigen 2A,GCST90423215,a57a035af4a7062e7b95a80ecac90b64
X18270.10,18270-10,Q12962,TAF10,Transcription initiation factor TFIID subunit 10,GCST90423216,def33198de5eba0fc7b08625a60f8c67
X18271.43,18271-43,Q9NWU1,OXSM,"3-oxoacyl-[acyl-carrier-protein] synthase, mitochondrial",GCST90423217,c74991b9537cade92335a1cc8994098e
X18273.14,18273-14,Q9UEU5,GAGE2D,G antigen 2D,GCST90423218,ae13e60710c05074e30642ed64a9f60d
X18274.2,18274-2,P84101,SERF2,Small EDRK-rich factor 2,GCST90423219,f72558b7f35124743a7c1e6931bb7eba
X18275.5,18275-5,P50238,CRIP1,Cysteine-rich protein 1,GCST90423220,ef0923b10f080225d633b6932d67713b
X18276.34,18276-34,O95988,TCL1B,T-cell leukemia/lymphoma protein 1B,GCST90423221,9ca9cc3928b52b2dcf411d61db293366
X18277.28,18277-28,O43715,TRIAP1,TP53-regulated inhibitor of apoptosis 1,GCST90423222,1f86fcb96e1aa321854a98250e7ff01a
X18280.29,18280-29,Q96FN9,DTD2,Putative D-tyrosyl-tRNA(Tyr) deacylase 2,GCST90423223,ec8894ed4d698b20f8c9ed9b62e95e31
X18282.1,18282-1,P61952,GNG11,Guanine nucleotide-binding protein G(I)/G(S)/G(O) subunit gamma-11,GCST90423224,8d73a222adf1dfa46518a1c6508234dc
X18284.77,18284-77,Q8IX03,WWC1,Protein KIBRA,GCST90423225,ff2b6db1e8283802cb6ba2d6d330bceb
X18285.6,18285-6,Q8NHG7,SVIP,Small VCP/p97-interacting protein,GCST90423226,fa7a1b69420c54ed76c6c792f510d1d8
X18286.3,18286-3,O95229,ZWINT,ZW10 interactor,GCST90423227,04bfe55b0004889aecbbde1a7b102f58
X18289.16,18289-16,Q16663,CCL15,C-C motif chemokine 15,GCST90423228,8c8ee552b6d5bd171f16d67303332394
X18290.6,18290-6,P13928,ANXA8,Annexin A8,GCST90423229,6bb6904af3811a6c5180d28079c4f802
X18291.8,18291-8,P38936,CDKN1A,Cyclin-dependent kinase inhibitor 1,GCST90423230,6f1402f0ff686f0dda58305494456e47
X18294.26,18294-26,P48431,SOX2,Transcription factor SOX-2,GCST90423231,7a63de7dccc4c4aeef19b3495bc1046c
X18295.102,18295-102,Q9UBQ7,GRHPR,Glyoxylate reductase/hydroxypyruvate reductase,GCST90423232,44c1535db15bfa91a8a9d3126c539b35
X18297.8,18297-8,O14807,MRAS,Ras-related protein M-Ras,GCST90423233,56037921730afffa8b84b2473bb764d2
X18299.13,18299-13,P04632,CAPNS1,Calpain small subunit 1,GCST90423234,1102d327bd32f54ef70d63d84f78a378
X18300.39,18300-39,Q96QR8,PURB,Transcriptional activator protein Pur-beta,GCST90423235,fcc60b1e7d36c0ebe0c0ad43f7d28ae2
X18301.10,18301-10,Q69YI7,NAIF1,Nuclear apoptosis-inducing factor 1,GCST90423236,3f3666238c8290988e05524cc7373d22
X18302.204,18302-204,Q9H900,ZWILCH,Protein zwilch homolog,GCST90423237,01466834a6a39f20e6ea7aaa42b27e48
X18303.39,18303-39,Q92686,NRGN,Neurogranin,GCST90423238,9b2e94f7e02dbb5c006f291a037355d5
X18304.19,18304-19,Q9P287,BCCIP,BRCA2 and CDKN1A-interacting protein,GCST90423239,60c4495e45f911196351a549bad58976
X18306.1,18306-1,O75781,PALM,Paralemmin-1,GCST90423240,860040c73386cb0f2144fe7ee3a1fa14
X18307.71,18307-71,Q9H2U2,PPA2,"Inorganic pyrophosphatase 2, mitochondrial",GCST90423241,49c1e398ff48c47651f68fde78da24fa
X18308.30,18308-30,Q8NFX7,STXBP6,Syntaxin-binding protein 6,GCST90423242,d60fcbed83f74e6fb0faada634cd0a67
X18309.18,18309-18,O75390,CS,"Citrate synthase, mitochondrial",GCST90423243,73d9ce30bdbaa48b2acb51a3c4f70683
X18310.26,18310-26,P63302,SELENOW,Selenoprotein W,GCST90423244,ca3dc0e261d983131cb86e30a44dce3f
X18312.68,18312-68,Q9UGV2,NDRG3,Protein NDRG3,GCST90423245,caf2e8fcea891f60083aa0881cdc9764
X18313.4,18313-4,Q7L266,ASRGL1,Isoaspartyl peptidase/L-asparaginase,GCST90423246,0f8309d922a8489bb6d6f8a76ab5c545
X18314.88,18314-88,Q06710,PAX8,Paired box protein Pax-8,GCST90423247,61092361a01396028e738a2b540124cc
X18315.38,18315-38,Q96DX8,RTP4,Receptor-transporting protein 4,GCST90423248,1e071bbe7f4b337845f0631e93befdf5
X18316.75,18316-75,Q9UH03,SEPTIN3,Neuronal-specific septin-3,GCST90423249,4fce2d319ade36c1e67cd98d6c1c3a92
X18317.111,18317-111,O76080,ZFAND5,AN1-type zinc finger protein 5,GCST90423250,e7941462755fb53ff680b25a3fe5daa4
X18318.98,18318-98,Q99963,SH3GL3,Endophilin-A3,GCST90423251,f4e4e7cb4ba9a63cfd0538cc42b5368b
X18319.7,18319-7,O00330,PDHX,"Pyruvate dehydrogenase protein X component, mitochondrial",GCST90423252,ccd6911f3fb230948f43d2ed3d35ed4f
X18321.38,18321-38,P13995,MTHFD2,"Bifunctional methylenetetrahydrofolate dehydrogenase/cyclohydrolase, mitochondrial",GCST90423253,526a9be9900ef8e5a522c2f16c129af6
X18322.15,18322-15,Q6NYC1,JMJD6,Bifunctional arginine demethylase and lysyl-hydroxylase JMJD6,GCST90423254,29424750e2f2e781014fbd5941ff71c5
X18323.39,18323-39,Q14194,CRMP1,Dihydropyrimidinase-related protein 1,GCST90423255,ba0c614ae01fa94d351b5888c84cf219
X18324.61,18324-61,P51687,SUOX,"Sulfite oxidase, mitochondrial",GCST90423256,8a1af1fd373c1e1903a7c690b69c1cd3
X18326.50,18326-50,P43361,MAGEA8,Melanoma-associated antigen 8,GCST90423257,37e55c17c35221e0f74ab17eafcbd1ce
X18327.6,18327-6,Q9Y5X3,SNX5,Sorting nexin-5,GCST90423258,940bfe8f6104545ec073a7122315a24a
X18328.36,18328-36,Q96C36,PYCR2,Pyrroline-5-carboxylate reductase 2,GCST90423259,726c7357f12012e9b416bf82197c91d7
X18329.4,18329-4,P11908,PRPS2,Ribose-phosphate pyrophosphokinase 2,GCST90423260,f0ddd4a62266a10ecaf0bac004b893d1
X18330.7,18330-7,Q96G03,PGM2,Phosphoglucomutase-2,GCST90423261,761376efb104ac921ea7c6b51f0696d5
X18331.3,18331-3,P04062,GBA,Glucosylceramidase,GCST90423262,843f611c6335d8faf13339fcee0c7692
X18332.17,18332-17,O14810,CPLX1,Complexin-1,GCST90423263,33afaaaea6392d857fe1d9cf18dec1ce
X18337.4,18337-4,O60547,GMDS,"GDP-mannose 4,6 dehydratase",GCST90423264,86493a1f4aa3e79a5ed0a1f227b2a32f
X18338.26,18338-26,O75874,IDH1,Isocitrate dehydrogenase [NADP] cytoplasmic,GCST90423265,8e135af69496c876b7f7a2951cb39043
X18339.207,18339-207,P49720,PSMB3,Proteasome subunit beta type-3,GCST90423266,fee1acb7c3f0e5543cc45dfb714f7b57
X18340.2,18340-2,P28070,PSMB4,Proteasome subunit beta type-4,GCST90423267,3e9fb7f25cf563e55ccb3be0fc25efdc
X18342.2,18342-2,Q9Y617,PSAT1,Phosphoserine aminotransferase,GCST90423268,54f7a8d28b12a709cc918dedd16c6310
X18343.10,18343-10,Q9NUI1,DECR2,"Peroxisomal 2,4-dienoyl-CoA reductase",GCST90423269,391c59d0041f664fbb09873dce5b9f27
X18347.15,18347-15,P24043|P07942|P11047,LAMA2|LAMB1|LAMC1,Laminin-2,GCST90423270,dc7f95630400a24e345efccb16ebd6ad
X18348.89,18348-89,Q14103,HNRNPD,Heterogeneous nuclear ribonucleoprotein D0,GCST90423271,cbc36bb4d81acf6cdafd90b5378cd776
X18373.13,18373-13,P35241,RDX,Radixin,GCST90423272,12db322e973754cdcd4db924486981bb
X18375.28,18375-28,Q9UBH0,IL36RN,Interleukin-36 receptor antagonist protein,GCST90423273,1f2d5e60ea83ad5e918d744a0df00cf5
X18376.19,18376-19,P08590,MYL3,Myosin light chain 3,GCST90423274,fd19b262107ca1b5518aa9fb47922680
X18380.78,18380-78,P02768,ALB,Serum albumin,GCST90423275,9158e6099d51e94a8079771e48768e1a
X18381.16,18381-16,P05091,ALDH2,"Aldehyde dehydrogenase, mitochondrial",GCST90423276,049b61e37c93c8990662e7a459ba84a8
X18382.109,18382-109,P21964,COMT,Catechol O-methyltransferase,GCST90423277,b80909b49d637639965f919a17a739cc
X18385.4,18385-4,O75832,PSMD10,26S proteasome non-ATPase regulatory subunit 10,GCST90423278,a6272eca466657fab7d260089cde057d
X18386.36,18386-36,P35754,GLRX,Glutaredoxin-1,GCST90423279,c1e4f46b5a549a9c66a5c3b297997bcc
X18387.7,18387-7,P50502,ST13,Hsc70-interacting protein,GCST90423280,f866af6b806931705ba72d77d1e8f20d
X18389.11,18389-11,P01562,IFNA1,Interferon alpha-1/13,GCST90423281,0c3f1116bf14c0d7604c19952789ea70
X18392.19,18392-19,Q9NZL9,MAT2B,Methionine adenosyltransferase 2 subunit beta,GCST90423282,5664fd2d78097f864b1c9e4bd1f0b02a
X18395.5,18395-5,P54922,ADPRH,[Protein ADP-ribosylarginine] hydrolase,GCST90423283,cb4c4d74ae112d22f7748269614e51bc
X18396.10,18396-10,Q08117,TLE5,Amino-terminal enhancer of split,GCST90423284,9b7081079e23776eeebab90d25abb86e
X18397.5,18397-5,P17516,AKR1C4,Aldo-keto reductase family 1 member C4,GCST90423285,d2424504dcd471e85b08956555056931
X18398.1,18398-1,P51857,AKR1D1,3-oxo-5-beta-steroid 4-dehydrogenase,GCST90423286,062f23de8c50444ac3fd96ba6a35b959
X18399.1,18399-1,O43687,AKAP7,A-kinase anchor protein 7 isoforms alpha and beta,GCST90423287,766b00774e15d06e04c333b9a13b0135
X18400.52,18400-52,Q6NS38,ALKBH2,DNA oxidative demethylase ALKBH2,GCST90423288,1740c19c0938891c59221dd3a1d07bc3
X18401.18,18401-18,Q96Q83,ALKBH3,Alpha-ketoglutarate-dependent dioxygenase alkB homolog 3,GCST90423289,3b096a907289526c61b7a68794b73235
X18402.1,18402-1,Q6DCA0,AMMECR1L,AMMECR1-like protein,GCST90423290,0c508172240d032f3c3139d3e13f2712
X18403.25,18403-25,Q01433,AMPD2,AMP deaminase 2,GCST90423291,dbe13e464d7dce2ebcb9f48d5d5d7d40
X18404.22,18404-22,Q6NXT1,ANKRD54,Ankyrin repeat domain-containing protein 54,GCST90423292,e2471e450df8be2d5ac40f26d82f1410
X18405.117,18405-117,P56377,AP1S2,AP-1 complex subunit sigma-2,GCST90423293,b77fc03b22ad6a2df9c63d714190e334
X18407.36,18407-36,Q9Y2Y0,ARL2BP,ADP-ribosylation factor-like protein 2-binding protein,GCST90423294,9f98b8bef003c6aaf4844d468f066ef3
X18408.26,18408-26,P18085,ARF4,ADP-ribosylation factor 4,GCST90423295,6f63182708e05ad29a122b2bdbaaa79f
X18409.61,18409-61,P84085,ARF5,ADP-ribosylation factor 5,GCST90423296,77547f95cd334106efabf820806f3cbe
X18411.83,18411-83,Q9NXU5,ARL15,ADP-ribosylation factor-like protein 15,GCST90423297,d97ba581a1161725b7cb59ffc86e0720
X18413.24,18413-24,P49703,ARL4D,ADP-ribosylation factor-like protein 4D,GCST90423298,41f2c04a9e1e860e14d8aa140070988d
X18414.26,18414-26,Q9Y689,ARL5A,ADP-ribosylation factor-like protein 5A,GCST90423299,8815b75fc07da437d86b13a50471264f
X18415.16,18415-16,Q9H0F7,ARL6,ADP-ribosylation factor-like protein 6,GCST90423300,661f4b49c900a56fcbdf9bef4d0f65d6
X18416.3,18416-3,Q6T311,ARL9,ADP-ribosylation factor-like protein 9,GCST90423301,08def2be7a38a53aa60fa333c344d0ed
X18417.3,18417-3,Q9HBK9,AS3MT,Arsenite methyltransferase,GCST90423302,85193cc29ab56fe9a88245e967778b8d
X18419.20,18419-20,O15511,ARPC5,Actin-related protein 2/3 complex subunit 5,GCST90423303,95a7c813d457418595fb727b0b7c7867
X18422.41,18422-41,P53602,MVD,Diphosphomevalonate decarboxylase,GCST90423304,d36b075c771a2ebc53fbcef05894ae71
X18429.10,18429-10,P12830,CDH1,Cadherin-1,GCST90423305,9fad1d30b563da713e993ee9fc36babe
X18434.141,18434-141,P62380,TBPL1,TATA box-binding protein-like protein 1,GCST90423306,b5794e5ddee548f7320e0e876b15e051
X18435.40,18435-40,Q14CS0,UBXN2B,UBX domain-containing protein 2B,GCST90423307,7b7221f404b1a969a6530e900f306104
X18449.33,18449-33,Q13427,PPIG,Peptidyl-prolyl cis-trans isomerase G,GCST90423308,b97cfae0355745934d96bb921447b134
X18458.4,18458-4,Q9H7Z7,PTGES2,Prostaglandin E synthase 2,GCST90423309,3bd0bfb328f30facbef4878ca0d5e5b6
X18483.36,18483-36,P47224,RABIF,Guanine nucleotide exchange factor MSS4,GCST90423310,07ce264af37f963f1065fd712f582dc1
X18813.15,18813-15,Q9NUU7,DDX19A,ATP-dependent RNA helicase DDX19A,GCST90423311,c3338cd6cfd0f495e99be804939fa943
X18814.21,18814-21,P08476|P55103,INHBA|INHBC,Inhibin beta A chain:Inhibin beta C chain heterodimer,GCST90423312,37a3e8ef7218e5bb79228ee2d7e1b36f
X18817.50,18817-50,P83916,CBX1,Chromobox protein homolog 1,GCST90423313,a0c8c243d6087ae00c7036495703311d
X18819.21,18819-21,P45877,PPIC,Peptidyl-prolyl cis-trans isomerase C,GCST90423314,f07267804c85730704467046bb2297d0
X18821.9,18821-9,P0C0L4|P0C0L5,C4A|C4B,C4a anaphylatoxin,GCST90423315,9ad4b39bbfdad88b3964fcb9bee9a2db
X18823.52,18823-52,Q8N257,H2BU1,Histone H2B type 3-B,GCST90423316,1f0535d764c1d0f665e16e7959952e86
X18824.7,18824-7,Q14240,EIF4A2,Eukaryotic initiation factor 4A-II,GCST90423317,f404b605ac920d626fdd361499b08d12
X18829.4,18829-4,P60842,EIF4A1,Eukaryotic initiation factor 4A-I,GCST90423318,9bd32cd541d3830f7059715e90a02de4
X18830.1,18830-1,Q8WWA0,ITLN1,Intelectin-1,GCST90423319,b2e3de864b9040e1ec3832987006c671
X18831.6,18831-6,Q96JA1,LRIG1,Leucine-rich repeats and immunoglobulin-like domains protein 1,GCST90423320,502592bbfa74fb1744f71943cba74898
X18832.65,18832-65,P0DJI9,SAA2,Serum amyloid A-2 protein,GCST90423321,c563c338386c3f79d8435a2676546aff
X18833.76,18833-76,Q15121,PEA15,Astrocytic phosphoprotein PEA-15,GCST90423322,f4b1082d321d992f3fb35b1a941cb65b
X18837.9,18837-9,Q96EQ0,SGTB,Small glutamine-rich tetratricopeptide repeat-containing protein beta,GCST90423323,1af995fe40346a649ac595277cb868d0
X18839.24,18839-24,P01266,TG,Thyroglobulin,GCST90423324,11e571691bd66a6b97e5e1a2d6ecfaa2
X18840.205,18840-205,O14796,SH2D1B,SH2 domain-containing protein 1B,GCST90423325,4f147e3a4e92b022f475b5a6fb7807f0
X18841.1,18841-1,Q9UIV8,SERPINB13,Serpin B13,GCST90423326,08e71d507fb780431a72629530c1f045
X18842.24,18842-24,P62837,UBE2D2,Ubiquitin-conjugating enzyme E2 D2,GCST90423327,67e212a4e6a33dc35df52e76fec42503
X18859.7,18859-7,O60516,EIF4EBP3,Eukaryotic translation initiation factor 4E-binding protein 3,GCST90423328,5c371ea082dfb7d05c0e2e0cae0fc200
X18860.2,18860-2,Q8N5S9,CAMKK1,Calcium/calmodulin-dependent protein kinase kinase 1,GCST90423329,1969b6b086ae08eb9c3f203ebe822905
X18863.176,18863-176,Q9Y4C5,CHST2,Carbohydrate sulfotransferase 2,GCST90423330,b1090746cca1b5098b96583c72346182
X18864.7,18864-7,P35030,PRSS3,Trypsin-3,GCST90423331,d2fd348fc226f25e3aacb67594617b49
X18866.8,18866-8,Q96LZ3,PPP3R2,Calcineurin subunit B type 2,GCST90423332,5e7396982be1606638a832572540b464
X18868.7,18868-7,Q13185,CBX3,Chromobox protein homolog 3,GCST90423333,6f50816042647532f9262f94e100387a
X18870.1,18870-1,P07766,CD3E,T-cell surface glycoprotein CD3 epsilon chain,GCST90423334,c83e187f7c5e2e2428c06e13eb6fe443
X18871.24,18871-24,Q9BQI0,AIF1L,Allograft inflammatory factor 1-like,GCST90423335,be89ea7fa27cbd0d835ed397883581a1
X18873.8,18873-8,P31997,CEACAM8,Carcinoembryonic antigen-related cell adhesion molecule 8,GCST90423336,5bfe4316961722c81d7eaf14f191cbde
X18874.66,18874-66,P49715,CEBPA,CCAAT/enhancer-binding protein alpha,GCST90423337,44ea4f9707277abbeceb2d0f17d56114
X18875.125,18875-125,P02458,COL2A1,Chondrocalcin,GCST90423338,ab673ab018839d62b685a1d374009e7b
X18876.77,18876-77,Q8NCG5,CHST4,Carbohydrate sulfotransferase 4,GCST90423339,2d47d3d560d7631ae97a4c6d55bbd013
X18877.15,18877-15,Q99439,CNN2,Calponin-2,GCST90423340,2fe5e70c4802c6e9e6234761ddd295ae
X18878.15,18878-15,O60565,GREM1,Gremlin-1,GCST90423341,82326a197d6dc8be374cda363e4557df
X18880.81,18880-81,P02461,COL3A1,Collagen Type III,GCST90423342,4a73ddcac8a30823bb5a55cca398ea0f
X18881.7,18881-7,P48960,ADGRE5,CD97 antigen,GCST90423343,7d9a8755a3a5d4ca4180a1b75a0ba323
X18882.7,18882-7,Q9H4D0,CLSTN2,Calsyntenin-2,GCST90423344,d71678e431f9c5e3afa5644f9a6d521d
X18883.4,18883-4,P60981,DSTN,Destrin,GCST90423345,306bdc1237562e93ef204499b4058382
X18884.22,18884-22,Q9UDY4,DNAJB4,DnaJ homolog subfamily B member 4,GCST90423346,1294128f70b00d67a220b4d8cd4806c0
X18886.28,18886-28,Q8TD84,DSCAML1,Down syndrome cell adhesion molecule-like protein 1,GCST90423347,93cd670abda78249401f98cf743ac13b
X18887.7,18887-7,Q9Y5L3,ENTPD2,Ectonucleoside triphosphate diphosphohydrolase 2,GCST90423348,294a216fa1bdbbcd0b9a315b45686029
X18888.37,18888-37,A6NFH5,FABP12,Fatty acid-binding protein 12,GCST90423349,47f168ff44d216b0c3f5d48473722f3a
X18891.98,18891-98,P32456,GBP2,Guanylate-binding protein 2,GCST90423350,b413b0a89a0f2259bed8483858fe1abd
X18892.48,18892-48,O75487,GPC4,Glypican-4,GCST90423351,f055f86ce45a1612bc507bf1e0a1a3fe
X18893.26,18893-26,Q9Y653,ADGRG1,Adhesion G-protein coupled receptor G1,GCST90423352,d2e5b77e8646df935fe60cfab7e2a564
X18894.1,18894-1,P18283,GPX2,Glutathione peroxidase 2,GCST90423353,b58ee7edf7ba5540f9524ca29b0df5f7
X18895.54,18895-54,Q03013,GSTM4,Glutathione S-transferase Mu 4,GCST90423354,059d61f6d8fb635a04546bda12f45b0f
X18896.23,18896-23,Q8IZP7,HS6ST3,Heparan-sulfate 6-O-sulfotransferase 3,GCST90423355,7f5e077b40c02be851f57c9a1ae3a422
X18897.31,18897-31,Q92769,HDAC2,Histone deacetylase 2,GCST90423356,98afbaad43b065b758c05da17cf704aa
X18898.36,18898-36,Q5TGJ6,HDGFL1,Hepatoma-derived growth factor-like protein 1,GCST90423357,f8aa7fabbcd20a1f24b55838910e23eb
X18899.82,18899-82,Q9Y3E1,HDGFL3,Hepatoma-derived growth factor-related protein 3,GCST90423358,a3d58550eae21ab3b2fc43907f877aa8
X18900.37,18900-37,P01112,HRAS,GTPase HRas,GCST90423359,42d9f2f981b1e2b0d1600df5c3fbbcae
X18901.26,18901-26,P0DMV9,HSPA1B,Heat shock 70 kDa protein 1B,GCST90423360,0c16e4b0d5352c58e334473baf918e6c
X18904.23,18904-23,Q16566,CAMK4,Calcium/calmodulin-dependent protein kinase type IV,GCST90423361,450a94b122ba6b3267fd2bdda05f25ee
X18905.5,18905-5,P08779,KRT16,"Keratin, type I cytoskeletal 16",GCST90423362,010922f022893c437567a0a504f549f0
X18907.97,18907-97,P43629,KIR3DL1,Killer cell immunoglobulin-like receptor 3DL1,GCST90423363,0dd05d1a767b3817428ee36b879d470e
X18909.11,18909-11,Q96B26,EXOSC8,Exosome complex component RRP43,GCST90423364,1e8860cb7dcad1b5a6a168a1368a2248
X18910.45,18910-45,O14910,LIN7A,Protein lin-7 homolog A,GCST90423365,36856ba3e74b1a34a5add4c4e2370029
X18913.3,18913-3,P51946,CCNH,Cyclin-H,GCST90423366,1ccc16250f22da88b292cab746f77116
X18914.188,18914-188,Q99487,PAFAH2,"Platelet-activating factor acetylhydrolase 2, cytoplasmic",GCST90423367,ee40a3a7aba7810b888ab6f927a36009
X18916.25,18916-25,Q9BY32,ITPA,Inosine triphosphate pyrophosphatase,GCST90423368,c9559d61ddcc07f511c91a90558e4f69
X18917.53,18917-53,P04746,AMY2A,Pancreatic alpha-amylase,GCST90423369,6d955659b26d593c08c62837a874a402
X18918.86,18918-86,P27815,PDE4A,"cAMP-specific 3',5'-cyclic phosphodiesterase 4A",GCST90423370,64f2071cf51b26bc9eea33c409e76c59
X18921.30,18921-30,P78562,PHEX,Phosphate-regulating neutral endopeptidase,GCST90423371,1ae03c469b2b57293c5d51a4b84a5824
X18922.27,18922-27,P34810,CD68,Macrosialin,GCST90423372,2354c405610bfb77fb716c17de2b91c9
X18925.24,18925-24,P28066,PSMA5,Proteasome subunit alpha type-5,GCST90423373,68f61d3b983d4e996c0cdc74aa491c2a
X18926.7,18926-7,P25788,PSMA3,Proteasome subunit alpha type-3,GCST90423374,2abc822715d5adf2ecc562ba37e502a8
X18928.10,18928-10,Q8WXG8,S100Z,Protein S100-Z,GCST90423375,26fb9a16df761ada4c1d573bb7bedb1b
X18930.28,18930-28,O94813,SLIT2,Slit homolog 2 protein,GCST90423376,8f181519def344badd7b91cd8382b6f6
X18931.40,18931-40,O75094,SLIT3,Slit homolog 3 protein,GCST90423377,8258ba9710d81e44fdac99da97c0f4a3
X18932.84,18932-84,Q9HAN9,NMNAT1,Nicotinamide/nicotinic acid mononucleotide adenylyltransferase 1,GCST90423378,09a570829cac76db53ca47af1a42a687
X18933.4,18933-4,P49221,TGM4,Protein-glutamine gamma-glutamyltransferase 4,GCST90423379,0c96d628eb30b2cd269cb93745d77215
X18934.50,18934-50,P21980,TGM2,Protein-glutamine gamma-glutamyltransferase 2,GCST90423380,bb723cb0be3323befa80e952160bce06
X18935.14,18935-14,O60602,TLR5,Toll-like receptor 5,GCST90423381,19cd47920d90f8f35e2c12b795b7f78c
X18938.3,18938-3,P98155,VLDLR,Very low-density lipoprotein receptor,GCST90423382,f21225b5a16be8aad438a4ba9f397c13
X18942.11,18942-11,P28065,PSMB9,Proteasome subunit beta type-9,GCST90423383,bf67eed7d30dfe44ca495fca5e923de2
X18945.11,18945-11,Q08116,RGS1,Regulator of G-protein signaling 1,GCST90423384,ed0a012cdbe766632f802049df40c32d
X18947.3,18947-3,Q96PB8,LRRC3B,Leucine-rich repeat-containing protein 3B,GCST90423385,fdda61b9e0da457d73ab91fc274fbe5d
X18950.13,18950-13,P15153,RAC2,Ras-related C3 botulinum toxin substrate 2,GCST90423386,c67f6a366289b5ef221f0b9d5467c179
X19108.50,19108-50,P51608,MECP2,Methyl-CpG-binding protein 2,GCST90423387,16af5d7901fbd6cd787b145d4e3814e6
X19109.32,19109-32,Q8IYN2,TCEAL8,Transcription elongation factor A protein-like 8,GCST90423388,627c45e374c70f763e19c70ef0cd0921
X19110.6,19110-6,Q9Y316,MEMO1,Protein MEMO1,GCST90423389,aa05cecdec08d8edbdc98b3c71d6aee4
X19111.10,19111-10,P61081,UBE2M,NEDD8-conjugating enzyme Ubc12,GCST90423390,1e4dc7179ae50431583827d14d93a945
X19112.2,19112-2,Q969E4,TCEAL3,Transcription elongation factor A protein-like 3,GCST90423391,962e6db0621143ea1afdf13c16b44f0d
X19113.66,19113-66,Q9UJC5,SH3BGRL2,SH3 domain-binding glutamic acid-rich-like protein 2,GCST90423392,f1bbff8e0bd9cc32df627a0d433b84d1
X19114.8,19114-8,O00142,TK2,"Thymidine kinase 2, mitochondrial",GCST90423393,1ad6b5cd21078769815d229dbf1a71d4
X19115.13,19115-13,Q96DG6,CMBL,Carboxymethylenebutenolidase homolog,GCST90423394,608905116802bff89efbda1d1aa41391
X19116.1,19116-1,Q8TDH9,BLOC1S5,Biogenesis of lysosome-related organelles complex 1 subunit 5,GCST90423395,0acc540d783cd81e9b0e9acf9af559b8
X19117.3,19117-3,Q96A00,PPP1R14A,Protein phosphatase 1 regulatory subunit 14A,GCST90423396,36d459630b31f0c025792597b8a67596
X19118.47,19118-47,Q92882,OSTF1,Osteoclast-stimulating factor 1,GCST90423397,82cca3ef1946bee257e3ca2cdfeac24a
X19119.10,19119-10,P35638,DDIT3,DNA damage-inducible transcript 3 protein,GCST90423398,4c6747ee6d2bbb139009c60268420b24
X19120.33,19120-33,P14920,DAO,D-amino-acid oxidase,GCST90423399,55931aa855781a1077e491a9e3f7c32a
X19121.3,19121-3,Q9UHD9,UBQLN2,Ubiquilin-2,GCST90423400,eb112015b4e790a3521a89fae87957da
X19122.47,19122-47,O14950,MYL12B,Myosin regulatory light chain 12B,GCST90423401,6dc2f5db4bc9ce45734fde3e935f99ab
X19123.6,19123-6,Q8NI38,NFKBID,NF-kappa-B inhibitor delta,GCST90423402,fe9ad1d1f5d1ba4ebeca4521ab219932
X19124.9,19124-9,Q8WVY7,UBLCP1,Ubiquitin-like domain-containing CTD phosphatase 1,GCST90423403,e4eca05d948b20cf28c5282a9cbccf90
X19125.26,19125-26,P13861,PRKAR2A,cAMP-dependent protein kinase type II-alpha regulatory subunit,GCST90423404,ade73c2851a6b6e0e151e7b55a2fabb3
X19126.4,19126-4,Q9NQG5,RPRD1B,Regulation of nuclear pre-mRNA domain-containing protein 1B,GCST90423405,1ce7159b34e211e472d7d745c5f7d3e7
X19127.1,19127-1,O14558,HSPB6,Heat shock protein beta-6,GCST90423406,0fab7577eb0de9e20985f2ae3b7980cf
X19129.15,19129-15,Q2M296,MTHFSD,Methenyltetrahydrofolate synthase domain-containing protein,GCST90423407,925f7611d9146f1406672afd83a2d63f
X19130.81,19130-81,P50452,SERPINB8,Serpin B8,GCST90423408,4206856263e977fd35c3d6616f6ea9ae
X19131.184,19131-184,Q01085,TIAL1,Nucleolysin TIAR,GCST90423409,9fd37b35c4ecf7eda7667fbf7f372c32
X19132.1,19132-1,Q5T653,MRPL2,"39S ribosomal protein L2, mitochondrial",GCST90423410,9afccbaeee1cc077cf73ecea0a6b423e
X19134.66,19134-66,P53803,POLR2K,"DNA-directed RNA polymerases I, II, and III subunit RPABC4",GCST90423411,d1cd42e75d60cb6f2efb1bd9730de1b2
X19135.5,19135-5,Q969T7,NT5C3B,7-methylguanosine phosphate-specific 5'-nucleotidase,GCST90423412,2f34416c5aedc77c832bacd3ed0775f9
X19136.22,19136-22,Q02252,ALDH6A1,"Methylmalonate-semialdehyde dehydrogenase [acylating], mitochondrial",GCST90423413,83901c613250495c7b968c145f0fd147
X19139.3,19139-3,O75031,HSF2BP,Heat shock factor 2-binding protein,GCST90423414,9aca946373b4829e59fbd3a7de4673cf
X19141.22,19141-22,P51397,DAP,Death-associated protein 1,GCST90423415,f47fc3e31d546993ea581fde8e05a52f
X19142.39,19142-39,Q9UJW3,DNMT3L,DNA (cytosine-5)-methyltransferase 3-like,GCST90423416,5f22a0ccb293f88935f4c3d51e81779d
X19143.38,19143-38,Q6BCY4,CYB5R2,NADH-cytochrome b5 reductase 2,GCST90423417,2be2285add33f69103592ce6aa3ee51b
X19144.9,19144-9,P15884,TCF4,Transcription factor 4,GCST90423418,1129a466f70f5b563df11712a187fd1c
X19145.4,19145-4,Q8N565,MREG,Melanoregulin,GCST90423419,027ec2b5799b77426e976bb62a755e1e
X19147.6,19147-6,Q9UHV8,LGALS13,Galactoside-binding soluble lectin 13,GCST90423420,5cc430bd86711315a37f9eb4d79e0efe
X19148.58,19148-58,O60220,TIMM8A,Mitochondrial import inner membrane translocase subunit Tim8 A,GCST90423421,96d560d4f2b5076f0c6a3ef406258849
X19150.20,19150-20,O60256,PRPSAP2,Phosphoribosyl pyrophosphate synthase-associated protein 2,GCST90423422,a369e15f61e01d6fbfef13c1aefba998
X19152.4,19152-4,P41236,PPP1R2,Protein phosphatase inhibitor 2,GCST90423423,5715a8af838fd5f529b76f908e87330b
X19153.53,19153-53,Q15777,MPPED2,Metallophosphoesterase MPPED2,GCST90423424,1771c2afba01d4a3c1df05b4ae56fc92
X19154.41,19154-41,P07093,SERPINE2,Glia-derived nexin,GCST90423425,b66a04c486835005d940adbcf966fea6
X19158.1,19158-1,Q15004,PCLAF,PCNA-associated factor,GCST90423426,139425408e76ebdf2e6ce64ce123d06d
X19159.9,19159-9,Q9HCU8,POLD4,DNA polymerase delta subunit 4,GCST90423427,f0acdf7de3768b8677ca32acb8b656c6
X19161.1,19161-1,Q9Y4E8,USP15,Ubiquitin carboxyl-terminal hydrolase 15,GCST90423428,86b2e310b9a01c4db0b5ed60aee2b8d7
X19163.26,19163-26,Q96AG4,LRRC59,Leucine-rich repeat-containing protein 59,GCST90423429,357fc98de2ec516fd09528b63bf8cb5a
X19166.15,19166-15,P39019,RPS19,40S ribosomal protein S19,GCST90423430,917d4900a48f460ceaa68450a4124c64
X19168.71,19168-71,O43586,PSTPIP1,Proline-serine-threonine phosphatase-interacting protein 1,GCST90423431,0b790daffaa5146abff258c9e29a074b
X19169.88,19169-88,O43427,FIBP,Acidic fibroblast growth factor intracellular-binding protein,GCST90423432,6d18d9738ab570ed9d889466727aca3f
X19170.25,19170-25,Q9NRF9,POLE3,DNA polymerase epsilon subunit 3,GCST90423433,289482a0ce9e53b73953994b8e8d81a8
X19173.5,19173-5,Q8TCF1,ZFAND1,AN1-type zinc finger protein 1,GCST90423434,25d613702c3953188e7ada318f3cfb2f
X19174.141,19174-141,Q7Z5G4,GOLGA7,Golgin subfamily A member 7,GCST90423435,537fa4df84739dc3ce13a4a0f9251461
X19175.18,19175-18,P49006,MARCKSL1,MARCKS-related protein,GCST90423436,10f9ac888c7189b3e52d2647edbae73a
X19176.27,19176-27,Q9NUQ9,CYRIB,Protein FAM49B,GCST90423437,abac9c3abd61c4692f873901a1393320
X19177.7,19177-7,Q7L9L4,MOB1B,MOB kinase activator 1B,GCST90423438,24425c3ebf407bb5f80484ef7ff491df
X19180.38,19180-38,Q9UBP9,GULP1,PTB domain-containing engulfment adapter protein 1,GCST90423439,b2bc613545ac34c136762273bf95e284
X19183.164,19183-164,P30050,RPL12,60S ribosomal protein L12,GCST90423440,99d2f30af3ef515c0621a740a189edd3
X19187.21,19187-21,O95630,STAMBP,STAM-binding protein,GCST90423441,81a7951b58375f2fee8fd351f8bb1d70
X19188.21,19188-21,Q99733,NAP1L4,nucleosome assembly protein 1-like 4,GCST90423442,696914ee78448c81cb84faf82f1e4e21
X19189.2,19189-2,P54578,USP14,Ubiquitin carboxyl-terminal hydrolase 14,GCST90423443,dd6a75f52f27ef80565c0d17679e449f
X19193.18,19193-18,P61758,VBP1,Prefoldin subunit 3,GCST90423444,be587d9342980a21efdc615012563031
X19194.9,19194-9,Q8TEA8,DTD1,D-tyrosyl-tRNA(Tyr) deacylase 1,GCST90423445,6e5c2d2eff07fda879f1e4177a7f8636
X19195.85,19195-85,P46782,RPS5,40S ribosomal protein S5,GCST90423446,bed44a5211a0007b61ced27641321d67
X19196.73,19196-73,Q9BPY8,HOPX,Homeodomain-only protein,GCST90423447,1aa47799d2cab984825c31de2157b2e8
X19197.95,19197-95,P24752,ACAT1,"Acetyl-CoA acetyltransferase, mitochondrial",GCST90423448,6bd223fd7e0412ba628ad13b1ae3c951
X19199.3,19199-3,P52435,POLR2J,DNA-directed RNA polymerase II subunit RPB11-a,GCST90423449,7cf510ea2d3cd57a080d50754bc147ec
X19200.16,19200-16,Q16718,NDUFA5,NADH dehydrogenase [ubiquinone] 1 alpha subcomplex subunit 5,GCST90423450,1172d4b6003a56333061370bc3c7579e
X19202.10,19202-10,Q06187,BTK,Tyrosine-protein kinase BTK,GCST90423451,9a2049d159e80baa16f0215790197a5f
X19206.20,19206-20,P36639,NUDT1,"7,8-dihydro-8-oxoguanine triphosphatase",GCST90423452,dd09a5f4b4ef64b9e73f04fc65742135
X19207.119,19207-119,P55263,ADK,Adenosine kinase,GCST90423453,672484b7769f2dd189c39bb873565daf
X19208.8,19208-8,P27037,ACVR2A,Activin receptor type-2A,GCST90423454,4d14ed73aa959935aaf8ca1ac7d992ee
X19209.6,19209-6,P25963,NFKBIA,NF-kappa-B inhibitor alpha,GCST90423455,afac2915c1edd4be87b2e41956022d1d
X19212.4,19212-4,Q9UGM3,DMBT1,Deleted in malignant brain tumors 1 protein,GCST90423456,faf5c95be6353f16292544b827e23e7a
X19213.1,19213-1,O60575,SPINK4,Serine protease inhibitor Kazal-type 4,GCST90423457,ebad463a1a39f1cf64778011825a1ded
X19215.7,19215-7,Q92597,NDRG1,Protein NDRG1,GCST90423458,9098c0737dda16fd0c85de7630f6b766
X19219.71,19219-71,P61970,NUTF2,Nuclear transport factor 2,GCST90423459,850be24fc762b5fc34ae4d47689d02a5
X19222.124,19222-124,P61020,RAB5B,Ras-related protein Rab-5B,GCST90423460,cb6ecbccfa5351b4f26d8ae2a68306a4
X19223.6,19223-6,P62820,RAB1A,Ras-related protein Rab-1A,GCST90423461,5096e0efcfdd748461d4d2fd68e8ae27
X19225.11,19225-11,Q8WV28,BLNK,B-cell linker protein,GCST90423462,fc3c45d5ead584fd527d7834f5e1b8ba
X19227.18,19227-18,Q16520,BATF,Basic leucine zipper transcriptional factor ATF-like,GCST90423463,3978db2ed7de3ba578c2a4cdd4b83a51
X19228.11,19228-11,O95816,BAG2,BAG family molecular chaperone regulator 2,GCST90423464,020f66e4870dc2312fa3fdc3f4bfc74e
X19229.92,19229-92,Q86YM7,HOMER1,Homer protein homolog 1,GCST90423465,5305b3506e4f97d41d9cb24240f6aa67
X19230.12,19230-12,P30711,GSTT1,Glutathione S-transferase theta-1,GCST90423466,e1a1b82aa6709ab3729dc2f72c3424fd
X19231.22,19231-22,O75365,PTP4A3,Protein tyrosine phosphatase type IVA 3,GCST90423467,c977776ff0e8ce0afcc86ff24c780bd1
X19233.75,19233-75,O00244,ATOX1,Copper transport protein ATOX1,GCST90423468,f587a4b7f58abb7ec79e3fc2a7c261d6
X19236.24,19236-24,P53999,SUB1,Activated RNA polymerase II transcriptional coactivator p15,GCST90423469,32f9f6e5f5164662a013625d44496d3d
X19237.17,19237-17,P30046,DDT,D-dopachrome decarboxylase,GCST90423470,72047bee21012f14347e3181cfed4ca0
X19238.12,19238-12,P15104,GLUL,Glutamine synthetase,GCST90423471,88dbee24d4990bc908885376092ec716
X19239.5,19239-5,P84077,ARF1,ADP-ribosylation factor 1,GCST90423472,b3fce007ceeb987d89869e31cc7007a2
X19240.265,19240-265,Q13442,PDAP1,28 kDa heat- and acid-stable phosphoprotein,GCST90423473,97fda5b5c8b0a77cb728a74dda6bdaa7
X19241.31,19241-31,P82980,RBP5,Retinol-binding protein 5,GCST90423474,a3d634cb4275460ff34cd5f12483d9c2
X19242.21,19242-21,O60925,PFDN1,Prefoldin subunit 1,GCST90423475,fb65cba55c31f9441fb27c6789a6829e
X19243.2,19243-2,Q9UHV9,PFDN2,Prefoldin subunit 2,GCST90423476,1a090fb9fe3b959463b208dc43fb4fd6
X19247.1,19247-1,P51668,UBE2D1,Ubiquitin-conjugating enzyme E2 D1,GCST90423477,5cbd661b4433b932d15599f56ed352bf
X19249.18,19249-18,Q15046,KARS1,Lysine--tRNA ligase,GCST90423478,09037089b075fe0bd3c449fdbe3edb10
X19250.50,19250-50,Q99417,MYCBP,C-Myc-binding protein,GCST90423479,73a08dda91f01684610495713a5428df
X19251.56,19251-56,P10124,SRGN,Serglycin,GCST90423480,604ecb5f593815fa0e9d426aeabdd801
X19252.67,19252-67,P49721,PSMB2,Proteasome subunit beta type-2,GCST90423481,1d6c95a1bf63f67d98b5419395f1b198
X19253.82,19253-82,Q8WUD1,RAB2B,Ras-related protein Rab-2B,GCST90423482,e585afd87cf862fb35c6e75571a9170e
X19254.125,19254-125,P36959,GMPR,GMP reductase 1,GCST90423483,47bcfc3e77d2958f3115942c7c7ab6b3
X19255.124,19255-124,Q9NPJ8,NXT2,NTF2-related export protein 2,GCST90423484,a3f58c24bc374e2be08081acb1b81ad8
X19257.11,19257-11,P09496,CLTA,Clathrin light chain A,GCST90423485,b69119722b6cfb3154924e910e041d0d
X19258.24,19258-24,Q92947,GCDH,"Glutaryl-CoA dehydrogenase, mitochondrial",GCST90423486,b10988aa521617d46d64422cfd02f16f
X19259.176,19259-176,P05198,EIF2S1,Eukaryotic translation initiation factor 2 subunit 1,GCST90423487,932eaea59b3e8bb9b7e5cce04312f7cd
X19260.4,19260-4,O14908,GIPC1,PDZ domain-containing protein GIPC1,GCST90423488,60eb3aa836cd39dbdb011a82e0e5aaa2
X19261.12,19261-12,Q9H190,SDCBP2,Syntenin-2,GCST90423489,3a78553b632ba1d8c96fa21509f2452e
X19262.219,19262-219,P49748,ACADVL,"Very long-chain specific acyl-CoA dehydrogenase, mitochondrial",GCST90423490,42f1901cf593db66db5054e1fc9980fd
X19263.147,19263-147,P06730,EIF4E,Eukaryotic translation initiation factor 4E,GCST90423491,ce36d367bf63b74d7bfa5cf58995500b
X19264.6,19264-6,P15927,RPA2,Replication protein A 32 kDa subunit,GCST90423492,4608cf66711c8f68a885d4b520a5b140
X19265.9,19265-9,P17987,TCP1,T-complex protein 1 subunit alpha,GCST90423493,cccbe16ccdf2ffd789c33e7d12c14049
X19266.35,19266-35,Q13283,G3BP1,Ras GTPase-activating protein-binding protein 1,GCST90423494,5bfc04bf060a3a2b42a0a00c0ee30c9b
X19267.14,19267-14,Q16775,HAGH,"Hydroxyacylglutathione hydrolase, mitochondrial",GCST90423495,a2233a7df5be322003887b85079b3f00
X19270.26,19270-26,P54577,YARS1,"Tyrosine--tRNA ligase, cytoplasmic",GCST90423496,65cde3f53bf9916becf2904b3acf6beb
X19271.64,19271-64,P63096,GNAI1,Guanine nucleotide-binding protein G(i) subunit alpha-1,GCST90423497,ecfc75ae7a63a1ba30edcce4e987142f
X19272.9,19272-9,Q9UBV8,PEF1,Peflin,GCST90423498,d6df2fe588f5429eec8376396ff1c440
X19273.3,19273-3,P00390,GSR,"Glutathione reductase, mitochondrial",GCST90423499,1341b2f9bbaa2788eb19413a1e4b809d
X19274.80,19274-80,Q13424,SNTA1,Alpha-1-syntrophin,GCST90423500,9829a12dc6a5114690a70c7a27d5ed7d
X19275.68,19275-68,P51553,IDH3G,"Isocitrate dehydrogenase [NAD] subunit gamma, mitochondrial",GCST90423501,f4cfcd44de1a28eb245bc10165de1086
X19276.124,19276-124,P62308,SNRPG,Small nuclear ribonucleoprotein G,GCST90423502,cea84736e414e8ce4ba2bba71c5610e9
X19277.4,19277-4,Q8NFU3,TSTD1,Thiosulfate sulfurtransferase/rhodanese-like domain-containing protein 1,GCST90423503,1156b800aa9a597f264d989ae77f937c
X19278.19,19278-19,Q9H0U4,RAB1B,Ras-related protein Rab-1B,GCST90423504,5aa510cc26bff7d0964c6a5432eb451e
X19279.42,19279-42,P09455,RBP1,Retinol-binding protein 1,GCST90423505,10b49a34ec553a6fbd68b30bf39cd798
X19280.29,19280-29,P61077,UBE2D3,Ubiquitin-conjugating enzyme E2 D3,GCST90423506,f2bf696b08a0fe4249b38301612df9e7
X19281.86,19281-86,O15525,MAFG,Transcription factor MafG,GCST90423507,8166e5f877411082ccd6e3060d6575da
X19282.3,19282-3,P51153,RAB13,Ras-related protein Rab-13,GCST90423508,b94d489a3d253e818f9d5264ca4bda3e
X19286.30,19286-30,Q02045,MYL5,Myosin light chain 5,GCST90423509,dab962b7ebf6348366e9566587b1dad3
X19287.59,19287-59,O43583,DENR,Density-regulated protein,GCST90423510,2b81a8e130dc1fc62b8f16d379b4d82d
X19289.29,19289-29,P06132,UROD,Uroporphyrinogen decarboxylase,GCST90423511,d390e242722bfe157e07eb8a5c6dd886
X19290.5,19290-5,P00492,HPRT1,Hypoxanthine-guanine phosphoribosyltransferase,GCST90423512,ec9c6ff13eb308f25a89b73e0426c9b4
X19291.2,19291-2,O14958,CASQ2,Calsequestrin-2,GCST90423513,cc17dbc8ba18a9f4a588f39fbf7b55c4
X19293.6,19293-6,O75436,VPS26A,Vacuolar protein sorting-associated protein 26A,GCST90423514,d74a6879d5393a27e9823946f89f1e60
X19294.26,19294-26,Q9P021,CRIPT,Cysteine-rich PDZ-binding protein,GCST90423515,ab830c8343a1bc5b7f4a2bc12f84fb85
X19295.32,19295-32,P36873,PPP1CC,Serine/threonine-protein phosphatase PP1-gamma catalytic subunit,GCST90423516,d35091376c7cc033b89b9bf59f5a4e50
X19297.4,19297-4,P11413,G6PD,Glucose-6-phosphate 1-dehydrogenase,GCST90423517,1b18a92d67398172864ff06215b16ff4
X19302.7,19302-7,Q6P9H5,GIMAP6,GTPase IMAP family member 6,GCST90423518,2399fc1f2433add366249d04e76accde
X19303.64,19303-64,Q6UWS5,PET117,"Protein PET117 homolog, mitochondrial",GCST90423519,51ba21f6c56df40b124255f2bcc223be
X19311.15,19311-15,P22914,CRYGS,Beta-crystallin S,GCST90423520,c1a7a831ecf1ddcd782e129b1f6e0b43
X19316.2,19316-2,Q8IWL3,HSCB,"Iron-sulfur cluster co-chaperone protein HscB, mitochondrial",GCST90423521,ccefa39adc369b9577ea348d11c672d4
X19317.114,19317-114,P15309,ACP3,Prostatic acid phosphatase,GCST90423522,f0f86e1cd8a2a8e15ad72583f9572b02
X19323.1,19323-1,O00559,EBAG9,Receptor-binding cancer antigen expressed on SiSo cells,GCST90423523,1acdb241c95387e019f3153ff4775cac
X19325.21,19325-21,Q96IU4,ABHD14B,Protein ABHD14B,GCST90423524,1acc85c0ab7ff79d2b9b4a8c25bc0876
X19328.51,19328-51,O96017,CHEK2,Serine/threonine-protein kinase Chk2,GCST90423525,c18c09b8503434b3099daa321a8675cc
X19329.31,19329-31,Q9H422,HIPK3,Homeodomain-interacting protein kinase 3,GCST90423526,ef03ae61f4ec8ce249dea7adb2b095d0
X19331.18,19331-18,Q9UQB8,BAIAP2,Brain-specific angiogenesis inhibitor 1-associated protein 2,GCST90423527,4ad2cd468453571c67799f651d11450e
X19332.1,19332-1,Q9Y3A3,MOB4,MOB-like protein phocein,GCST90423528,f7602d219e7aa47e83185c8bb685928a
X19333.4,19333-4,P61978,HNRNPK,Heterogeneous nuclear ribonucleoprotein K,GCST90423529,299c0368533057b046d8446a40fb710c
X19334.62,19334-62,O95881,TXNDC12,Thioredoxin domain-containing protein 12,GCST90423530,71f56940ce9dd982c55b25621a9fa6cc
X19335.2,19335-2,Q9UK76,JPT1,Hematological and neurological expressed 1 protein,GCST90423531,08e1ce69d01401804669f7bf47a4cb3e
X19338.3,19338-3,Q8WZA0,LZIC,Protein LZIC,GCST90423532,d8654346a540c5be2f7bc58fa4ba434b
X19347.37,19347-37,O43570,CA12,Carbonic anhydrase 12,GCST90423533,abba7dd4167c7c757db2fb68f07cdae9
X19353.25,19353-25,Q86WC4,OSTM1,Osteopetrosis-associated transmembrane protein 1,GCST90423534,579572bc7821320f78e9e3db1f065973
X19356.20,19356-20,Q6ZVM7,TOM1L2,TOM1-like protein 2,GCST90423535,2c7342d9c3e9b2c6b69102ba581e7b98
X19357.11,19357-11,P51809,VAMP7,Vesicle-associated membrane protein 7,GCST90423536,7e15581b0c720bd6ab322aba859b1468
X19360.22,19360-22,Q86UE6,LRRTM1,Leucine-rich repeat transmembrane neuronal protein 1,GCST90423537,40f1efa79006df73f6355e6201002985
X19361.78,19361-78,O15232,MATN3,Matrilin-3,GCST90423538,5cc439c5d87e951023700a2c194758b7
X19364.163,19364-163,P12004,PCNA,Proliferating cell nuclear antigen,GCST90423539,b16a04d8879c8b0325ee6fa4aca33621
X19365.11,19365-11,O15382,BCAT2,"Branched-chain-amino-acid aminotransferase, mitochondrial",GCST90423540,5bf56c129b9466f1923a810ec425128a
X19367.34,19367-34,P42126,ECI1,"Enoyl-CoA delta isomerase 1, mitochondrial",GCST90423541,0e97d0eb1100526527f988860853d033
X19369.17,19369-17,Q92830,KAT2A,Histone acetyltransferase KAT2A,GCST90423542,185883b8b74330efc658d794973fd38c
X19370.30,19370-30,Q9Y661,HS3ST4,Heparan sulfate glucosamine 3-O-sulfotransferase 4,GCST90423543,2951438466a2d38d0c65a26ba3c11d09
X19371.18,19371-18,Q15691,MAPRE1,Microtubule-associated protein RP/EB family member 1,GCST90423544,faff88a214f798292a05d9eb061189c5
X19372.7,19372-7,Q7Z553,MDGA2,MAM domain-containing glycosylphosphatidylinositol anchor protein 2,GCST90423545,7479e812016a8ded4a1f8a991aa3ad1d
X19373.3,19373-3,P19105,MYL12A,Myosin regulatory light chain 12A,GCST90423546,ee4b06c6ae40899dd9c10fea1f537a37
X19374.72,19374-72,P56278,MTCP1,Protein p13 MTCP-1,GCST90423547,af19dd60fd27bada7cdb62795c737d50
X19376.74,19376-74,P40261,NNMT,Nicotinamide N-methyltransferase,GCST90423548,e70060368f97bd88dece002fb0c416d8
X19377.14,19377-14,O95897,OLFM2,Noelin-2,GCST90423549,eaf1001dab8c50badaac15328b7294cb
X19379.154,19379-154,O95716,RAB3D,Ras-related protein Rab-3D,GCST90423550,b915c523080984c17d27a866f86c326d
X19381.7,19381-7,Q2M5E4,RGS21,Regulator of G-protein signaling 21,GCST90423551,f9f3633f7f3305b3c4ac4590c31435f2
X19383.131,19383-131,Q9BW66,CINP,Cyclin-dependent kinase 2-interacting protein,GCST90423552,b6ddb9dc2cd48801650053a2e1cf02a3
X19388.2,19388-2,P55289,CDH12,Cadherin-12:Extracellular domain,GCST90423553,7a357c8a4ef5a43c7c454deb0cf8cd28
X19392.6,19392-6,O94760,DDAH1,"N(G),N(G)-dimethylarginine dimethylaminohydrolase 1",GCST90423554,e77f9f8e69a1d1b92ddd1f2e8a2052e9
X19437.61,19437-61,P15692,VEGFA,Isoform L-VEGF165,GCST90423555,3ad10e6d1d95fccf1a108c4d14c1f1e3
X19438.68,19438-68,O95926,SYF2,Pre-mRNA-splicing factor SYF2,GCST90423556,2e9a3f8f9136df776c8f830abe736185
X19446.1,19446-1,Q9P2T1,GMPR2,GMP reductase 2,GCST90423557,6c3e6ab0cd028c37a6aa1469a4adcec3
X19448.104,19448-104,Q16831,UPP1,Uridine phosphorylase 1,GCST90423558,ec0cc10f7c4d8bfe5f22abdf866b174c
X19467.3,19467-3,Q9H477,RBKS,Ribokinase,GCST90423559,eb906863ec401591019e1a67f97f840c
X19483.16,19483-16,Q06136,KDSR,3-ketodihydrosphingosine reductase,GCST90423560,080f9e2a7f0a728bbb655abf0c0d12cf
X19488.1,19488-1,O75340,PDCD6,Programmed cell death protein 6,GCST90423561,2314970855b252376d866331a10acbfa
X19491.11,19491-11,Q92506,HSD17B8,Estradiol 17-beta-dehydrogenase 8,GCST90423562,c7d50172c13a3e7e2b78ba8e2bad32b8
X19492.5,19492-5,Q9UBP8,KAAG1,Kidney-associated antigen 1,GCST90423563,860b82827ac233b9b2252bd187e46689
X19496.1,19496-1,Q9BXD5,NPL,N-acetylneuraminate lyase,GCST90423564,5535c2068815ec8e42c05d4cd6667aff
X19503.2,19503-2,O60493,SNX3,Sorting nexin-3,GCST90423565,ae4a226de3e2556a079c0488723fd920
X19504.22,19504-22,P23919,DTYMK,Thymidylate kinase,GCST90423566,4fe94d78a129927e8447acae77eb5f10
X19506.6,19506-6,Q6IB77,GLYAT,Glycine N-acyltransferase,GCST90423567,1ef642c11e4086104a8f8943dae6b5a6
X19511.8,19511-8,Q6PH85,DCUN1D2,DCN1-like protein 2,GCST90423568,b4b402cf4d17a9e1f418491cd2d42757
X19516.10,19516-10,P52926,HMGA2,High mobility group protein HMGI-C,GCST90423569,02322d967c3df36d87d5a0f82b7fc457
X19523.215,19523-215,Q99497,PARK7,Protein DJ-1,GCST90423570,96091b984e9a75c27a3b37c2520ce482
X19553.14,19553-14,Q16623,STX1A,Syntaxin-1A,GCST90423571,761161a3e438e1e0ee25cc4da2e13e82
X19555.1,19555-1,P61956,SUMO2,Small ubiquitin-related modifier 2,GCST90423572,388360df36ab55784fc32244c8f16677
X19556.12,19556-12,P17927,CR1,Complement receptor type 1,GCST90423573,26db4e552ad7240463bfce562c147294
X19557.3,19557-3,Q86Z14,KLB,Beta-klotho,GCST90423574,e25d8588608c3f54ceca80e2335c3e74
X19558.10,19558-10,O75096,LRP4,Low-density lipoprotein receptor-related protein 4,GCST90423575,3a38c71ec22d41e36850b671a5986222
X19560.23,19560-23,Q9HCM2,PLXNA4,Plexin-A4,GCST90423576,7e0a84d001e216b62f3531947c8a00d8
X19561.216,19561-216,Q9Y4D7,PLXND1,Plexin-D1,GCST90423577,ec451767b175d1d66da8275021976f2d
X19562.8,19562-8,Q96RU2,USP28,Ubiquitin carboxyl-terminal hydrolase 28,GCST90423578,e4f1238b27d7e872cccbe6bf80b2a429
X19563.3,19563-3,Q9BYH1,SEZ6L,Seizure 6-like protein,GCST90423579,7fa814f6287c2902720610aecbb1a68f
X19564.61,19564-61,Q15306,IRF4,Interferon regulatory factor 4,GCST90423580,f77921dccaab663f654dbb0baa1a6b2d
X19567.1,19567-1,P00533,EGFR,Epidermal growth factor receptor variant III,GCST90423581,c55f36ed623d44d6cb95f827f6ca58aa
X19568.17,19568-17,P40933,IL15,Interleukin-15,GCST90423582,8c6d25e00cabd42016d9bcae3e0253cd
X19570.12,19570-12,P55075,FGF8,Fibroblast growth factor 8,GCST90423583,9ac8d6e39a80aa63c8c75d0659380479
X19572.10,19572-10,P53567,CEBPG,CCAAT/enhancer-binding protein gamma,GCST90423584,59e5ed5ca46e52ae90a048d52e09ad92
X19574.5,19574-5,P08514|P05106,ITGA2B|ITGB3,Integrin alpha-IIb: beta-3 complex,GCST90423585,3ebdede25161c1ec94a8e99c9f5dd844
X19575.4,19575-4,P19235,EPOR,Erythropoietin receptor,GCST90423586,557c4716dc8c640af20ddaf9d9088fa8
X19578.19,19578-19,O60496,DOK2,Docking protein 2,GCST90423587,55d909f34288fa5cd89a68baf4d232de
X19579.5,19579-5,P59665,DEFA1,Neutrophil defensin 1,GCST90423588,befe608e7da34c8f49d865ac65a61eda
X19581.15,19581-15,P24593,IGFBP5,Insulin-like growth factor-binding protein 5,GCST90423589,ed9fb35e00fc63723bafb49f02e16b18
X19584.33,19584-33,P31371,FGF9,Fibroblast growth factor 9,GCST90423590,7ccd69668b284e35a6455175ab4ce99a
X19586.89,19586-89,Q96E17,RAB3C,Ras-related protein Rab-3C,GCST90423591,bd6b58c084d781f27a600b57f9904fbf
X19587.12,19587-12,P52294,KPNA1,Importin subunit alpha-5,GCST90423592,920dea44b26b7545c019207caf3e0437
X19590.46,19590-46,P35247,SFTPD,Pulmonary surfactant-associated protein D,GCST90423593,28c3f879552cd34245dd69302ca0c2fa
X19596.18,19596-18,Q92994,BRF1,Transcription factor IIIB 90 kDa subunit,GCST90423594,02a8de5688f6aa96e384af544975779b
X19601.15,19601-15,Q96DX5,ASB9,Ankyrin repeat and SOCS box protein 9,GCST90423595,46e6f4903b2e0c036c5437ae02323754
X19602.36,19602-36,P17535,JUND,Transcription factor jun-D,GCST90423596,0a93971c005ef5e9d101f338a0beba75
X19606.28,19606-28,Q14623,IHH,Indian hedgehog protein,GCST90423597,1fcd5ac6808f3aece4f7de4bea9cf209
X19612.3,19612-3,P60033,CD81,CD81 antigen,GCST90423598,3e2c7f4d595c09c11835299025111dae
X19613.16,19613-16,Q8IZV5,RDH10,Retinol dehydrogenase 10,GCST90423599,57be02edb8ea1ef08ad3c9d6e0e7ee0f
X19614.8,19614-8,P20061,TCN1,Transcobalamin-1,GCST90423600,f81c7741682e9482a3671bd7f6f49ca9
X19615.213,19615-213,Q9H0P0,NT5C3A,Cytosolic 5'-nucleotidase 3A,GCST90423601,b21364d128e48559596304b682bad3e3
X19616.100,19616-100,Q9BUP0,EFHD1,EF-hand domain-containing protein D1,GCST90423602,5c261add09e170f8c6a47c4155ab256f
X19617.5,19617-5,Q14914,PTGR1,Prostaglandin reductase 1,GCST90423603,e73a5a647940d39b502dc48ca1e2539e
X19620.16,19620-16,Q15700,DLG2,Disks large homolog 2,GCST90423604,f01107ce0d5563a6c7812b742d3a4ab7
X19622.7,19622-7,P08476,INHBA,Activin A,GCST90423605,8a4302209075e109397cccbaf930a564
X19623.26,19623-26,P08865,RPSA,40S ribosomal protein SA,GCST90423606,4a598413e66773df5fe2a18ef6e1321b
X19630.2,19630-2,O76070,SNCG,Gamma-synuclein,GCST90423607,ea67b9c4598210ae7b6e05b02f7d103f
X19631.13,19631-13,P01042,KNG1,Kininostatin,GCST90423608,1672fc19fae312f7659d40f7e1ae93c5
X19635.69,19635-69,Q14314,FGL2,Fibroleukin,GCST90423609,2d5148b3a80d67e9cf92c0f4531f654e
X19636.23,19636-23,P17693,HLA-G,"HLA class I histocompatibility antigen, alpha chain G",GCST90423610,a5c59b5503cbc0a412993eac91bbf8bd
X19637.9,19637-9,P06850,CRH,Corticoliberin,GCST90423611,3c1bae4633a3f8d527ce7627e123e393
X19638.9,19638-9,P01213,PDYN,Dynorphin A (1-17),GCST90423612,06dc96a81319aa670aeef5fd33f10f61
X19640.2,19640-2,P01270,PTH,Parathyroid Hormone1-34,GCST90423613,70be3ca3898d6dc712712e8b315e0fb7
X19742.3,19742-3,Q99719,SEPTIN5,Septin-5,GCST90423614,5886ef02003952644d82d084aaa39378
X19743.12,19743-12,Q6UX27,VSTM1,V-set and transmembrane domain-containing protein 1,GCST90423615,f24a1eefe599297818ea954b78bd6e1d
X19748.3,19748-3,P53602,MVD,Diphosphomevalonate decarboxylase,GCST90423616,f1680d95087e459b868b328358d84e11
X19752.197,19752-197,Q6UB28,METAP1D,"Methionine aminopeptidase 1D, mitochondrial",GCST90423617,0d2372c6c9828dca2b521fe6e8fd2bbd
X19755.38,19755-38,Q9UII2,ATP5IF1,"ATPase inhibitor, mitochondrial",GCST90423618,6962e52112b42706c0587c6c51ca585e
X19760.26,19760-26,P15085,CPA1,Carboxypeptidase A1,GCST90423619,417e783bc4a5ebef9afe406a880238b9
X19765.17,19765-17,Q6UXB4,CLEC4G,C-type lectin domain family 4 member G,GCST90423620,27f6e55dfbf585c4ec7b3de21678e8e0
X19767.20,19767-20,P24864,CCNE1,G1/S-specific cyclin-E1,GCST90423621,f9d01529841e6f2957286f91a151d454
X19768.13,19768-13,P04080,CSTB,Cystatin B,GCST90423622,f3fbcd0faee318050934861e4ee40c54
X19774.8,19774-8,P69892,HBG2,Hemoglobin subunit gamma-2,GCST90423623,25af641f87acf2f7e257162eb694f96d
X19784.16,19784-16,Q14210,LY6D,Lymphocyte antigen 6D,GCST90423624,fb269c4f6fa100946486b13f03a2195a
X19786.26,19786-26,Q16819,MEP1A,Meprin A subunit alpha,GCST90423625,b0483e031482ccae0ee91bc53f9a2839
X19787.14,19787-14,Q12866,MERTK,Proto-oncogene tyrosine-protein kinase MER,GCST90423626,4728c9606fc794540a92a2bab3d54e97
X19794.10,19794-10,O95848,NUDT14,Uridine diphosphate glucose pyrophosphatase,GCST90423627,f5c9bc9280a2b6f499f6e5af54788319
X19797.4,19797-4,Q92830,KAT2A,Histone acetyltransferase KAT2A,GCST90423628,f14f30d21ed6cffc02bddfacbee7a4e8
X19802.22,19802-22,O00559,EBAG9,Receptor-binding cancer antigen expressed on SiSo cells,GCST90423629,a98fbde8c31dba8bdfba4a0c6bf9345f
X19808.26,19808-26,O95716,RAB3D,Ras-related protein Rab-3D,GCST90423630,7a3dfc7119e62cd3241ccaf2bd2e0d47
X19809.47,19809-47,P36954,POLR2I,DNA-directed RNA polymerase II subunit RPB9,GCST90423631,c4e09468d8e2fa7e84a4f504ca36206b
X19821.10,19821-10,Q96LB8,PGLYRP4,Peptidoglycan recognition protein I-beta,GCST90423632,a9df6a9f4bac4431d855f00ae7b64c0b
X19823.75,19823-75,Q96EB6,SIRT1,NAD-dependent protein deacetylase sirtuin-1,GCST90423633,478f6188607dead6f7497e423ebb04dc
X20054.28,20054-28,P21399,ACO1,Cytoplasmic aconitate hydratase,GCST90423634,8be8b9d542c8301e7dbd335ce9696b2d
X20055.40,20055-40,O94788,ALDH1A2,Retinal dehydrogenase 2,GCST90423635,09542418768e216c833d382975020f85
X20056.7,20056-7,Q9ULW2,FZD10,Frizzled-10:Frizzled domain,GCST90423636,b9f37fd4445b3a0a3ca2b603c3c491c8
X20057.177,20057-177,Q9NVP2,ASF1B,Histone chaperone ASF1B,GCST90423637,f9b4670219e7405ce56afde10d05ada0
X20064.24,20064-24,P02751,FN1,Fibronectin-1 Fragment 2,GCST90423638,0071093286088a5ca1f3db637fd03a91
X20066.19,20066-19,Q13467,FZD5,Frizzled-5,GCST90423639,423815ed5e4874484b53b4051d6893d5
X20067.26,20067-26,Q14520,HABP2,Factor seven-activating protease,GCST90423640,33e01a088d734506f4a02c66c8c84efd
X20068.61,20068-61,P0CL80,GAGE12F,G antigen 12F,GCST90423641,48eed92256f4e681d977feb6a4cfb0d8
X20069.23,20069-23,Q8WU03,GLYATL2,Glycine N-acyltransferase-like protein 2,GCST90423642,10edc0a809ed15e5e85346d06302e20e
X20073.22,20073-22,P01116,KRAS,GTPase KRas,GCST90423643,d274a2543ecdaaeb7b002b953bca4fd4
X20074.3,20074-3,Q16787,LAMA3,Laminin subunit alpha-3,GCST90423644,d1bc18b3c5848ef2a47b7b4d163c6016
X20075.130,20075-130,P43358,MAGEA4,Melanoma-associated antigen 4,GCST90423645,2f31ab3238ff5da9b2fadfa37507fbc7
X20076.7,20076-7,P41218,MNDA,Myeloid cell nuclear differentiation antigen,GCST90423646,e896a024daf9547b99fdf1181d70a51d
X20078.6,20078-6,P14649,MYL6B,Myosin light chain 6B,GCST90423647,2604e6a4d4cb192ee311b186191a8715
X20079.6,20079-6,Q16822,PCK2,"Phosphoenolpyruvate carboxykinase [GTP], mitochondrial",GCST90423648,0eb5f3c34df1e671ed4a9710f185fa5a
X20081.14,20081-14,Q9P1W9,PIM2,Serine/threonine-protein kinase Pim-2,GCST90423649,df44b6376cc0e9110ae149527b982619
X20083.1,20083-1,P20340,RAB6A,Ras-related protein Rab-6A,GCST90423650,6536f6970dff8d2da79ac169f9d7953b
X20086.5,20086-5,Q15907,RAB11B,Ras-related protein Rab-11B,GCST90423651,6c89e00e73fda32c6e534dc134218622
X20087.3,20087-3,O60613,SELENOF,15 kDa selenoprotein,GCST90423652,1ac7fff98ff7a518bb48a9ad23e80517
X20089.172,20089-172,O75897,SULT1C4,Sulfotransferase 1C4,GCST90423653,09d95501ecff1b6bb8b6d11d9fa45771
X20090.63,20090-63,Q969T4,UBE2E3,Ubiquitin-conjugating enzyme E2 E3,GCST90423654,a7a6798487d2087eeec040f4b7205c83
X20091.138,20091-138,P20827,EFNA1,Ephrin-A1,GCST90423655,e822056ef42937cf3c433ad404a5c037
X20093.9,20093-9,P19320,VCAM1,Vascular cell adhesion protein 1,GCST90423656,5df362c049cd84fa92ae11bf54ac4497
X20103.176,20103-176,O15527,OGG1,N-glycosylase/DNA lyase,GCST90423657,084a3f17763519f08ba42b0d0f9abde9
X20105.7,20105-7,P60660,MYL6,Myosin light polypeptide 6,GCST90423658,9a12bdaa3f0f01cf4eb568da59b591b6
X20106.80,20106-80,Q96C86,DCPS,Scavenger mRNA-decapping enzyme DcpS,GCST90423659,4d22437b9f9c5329c8bab3a9e45d56a5
X20107.11,20107-11,P12829,MYL4,Myosin light polypeptide 4,GCST90423660,e7e00d352d607ec2c39880616ce88dda
X20110.25,20110-25,Q9H910,JPT2,Hematological and neurological expressed 1-like protein,GCST90423661,d6e8be273fb7fab2383a95e76da367c3
X20111.5,20111-5,P80723,BASP1,Brain acid soluble protein 1,GCST90423662,f3c4c38d40080e1c4e4aa528cd4c047b
X20116.30,20116-30,O95747,OXSR1,Serine/threonine-protein kinase OSR1,GCST90423663,66d09ffb9a20ef589b628108ac217279
X20117.5,20117-5,Q13542,EIF4EBP2,Eukaryotic translation initiation factor 4E-binding protein 2,GCST90423664,5bf588337c48aa37d5a30720746a74c7
X20120.101,20120-101,Q86WK6,AMIGO1,Amphoterin-induced protein 1:Extracellular domain,GCST90423665,d6608141fcc2fcefc8869795efccd3e3
X20126.19,20126-19,P14136,GFAP,Glial fibrillary acidic protein,GCST90423666,f0454ee6f7d867b55daf34ad652a2091
X20127.102,20127-102,Q9BQS7,HEPH,Hephaestin,GCST90423667,041a733a75ce0d8f8da1e984919072c2
X20128.1,20128-1,P16220,CREB1,cAMP response element-binding protein,GCST90423668,da91dcbd0039a1bbe14c62fbf41a322a
X20130.144,20130-144,Q9HCP0,CSNK1G1,Casein kinase I isoform gamma-1,GCST90423669,5de46a51f39dc0762de8503b4803c565
X20133.1,20133-1,P43357,MAGEA3,Melanoma-associated antigen 3,GCST90423670,73ccf74e01c793abd3bcf32a7badbf85
X20134.27,20134-27,Q9UEW3,MARCO,Macrophage receptor MARCO,GCST90423671,63bea6290b0f1f14b60eddccabfa9cd6
X20137.49,20137-49,P09651,HNRNPA1,Heterogeneous nuclear ribonucleoprotein A1,GCST90423672,3d975837c6dcaa3b8f874e39e58e7c39
X20139.57,20139-57,Q99962,SH3GL2,Endophilin-A1,GCST90423673,bc42d17b94f0dfc7923dbc54b496c987
X20141.42,20141-42,Q15560,TCEA2,Transcription elongation factor A protein 2,GCST90423674,2577f39bfdefd8600723e5c72c4db163
X20142.42,20142-42,O00762,UBE2C,Ubiquitin-conjugating enzyme E2 C,GCST90423675,78de774ba80f03bf9f17d1610ec837b9
X20159.1,20159-1,Q496H8,NRN1L,Neuritin-like protein,GCST90423676,beb54c16470862403486963520f1b38b
X20161.41,20161-41,P13591,NCAM1,Neural cell adhesion molecule 1,GCST90423677,220c9e4bc99d8c292a8a506ac2dd5700
X20165.4,20165-4,Q14117,DPYS,Dihydropyrimidinase,GCST90423678,9d0e2daf04fd70944511050447dd20e6
X20167.6,20167-6,Q92930,RAB8B,Ras-related protein Rab-8B,GCST90423679,5ce1b225f18668a01b53995107a49274
X20173.39,20173-39,O14815,CAPN9,Calpain-9,GCST90423680,9f807d6215c39d3f67b479eae33de33b
X20175.17,20175-17,Q14050,COL9A3,Collagen alpha-3(IX) chain,GCST90423681,b74b63690e252f4ecd0d3b052c73c64c
X20181.17,20181-17,Q9UKX5,ITGA11,Integrin alpha-11,GCST90423682,ab511a2c581c1121b19c4dc2b07bb475
X20183.48,20183-48,P50221,MEOX1,Homeobox protein MOX-1,GCST90423683,1a933409416ce9843fa91a366c5c8cbc
X20185.44,20185-44,P10515,DLAT,"Dihydrolipoyllysine-residue acetyltransferase component of pyruvate dehydrogenase complex, mitochondrial",GCST90423684,68b6e48d5bcda1ee7601931ff4b6894d
X20187.10,20187-10,P06756|P05106,ITGAV|ITGB3,Integrin alpha V beta 3,GCST90423685,8131decc930da3517372ef1bf8832b21
X20189.28,20189-28,P06756|P18564,ITGAV|ITGB6,Integrin alpha V beta 6,GCST90423686,4b437bfb38dd83f092d72cc9a5facbec
X20189.4,20189-4,P06756|P18564,ITGAV|ITGB6,Integrin alpha V beta 6,GCST90423687,725544422200d9ff83f642e007e49c31
X20191.13,20191-13,P06756|P26012,ITGAV|ITGB8,Integrin alpha V beta 8,GCST90423688,a118c01ca9fe2397670181180a3e6bc5
X20195.13,20195-13,Q9BYX4,IFIH1,Interferon-induced helicase C domain-containing protein 1,GCST90423689,eb80c27a72380443d0acd20cdd766437
X20197.14,20197-14,P62760,VSNL1,Visinin-like protein 1,GCST90423690,386cebfe5cdecc941d5de7e2d95e6ba6
X20203.45,20203-45,P09871,C1S,Complement C1s subcomponent,GCST90423691,9474ccbd9efb1d94c66e8680971c7907
X20205.55,20205-55,Q92630,DYRK2,Dual specificity tyrosine-phosphorylation-regulated kinase 2,GCST90423692,466529178a60ee1b5abacafb257cc41b
X20211.75,20211-75,Q96PP8,GBP5,Guanylate-binding protein 5,GCST90423693,5095038ba5f34377d3e5732571629be4
X20213.82,20213-82,P17066,HSPA6,Heat shock 70 kDa protein 6,GCST90423694,a845d0cdc2e5e937cca037e55476b929
X20215.45,20215-45,P06756|P05556,ITGAV|ITGB1,Integrin alpha-V: beta-1 complex,GCST90423695,29c1a81eff77d6e6588fea670cb9a99d
X20217.26,20217-26,Q03252,LMNB2,Lamin-B2,GCST90423696,477c2b4c51af6376d05e0ddc7e05c75e
X20219.25,20219-25,P08473,MME,Neprilysin,GCST90423697,1d994143af3fbe5d4b1d229ae5505094
X20221.26,20221-26,Q08493,PDE4C,"cAMP-specific 3',5'-cyclic phosphodiesterase 4C",GCST90423698,0af278bb6cfe10bb59778c15e8b27162
X20225.119,20225-119,P42229,STAT5A,Signal transducer and activator of transcription 5A,GCST90423699,e19ed1735674ee6733f4b295b5f1b533
X20229.67,20229-67,Q9BX74,TM2D1,TM2 domain-containing protein 1,GCST90423700,7f03d4432a61865a53c6c081cd70b52f
X20231.23,20231-23,O95045,UPP2,Uridine phosphorylase 2,GCST90423701,99b961733d26102031a9321bc9b68ac3
X20237.38,20237-38,P04181,OAT,"Ornithine aminotransferase, mitochondrial",GCST90423702,6fc28aa52acd6efebdd98e1d7c575c55
X20241.9,20241-9,O00161,SNAP23,Synaptosomal-associated protein 23,GCST90423703,e1d9545f4b76d07fd799c07e6dee725a
X20243.26,20243-26,P07737,PFN1,Profilin-1,GCST90423704,f52b945611434e984bc02a409a2aeb5c
X20245.13,20245-13,P19793,RXRA,Retinoic acid receptor RXR-alpha,GCST90423705,68257179d99d497ac16e63fa2fb130ab
X20247.17,20247-17,O14531,DPYSL4,Dihydropyrimidinase-related protein 4,GCST90423706,53e9a66d94a3c2591369d7f77cf523df
X20367.6,20367-6,Q96RQ9,IL4I1,L-amino-acid oxidase,GCST90423707,5f47cef31649b9f9de036051ed7c3eb6
X20370.6,20370-6,P07311,ACYP1,Acylphosphatase-1,GCST90423708,3d250bf4d2135dbe5b8d0004aaada55e
X20373.141,20373-141,Q9NWU2,GID8,Glucose-induced degradation protein 8 homolog,GCST90423709,5e9a96cf00e5fa3fbac39d173423236d
X20374.41,20374-41,O75208,COQ9,"Ubiquinone biosynthesis protein COQ9, mitochondrial",GCST90423710,6ad7a5f7745725096de3c023c371f07d
X20376.64,20376-64,Q6P1N9,TATDN1,Putative deoxyribonuclease TATDN1,GCST90423711,53a38eb7fa7d3b18620e2ffd31e86220
X20378.110,20378-110,Q9NQ48,LZTFL1,Leucine zipper transcription factor-like protein 1,GCST90423712,32f21500ddbf329a76520d73fd20a94d
X20379.59,20379-59,Q8N300,SVBP,Small vasohibin-binding protein,GCST90423713,60d3cf625504d7d68ba5244865e30f2f
X20380.50,20380-50,Q3MHD2,LSM12,Protein LSM12 homolog,GCST90423714,c6dfc51666145ac2783d6dad0687b675
X20381.21,20381-21,Q8WWB5,PIH1D2,PIH1 domain-containing protein 2,GCST90423715,b6d080fee184ae5b0cdf449ad71c6ccf
X20382.8,20382-8,Q9UJG1,MOSPD1,Motile sperm domain-containing protein 1,GCST90423716,71a93a8430b468de0e28eb2af6dd2e81
X20383.31,20383-31,Q96H35,RBM18,Probable RNA-binding protein 18,GCST90423717,a731bd590301e506e0f38a9f47fa98b1
X20385.21,20385-21,Q5TA50,CPTP,Ceramide-1-phosphate transfer protein,GCST90423718,75959df3e55056c9294b9245f6708c3c
X20386.15,20386-15,Q6GMV3,PTRHD1,Putative peptidyl-tRNA hydrolase PTRHD1,GCST90423719,897622fb5312f7b42baf933a31509cf0
X20387.277,20387-277,Q9BUK0,CHCHD7,Coiled-coil-helix-coiled-coil-helix domain-containing protein 7,GCST90423720,a57d298987ba4afcc06a2c970854299e
X20388.8,20388-8,Q969E8,TSR2,Pre-rRNA-processing protein TSR2 homolog,GCST90423721,42b18b84bf7ae8960f281f1328c997fb
X20389.36,20389-36,Q96T52,IMMP2L,Mitochondrial inner membrane protease subunit 2,GCST90423722,b31850d4f25f34c56503032451123375
X20390.4,20390-4,Q15651,HMGN3,High mobility group nucleosome-binding domain-containing protein 3,GCST90423723,75d46894471d57aff85ac7936d70d7f8
X20393.10,20393-10,Q13956,PDE6H,"Retinal cone rhodopsin-sensitive cGMP 3',5'-cyclic phosphodiesterase subunit gamma",GCST90423724,d45fdcffdb12dd3c5381a411a03b60ad
X20396.70,20396-70,Q7Z4G1,COMMD6,COMM domain-containing protein 6,GCST90423725,16bc2071033a2f509b43352e17e873b5
X20398.60,20398-60,O75817,POP7,Ribonuclease P protein subunit p20,GCST90423726,f6959dc6295744266c0db818594020fa
X20399.7,20399-7,Q5BKU9,OXLD1,Oxidoreductase-like domain-containing protein 1,GCST90423727,ed98b29d05e38c9f36fc40e346c3043a
X20401.19,20401-19,P41223,BUD31,Protein BUD31 homolog,GCST90423728,bdce2603e265a16593f96df1e9964ba3
X20402.11,20402-11,P0DI81,TRAPPC2,Trafficking protein particle complex subunit 2,GCST90423729,e0b841bb41dc9834e8dd4cd55921adb1
X20408.11,20408-11,Q15388,TOMM20,Mitochondrial import receptor subunit TOM20 homolog,GCST90423730,fe3e7f37de29f72c27fafc6ed673b841
X20411.52,20411-52,Q6PID6,TTC33,Tetratricopeptide repeat protein 33,GCST90423731,5d0de690024b836750486ae2421183ff
X20423.40,20423-40,Q99828,CIB1,Calcium and integrin-binding protein 1,GCST90423732,605a44e3e5bca485ee899f949dec4d94
X20425.12,20425-12,Q03014,HHEX,Hematopoietically-expressed homeobox protein HHEX,GCST90423733,5eeb981a9c2d294b0558860fe8333993
X20426.34,20426-34,Q96KN4,LRATD1,Protein FAM84A,GCST90423734,58147a369389a31953fc094381d56fa8
X20427.18,20427-18,Q9H944,MED20,Mediator of RNA polymerase II transcription subunit 20,GCST90423735,e7d61529f9242d793d0e67046a6c5983
X20428.5,20428-5,Q8TCT1,PHOSPHO1,Phosphoethanolamine/phosphocholine phosphatase,GCST90423736,301d52a2c34fc9d35d843a4ec43a3862
X20430.8,20430-8,P23582,NPPC,C-type natriuretic peptide,GCST90423737,54853f42010458293ac1013a645d3c69
X20432.6,20432-6,Q9NXJ5,PGPEP1,Pyroglutamyl-peptidase 1,GCST90423738,67f720ee840f96621ff310e503319ce4
X20433.19,20433-19,Q9BYD6,MRPL1,"39S ribosomal protein L1, mitochondrial",GCST90423739,e90c43e81a99a91ca1c6d3f9f93f27c2
X20434.23,20434-23,A6NKN8,PCP4L1,Purkinje cell protein 4-like protein 1,GCST90423740,e3748b5ddaebc6df7afc247095436085
X20435.41,20435-41,Q15006,EMC2,ER membrane protein complex subunit 2,GCST90423741,837bfe2cbabc4af1b6006f2cb7db723f
X20437.9,20437-9,O14645,DNALI1,Axonemal dynein light intermediate polypeptide 1,GCST90423742,266adf9f9e07f6d71a5e7f8252962ac8
X20439.14,20439-14,O94903,PLPBP,Proline synthase co-transcribed bacterial homolog protein,GCST90423743,758b34f1367252d6a81175f8dde46df6
X20440.36,20440-36,Q5I0X7,TTC32,Tetratricopeptide repeat protein 32,GCST90423744,701904bcc4e2183cd3c6346612cea87c
X20441.35,20441-35,P19388,POLR2E,"DNA-directed RNA polymerases I, II, and III subunit RPABC1",GCST90423745,2627bd0a5af4a487190887419e326ae4
X20442.12,20442-12,Q9UKA8,RCAN3,Calcipressin-3,GCST90423746,a0ee2d488623850e64a32276ac83a2d5
X20443.37,20443-37,Q86WV5,TEN1,CST complex subunit TEN1,GCST90423747,b7ba154b2d763a62c46c5dbaefefbeb3
X20444.12,20444-12,Q9BW30,TPPP3,Tubulin polymerization-promoting protein family member 3,GCST90423748,339c267430c849d240f691f5edecc238
X20445.29,20445-29,Q63HQ0,AP1AR,AP-1 complex-associated regulatory protein,GCST90423749,ccf6ceabe5080912ab021a83689894a4
X20447.11,20447-11,Q8IUE0,TGIF2LY,Homeobox protein TGIF2LY,GCST90423750,6c2c2cc9b384d3b27ef848f711fabdc2
X20448.7,20448-7,P61218,POLR2F,"DNA-directed RNA polymerases I, II, and III subunit RPABC2",GCST90423751,a54a06c2b3cc068aaab0e6fe3c166650
X20449.72,20449-72,Q15040,JOSD1,Josephin-1,GCST90423752,0e857799b982a6bf26d5cc25d142a939
X20451.126,20451-126,Q9H7X7,IFT22,Intraflagellar transport protein 22 homolog,GCST90423753,64b9e5a3172635bd6c789d3514d682b6
X20453.9,20453-9,Q8WV22,NSMCE1,Non-structural maintenance of chromosomes element 1 homolog,GCST90423754,f0a433b8ed9234367d51a3b644f670a4
X20454.24,20454-24,Q96AH0,NABP1,SOSS complex subunit B2,GCST90423755,7070c7fda4899ceb9b2629fec4c9d314
X20457.13,20457-13,Q9NYJ1,COA4,"Cytochrome c oxidase assembly factor 4 homolog, mitochondrial",GCST90423756,4cce44bc88c67214b8585498dc9e7d4d
X20458.22,20458-22,O43678,NDUFA2,NADH dehydrogenase [ubiquinone] 1 alpha subcomplex subunit 2,GCST90423757,637dc1db998c96fe7da89530d5977870
X20460.22,20460-22,Q8IY31,IFT20,Intraflagellar transport protein 20 homolog,GCST90423758,21b1c2ab55a729f8e34691d85cc84380
X20461.58,20461-58,Q14320,FAM50A,Protein FAM50A,GCST90423759,25dc916080a33440452ca5ec7797ac75
X20463.315,20463-315,Q9P2X3,IMPACT,Protein IMPACT,GCST90423760,420d9c39d6ae5669398ca2646d2fed6a
X20464.7,20464-7,Q5JSQ8,KHDC1L,Putative KHDC1-like protein,GCST90423761,c5ef5da09f83132436f883fa1ed3b448
X20511.3,20511-3,Q9Y624,F11R,Junctional adhesion molecule A,GCST90423762,121435a3dc5c832dc42ffb87334c0960
X20512.2,20512-2,P43121,MCAM,Melanoma-associated antigen MUC18,GCST90423763,e7d2ea313219c59f2b57812fe713991f
X20514.8,20514-8,Q13145,BAMBI,BMP and activin membrane-bound inhibitor homolog:Extracellular domain,GCST90423764,1d620aecf2add4e2777f8de021db67a7
X20516.11,20516-11,Q9NY72,SCN3B,Sodium channel subunit beta-3,GCST90423765,dd8b5d598488275fb02ee7eff7add763
X20517.1,20517-1,Q14126,DSG2,Desmoglein-2,GCST90423766,59d4a8d75aefbf256b84be2b52e84718
X20519.7,20519-7,P30203,CD6,CD6,GCST90423767,4466a42f845e2913fe4b7d5548098d36
X20520.14,20520-14,Q92520,FAM3C,Protein FAM3C,GCST90423768,e4fbef34515ec742fbeb5c102c76ed49
X20521.83,20521-83,P10747,CD28,CD28,GCST90423769,66dded4de5c2dc32fc957737bf8585ce
X20522.2,20522-2,Q9NZN1,IL1RAPL1,Interleukin-1 receptor accessory protein-like 1,GCST90423770,144ce029e191f6517ef3fadff2de6759
X20524.38,20524-38,P56975,NRG3,"Pro-neuregulin-3, membrane-bound isoform",GCST90423771,d56a43cbd647fa2dab968e97c457e684
X20525.200,20525-200,P13667,PDIA4,Protein disulfide-isomerase A4,GCST90423772,92c443cd2480bd30de160a8c10fbe824
X20526.3,20526-3,Q5VY80,RAET1L,Retinoic acid early transcript 1L protein,GCST90423773,3d373b490676a76dd77f83b27603bf24
X20527.47,20527-47,Q9P283,SEMA5B,Semaphorin-5B,GCST90423774,1d785f59c4baec65b92eb8d028d77c5f
X20528.23,20528-23,P34810,CD68,Macrosialin,GCST90423775,1b668cdd9f9e3237c68b6155a95318a8
X20530.2,20530-2,Q8NFY4,SEMA6D,Semaphorin-6D,GCST90423776,f143ad43356ed70a4a6dcbec94970f83
X20531.5,20531-5,Q96A28,SLAMF9,SLAM family member 9,GCST90423777,01f3aae06cf3fcf92fe9ea754c38b654
X20533.39,20533-39,P29459|Q14213,IL12A|EBI3,Interleukin-35,GCST90423778,cc2e460be9d40ae908b110199fe6f633
X20534.6,20534-6,Q8WTV0,SCARB1,Scavenger receptor class B member 1,GCST90423779,229d540c9a1def2c81088e5bb12eb309
X20535.68,20535-68,Q8NFR9,IL17RE,Interleukin-17 receptor E,GCST90423780,9d54b763e02cafee7ac47e633f207752
X20536.11,20536-11,Q96AP7,ESAM,Endothelial cell-selective adhesion molecule,GCST90423781,c97fb5defef870d9df010fbe021309ac
X20538.71,20538-71,Q96RL6,SIGLEC11,"Sialic acid-binding Ig-like lectin 11:Extracellular domain, Isoform 1",GCST90423782,cab6dc6f30d5f95edfc33d099a530d99
X20539.4,20539-4,P59666,DEFA3,Neutrophil defensin 3,GCST90423783,4c804e269bfaa23faaedbbaa16fb3a38
X20540.65,20540-65,Q9NTN9,SEMA4G,Semaphorin-4G,GCST90423784,b12989f751454a1369e9bda20c0610b7
X20541.73,20541-73,P29016,CD1B,T-cell surface glycoprotein CD1b,GCST90423785,f9454e8f6a428b8ae331a6d2387cfb08
X20542.47,20542-47,P30988,CALCR,Calcitonin receptor,GCST90423786,73bf28d835d4622ec5aec2dfef02e5c8
X20543.19,20543-19,Q9H1M4,DEFB127,Beta-defensin 127,GCST90423787,4c2c4681be13d38232b01d26e0e2e7f4
X20544.103,20544-103,Q13002,GRIK2,"Glutamate receptor ionotropic, kainate 2",GCST90423788,791bf3c3b71643a5231b265b24439c96
X20545.17,20545-17,P55082,MFAP3,Microfibril-associated glycoprotein 3,GCST90423789,8481492d8fdf937fba4090d7bdbea618
X20546.71,20546-71,Q86UN2,RTN4RL1,Reticulon-4 receptor-like 1,GCST90423790,35aa54ac17a69254985d51ef21edf820
X20547.5,20547-5,Q05901,CHRNB3,Neuronal acetylcholine receptor subunit beta-3,GCST90423791,15a808a6ce3c3d978ede1fc36d13e3c6
X20549.1,20549-1,Q1ZYL8,IZUMO4,Izumo sperm-egg fusion protein 4,GCST90423792,a7422785627adf324a1a70ca886cb912
X20550.38,20550-38,Q9P121,NTM,Neurotrimin,GCST90423793,84f923063dd3d6f17ef84394bd26c67a
X20553.2,20553-2,Q96FE7,PIK3IP1,Phosphoinositide-3-kinase-interacting protein 1,GCST90423794,54229fd713a66321d42a40a1f4988ca0
X20557.19,20557-19,P0DPA2,VSIG8,V-set and immunoglobulin domain-containing protein 8,GCST90423795,8bae00388e2ce914aec0873a9473d04e
X20558.4,20558-4,P29322,EPHA8,Ephrin type-A receptor 8,GCST90423796,a0b49b230b69855e48767bf15a1737c7
X20561.15,20561-15,Q9UQ52,CNTN6,Contactin-6,GCST90423797,ccfd8d6a7bc1ae86ff910c317ac7374c
X20562.78,20562-78,Q12918,KLRB1,Killer cell lectin-like receptor subfamily B member 1,GCST90423798,c8c519e9b25f096990940372a4d5c4ea
X20563.48,20563-48,Q9BXR5,TLR10,Toll-like receptor 10,GCST90423799,b17fca42dfdb031f71ea59118b513da4
X20564.53,20564-53,P04216,THY1,Thy-1 membrane glycoprotein,GCST90423800,f90db0e4eabc255b9c3d31be2df66672
X20568.3,20568-3,Q5H8C1,FREM1,FRAS1-related extracellular matrix protein 1,GCST90423801,411c466a14d4bbc56c62cd2b19422a65
X20570.18,20570-18,Q6UX27,VSTM1,V-set and transmembrane domain-containing protein 1,GCST90423802,f512e6eada7463dd900d04adc8e80eed
X20572.6,20572-6,Q12866,MERTK,Proto-oncogene tyrosine-protein kinase MER,GCST90423803,2a3683711f179780d3edcd3f821390f9
X20574.8,20574-8,P60033,CD81,CD81 antigen,GCST90423804,40f0003a58e0be0cc94a09bec9413c1e
X20575.82,20575-82,Q6UXN8,CLEC9A,C-type lectin domain family 9 member A,GCST90423805,a75b2d68609dd7d2bd9f5af785752ba4
X20576.71,20576-71,O75084,FZD7,Frizzled-7,GCST90423806,003a4d7a41ed20fda68ec28476fa5a57
X20577.5,20577-5,Q9H461,FZD8,Frizzled-8,GCST90423807,75fa60d957bcec7b25f96757dbe6f65f
X20578.10,20578-10,Q9HAR2,ADGRL3,Latrophilin-3,GCST90423808,c6800f91051e83034664dfffb7d2da47
X20579.50,20579-50,P20916,MAG,Myelin-associated glycoprotein,GCST90423809,dc84b0c86502a84d771569576e8572e1
X20584.4,20584-4,Q15223,NECTIN1,"Nectin-1, isoform gamma:Extracellular domain",GCST90423810,f83987e10fa4e30afbc8c5190ebad0fe
X20585.5,20585-5,Q6UXG3,CD300LG,CMRF35-like molecule 9,GCST90423811,ad525c1d492edcbbecb83c4310aec70a
X20585.9,20585-9,Q6UXG3,CD300LG,CMRF35-like molecule 9,GCST90423812,d6a722f2bd6060832ec13b08ed373693
X20586.18,20586-18,Q9P232,CNTN3,Contactin-3,GCST90423813,2db18e67b5d9241a64c70e4da964ff4d
X20589.5,20589-5,P55283,CDH4,Cadherin-4,GCST90423814,bf1025cacb3ddd5096c02f68e1268e66
X20590.13,20590-13,P01303,NPY,Neuropeptide Y,GCST90423815,f812cd6b753da90d51a8517fa94f6cbe
X20591.48,20591-48,Q6ZMI3,GLDN,Gliomedin,GCST90423816,d55ee26694c55eea6159777f16fb7e08
X20592.8,20592-8,Q9BS40,LXN,Latexin,GCST90423817,80b6256378b3cf1da525a2518d903973
X20593.10,20593-10,Q9Y2C3,B3GALT5,"Beta-1,3-galactosyltransferase 5",GCST90423818,231042a3d4e736a9afb333d7d3b52b1f
X20912.10,20912-10,Q08623,PUDP,Pseudouridine-5'-phosphatase,GCST90423819,e4246b51ff433b0ac1934ba4672a1fdd
X20913.27,20913-27,P41567,EIF1,Eukaryotic translation initiation factor 1,GCST90423820,1ed8c7c7d1beff9c8646213a9293b2e0
X20915.68,20915-68,Q9NVZ3,NECAP2,Adaptin ear-binding coat-associated protein 2,GCST90423821,e8913acd041781c86264373b2173ee8e
X20918.28,20918-28,P09234,SNRPC,U1 small nuclear ribonucleoprotein C,GCST90423822,679adfffe2aad6a9e433e7a89b156d3d
X20921.1,20921-1,Q8TF65,GIPC2,PDZ domain-containing protein GIPC2,GCST90423823,ee959af4b4626203b5d74771c8556eee
X20922.4,20922-4,Q8NHR9,PFN4,Profilin-4,GCST90423824,539233a3b0a66773278e5d7ba1e728f3
X20923.10,20923-10,Q86V88,MDP1,Magnesium-dependent phosphatase 1,GCST90423825,f9af88272ec3f153bb1411981f1ba22c
X20924.85,20924-85,Q15170,TCEAL1,Transcription elongation factor A protein-like 1,GCST90423826,a15ae82022be3599eeafa085cd8fbc67
X20926.31,20926-31,P18846,ATF1,Cyclic AMP-dependent transcription factor ATF-1,GCST90423827,064b7e444d6c2620b9edc78cad1ad211
X20927.43,20927-43,P13984,GTF2F2,General transcription factor IIF subunit 2,GCST90423828,e36522b272508235f577af650056ff9d
X20928.39,20928-39,Q9BRU2,TCEAL7,Transcription elongation factor A protein-like 7,GCST90423829,ecd0a9c02a097989cd9753c8e5379e1f
X20929.4,20929-4,O15194,CTDSPL,CTD small phosphatase-like protein,GCST90423830,2b6db5e99bc37d3dc51bdac619508c5c
X20931.156,20931-156,Q13825,AUH,"Methylglutaconyl-CoA hydratase, mitochondrial",GCST90423831,50b2e3c9a661801349623aa409c9bd06
X20932.10,20932-10,A6NI79,CCDC69,Coiled-coil domain-containing protein 69,GCST90423832,d3669f3e810a067c2f472aa2a6cad0f6
X20934.13,20934-13,Q969Q5,RAB24,Ras-related protein Rab-24,GCST90423833,acd8665d6ea3dacd223d52c0337fd56c
X20935.4,20935-4,Q9H2J4,PDCL3,Phosducin-like protein 3,GCST90423834,010105620c910863e02bbd9726f726c4
X20936.8,20936-8,Q17R31,TATDN3,Putative deoxyribonuclease TATDN3,GCST90423835,5a5adb4a535b84e221da4149bcfb2bec
X20937.43,20937-43,Q92979,EMG1,Ribosomal RNA small subunit methyltransferase NEP1,GCST90423836,d3292c707154501d1f5b3ecdc436c244
X20939.113,20939-113,Q9NX24,NHP2,H/ACA ribonucleoprotein complex subunit 2,GCST90423837,1959b7c09690177c0ec6a592f0a09fbd
X20941.7,20941-7,O95164,UBL3,Ubiquitin-like protein 3,GCST90423838,dcda550b0c5855aaf864e43c2c402cc3
X20942.4,20942-4,Q8NHS0,DNAJB8,DnaJ homolog subfamily B member 8,GCST90423839,f1f11672004446abb50c579ec5a18650
X20943.14,20943-14,Q9GZZ1,NAA50,N-alpha-acetyltransferase 50,GCST90423840,f5abe986569f7be1f2abf65d742528a3
X20946.41,20946-41,Q8WW33,GTSF1,Gametocyte-specific factor 1,GCST90423841,06913d1dc462f5c752b17af8766f12ac
X20947.50,20947-50,Q01658,DR1,Protein Dr1,GCST90423842,73180d2f5424085ef041c0cd4a7f8bec
X20948.16,20948-16,Q96DE0,NUDT16,U8 snoRNA-decapping enzyme,GCST90423843,1239b17e87990879a610aa4cccdce80c
X20950.159,20950-159,Q9NRG1,PRTFDC1,Phosphoribosyltransferase domain-containing protein 1,GCST90423844,597680335e4f03f733daf4584cd518d8
X20952.15,20952-15,Q9NTX5,ECHDC1,Ethylmalonyl-CoA decarboxylase,GCST90423845,048a92b4f36346766a52b89be1d53c7b
X20953.34,20953-34,Q9Y4U1,MMACHC,Methylmalonic aciduria and homocystinuria type C protein,GCST90423846,ffe256a93000f18a7e2d5a0a9095bdf2
X20954.27,20954-27,Q6ICC9,RTL6,Protein LDOC1L,GCST90423847,887d6b54a20f285fa5e23cce43d37e09
X20955.20,20955-20,Q7Z6V5,ADAT2,tRNA-specific adenosine deaminase 2,GCST90423848,8bc0ab7cc2fbb71af75774fc06e8b044
X20956.13,20956-13,Q9NQP4,PFDN4,Prefoldin subunit 4,GCST90423849,134b28036c69034a6d7aee186791cd2c
X20957.57,20957-57,Q8NFP7,NUDT10,Diphosphoinositol polyphosphate phosphohydrolase 3-alpha,GCST90423850,0d429ae23e845b250b8712563b6c9292
X20958.13,20958-13,Q9ULC3,RAB23,Ras-related protein Rab-23,GCST90423851,11dcfabfd44cc043fae5cb8c5d3b85c7
X20959.12,20959-12,Q8NEJ0,DUSP18,Dual specificity protein phosphatase 18,GCST90423852,64538cd3d216acb31d70d96c8bc10c4b
X20960.47,20960-47,Q96AE4,FUBP1,Far upstream element-binding protein 1,GCST90423853,60905a7d48cd1fee643680ffe881145e
X20964.13,20964-13,P62263,RPS14,40S ribosomal protein S14,GCST90423854,07d1321d98c053115c65dca83a6edb05
X20965.18,20965-18,A6NCE7,MAP1LC3B2,Microtubule-associated proteins 1A/1B light chain 3 beta 2,GCST90423855,1d116a282d46e7655fa3a9cf55aaa3f5
X20966.7,20966-7,Q96LD8,SENP8,Sentrin-specific protease 8,GCST90423856,951bbbfa888a478640f05334b6fa6181
X20967.137,20967-137,Q5JS54,PSMG4,Proteasome assembly chaperone 4,GCST90423857,2c4edb7fd079c958093a8c729586e9ed
X20968.22,20968-22,Q9NQT4,EXOSC5,Exosome complex component RRP46,GCST90423858,20a0bac67af38b8cf61b260929f9f291
X20969.114,20969-114,Q8N488,RYBP,RING1 and YY1-binding protein,GCST90423859,a07f23bdb55e903f6f9c4d95375ecc9a
X20970.14,20970-14,Q9H9R9,DBNDD1,Dysbindin domain-containing protein 1,GCST90423860,7e4bac1eab941ced9cc0b87017c06064
X20971.1,20971-1,Q9NZV6,MSRB1,Methionine-R-sulfoxide reductase B1,GCST90423861,88c277fb19b13e832eeb4892a40dee3e
X20972.37,20972-37,O43809,NUDT21,Cleavage and polyadenylation specificity factor subunit 5,GCST90423862,b518e549468d688797505338db4f8b81
X20975.2,20975-2,Q14206,RCAN2,Calcipressin-2,GCST90423863,bac575ca048b881d472cfa2cf2adfd25
X20976.19,20976-19,P62310,LSM3,U6 snRNA-associated Sm-like protein LSm3,GCST90423864,9c7562a68620e8f1d8bd5fa95aa315eb
X20977.2,20977-2,Q13371,PDCL,Phosducin-like protein,GCST90423865,78a60957247a2a08b0c62557a29bc921
X20979.86,20979-86,Q00403,GTF2B,Transcription initiation factor IIB,GCST90423866,0d7805878dc305aa048616504979d429
X20982.29,20982-29,Q9BV90,SNRNP25,U11/U12 small nuclear ribonucleoprotein 25 kDa protein,GCST90423867,2b883d7cae3326d80665686b0ca3b46d
X20984.142,20984-142,Q8WTR2,DUSP19,Dual specificity protein phosphatase 19,GCST90423868,b50f8ef37e19bbd8618101ed750e2ac2
X20986.58,20986-58,Q9H6Z9,EGLN3,Egl nine homolog 3,GCST90423869,5129f76ee44b42ae283fd732f38dec89
X20987.21,20987-21,O95475,SIX6,Homeobox protein SIX6,GCST90423870,09281181abba5355f5fb0f0712fcf637
X20988.63,20988-63,Q8TA86,RP9,Retinitis pigmentosa 9 protein,GCST90423871,8351ca9957681718bdb934f1faa6cfe4
X20990.48,20990-48,Q10587,TEF,Thyrotroph embryonic factor,GCST90423872,0d7ab3483b850f123d9c8da81459f1e0
X20991.2,20991-2,Q9BT23,LIMD2,LIM domain-containing protein 2,GCST90423873,a395c1e55f4feac338684d29c1fe6a30
X20993.13,20993-13,Q5SZJ8,BEND6,BEN domain-containing protein 6,GCST90423874,ec845bbf4d071fa3d44102789836f7fa
X20994.37,20994-37,Q9H8W4,PLEKHF2,Pleckstrin homology domain-containing family F member 2,GCST90423875,1ea5d7e26f49599994fa173342a6e020
X20995.47,20995-47,P19387,POLR2C,DNA-directed RNA polymerase II subunit RPB3,GCST90423876,a67a179ee14428e9b962e0b6b768315c
X20996.107,20996-107,A6NFY7,SDHAF1,"Succinate dehydrogenase assembly factor 1, mitochondrial",GCST90423877,b8c57307b808c364ea0540c5bf845c85
X20998.19,20998-19,Q9NPI5,NMRK2,Nicotinamide riboside kinase 2; Short=NRK 2; Short=NmR-K 2; EC=2.7.1.22,GCST90423878,2305c341ff192b48da7b7eca45523794
X20999.12,20999-12,P46777,RPL5,60S ribosomal protein L5,GCST90423879,c29a4e67b5c229a83307823dcd0a4ecc
X21001.393,21001-393,Q8WUW1,BRK1,Protein BRICK1,GCST90423880,1dda4b9dcde93787dcca7665f2dff389
X21002.1,21002-1,Q8WVJ2,NUDCD2,NudC domain-containing protein 2,GCST90423881,cec2c9cb4ca7adbfb5c109fa96ebf732
X21008.113,21008-113,P61326,MAGOH,Protein mago nashi homolog,GCST90423882,1c974ff4ccd7bf66ce9fb0ab49431af5
X21009.28,21009-28,A6NMZ2,SNTN,Sentan,GCST90423883,06a94dead52a2dbd29365e6d5054cd34
X21104.37,21104-37,Q9BZL1,UBL5,Ubiquitin-like protein 5,GCST90423884,b236c1cb13bf2b490896ac6b0df4cba3
X21105.23,21105-23,A6NIH7,UNC119B,Protein unc-119 homolog B,GCST90423885,2f1bfff6e22a364618d7f368c3b71aa7
X21106.206,21106-206,Q12798,CETN1,Centrin-1,GCST90423886,4eb6dd63aa29d305d4ea8f05bd2e2126
X21107.5,21107-5,Q9Y375,NDUFAF1,"Complex I intermediate-associated protein 30, mitochondrial",GCST90423887,92b356b26d2973368d2360ed0b5cdae5
X21108.5,21108-5,Q9BRF8,CPPED1,Uncharacterized metallophosphoesterase CSTP1,GCST90423888,0d60bd3bfa329219cda2b5462bcdf5b9
X21109.1,21109-1,Q96G28,CFAP36,Cilia- and flagella-associated protein 36,GCST90423889,8e2c12444fb3ede5a782563e1ddd71af
X21110.5,21110-5,Q9H832,UBE2Z,Ubiquitin-conjugating enzyme E2 Z,GCST90423890,f86c6869bee1b339b64c32aebbb35890
X21111.49,21111-49,Q9NZL4,HSPBP1,Hsp70-binding protein 1,GCST90423891,2eb0747513925451791aed4ac5991079
X21112.6,21112-6,Q96A32,MYLPF,"Myosin regulatory light chain 2, skeletal muscle isoform",GCST90423892,4b32b7186021504ef3795c3f99fdabdd
X21113.3,21113-3,Q96CG3,TIFA,TRAF-interacting protein with FHA domain-containing protein A,GCST90423893,89f9fc799e26e51cb83e243b1f67bc26
X21114.18,21114-18,Q9UKB3,DNAJC12,DnaJ homolog subfamily C member 12,GCST90423894,a33445cd42fa2096bb480f105234d711
X21115.48,21115-48,Q7Z5W3,BCDIN3D,Pre-miRNA 5'-monophosphate methyltransferase,GCST90423895,50d049755845c23fdd5e6ca87234566a
X21116.13,21116-13,O75530,EED,Polycomb protein EED,GCST90423896,fc967a2bb73d4a33ff9430297cf37246
X21117.18,21117-18,Q9NQZ6,ZC4H2,Zinc finger C4H2 domain-containing protein,GCST90423897,b516703392ee0dc7c98a72c5e5ab9149
X21118.48,21118-48,P30047,GCHFR,GTP cyclohydrolase I feedback regulatory protein,GCST90423898,870110b50356bb673db90e927953002c
X21119.1,21119-1,Q8N4T8,CBR4,Carbonyl reductase family member 4,GCST90423899,858d667509db0124679feca9030e6325
X21120.3,21120-3,Q8N183,NDUFAF2,"Mimitin, mitochondrial",GCST90423900,dc2016914e120a7d1c01dd1ba81c1e85
X21121.31,21121-31,Q8TBC4,UBA3,NEDD8-activating enzyme E1 catalytic subunit,GCST90423901,a64077bc30cab7315f410a7b6f8ec8e5
X21122.3,21122-3,Q9BQY9,DBNDD2,Dysbindin domain-containing protein 2,GCST90423902,326a6f39e01d82855c216be2b8e8583f
X21123.1,21123-1,Q13084,MRPL28,"39S ribosomal protein L28, mitochondrial",GCST90423903,1a5dbbc0bdc3d7374b37c753775a7aa0
X21124.17,21124-17,Q9NRH1,YAE1,Yae1 domain-containing protein 1,GCST90423904,169543c0788dff9ba67abd06f89546b3
X21128.2,21128-2,P24941,CDK2,CDK2,GCST90423905,33905ebe8cb4ffae0aae267879e471e8
X21129.95,21129-95,Q15013,MAD2L1BP,MAD2L1-binding protein,GCST90423906,8d1fda4523cc810190ef163c0c651ada
X21130.82,21130-82,Q13572,ITPK1,Inositol-tetrakisphosphate 1-kinase,GCST90423907,046d3a2dcb8357c77052c62ef93a1a8c
X21131.109,21131-109,A2RUC4,TYW5,tRNA wybutosine-synthesizing protein 5,GCST90423908,e4294faa4ec037c7fe4873f9f5348d30
X21132.9,21132-9,Q7L8C5,SYT13,Synaptotagmin-13,GCST90423909,15de52c8d7ab4522617e5852bc61d68f
X21133.33,21133-33,P56277,CMC4,Cx9C motif-containing protein 4,GCST90423910,d2c9f87ba026a0b29b609aff3eb9449e
X21134.9,21134-9,Q9NS37,CREBZF,CREB/ATF bZIP transcription factor,GCST90423911,1d45084e8c142fa7ae09d4b413fefdac
X21135.16,21135-16,Q9Y3B4,SF3B6,Splicing factor 3B subunit 6,GCST90423912,4827e0c94de86069491be70ae28f0bc1
X21136.1,21136-1,Q969U7,PSMG2,Proteasome assembly chaperone 2,GCST90423913,c60a14c45fd3d875d0be56c4fa434330
X21138.2,21138-2,Q86SE8,NPM2,Nucleoplasmin-2,GCST90423914,5a3cb51ae679dc048dcafc18c699b3b7
X21140.19,21140-19,P49069,CAMLG,Calcium signal-modulating cyclophilin ligand,GCST90423915,6ef9f1628638e611af9112bcec2ba0fe
X21141.9,21141-9,Q96KN1,LRATD2,Protein FAM84B,GCST90423916,4ed264f5e62bb7a1133d8467a9db4adf
X21143.10,21143-10,Q13938,CAPS,Calcyphosin,GCST90423917,104c935091abaeca64b8e91002489625
X21144.160,21144-160,O00141,SGK1,Serine/threonine-protein kinase Sgk1,GCST90423918,4e24c4a0eb3c0476d901da0a7dd5f990
X21146.187,21146-187,O00294,TULP1,Tubby-related protein 1,GCST90423919,ac842a268b0eb8b8ef306248360d8796
X21147.9,21147-9,Q9H479,FN3K,Fructosamine-3-kinase,GCST90423920,56542ada06cca1cfdeec66708a397a51
X21149.27,21149-27,Q9NWM3,CUEDC1,CUE domain-containing protein 1,GCST90423921,402ca1a70b0b38f371d207891ef545c7
X21152.25,21152-25,O00167,EYA2,Eyes absent homolog 2,GCST90423922,26c9f4c457ffc50c245b5f3d26d1ff50
X21153.5,21153-5,Q8IXM2,BAP18,Chromatin complexes subunit BAP18,GCST90423923,7cfc45fd0d93ff8b4c2ad9b0ccda9241
X21154.8,21154-8,Q9H9S4,CAB39L,Calcium-binding protein 39-like,GCST90423924,93033901eea108b05c912efa8f0797ac
X21156.5,21156-5,Q8WUX2,CHAC2,Putative glutathione-specific gamma-glutamylcyclotransferase 2,GCST90423925,a11935e46a9f768af6dfd1f0ff7017a2
X21157.6,21157-6,A2RU49,HYKK,Hydroxylysine kinase,GCST90423926,79ae53a28b94d77f8306ddeeb88f61bc
X21160.4,21160-4,Q96FZ7,CHMP6,Charged multivesicular body protein 6,GCST90423927,ebe691cf32a0d38f35f82366f6530cba
X21161.16,21161-16,Q9UI43,MRM2,"rRNA methyltransferase 2, mitochondrial",GCST90423928,bbd2f4094716c380985781006ce5e429
X21162.30,21162-30,Q5QJ74,TBCEL,Tubulin-specific chaperone cofactor E-like protein,GCST90423929,7eb7daa07e2792f3b34ac8de7e239c41
X21163.21,21163-21,Q9NVG8,TBC1D13,TBC1 domain family member 13,GCST90423930,7f1b6e6373acf2390eea6d52b7b78354
X21164.83,21164-83,Q8IUE1,TGIF2LX,Homeobox protein TGIF2LX,GCST90423931,73233327bd4766d13a477c4a6016ee66
X21166.1,21166-1,Q9GZU7,CTDSP1,Carboxy-terminal domain RNA polymerase II polypeptide A small phosphatase 1,GCST90423932,e50ea4f48df20e650e8e7fc9046cb83b
X21167.33,21167-33,Q8WUK0,PTPMT1,Phosphatidylglycerophosphatase and protein-tyrosine phosphatase 1,GCST90423933,a08f062097a84a70bd4126686381d5f1
X21172.11,21172-11,Q9H1K6,TLNRD1,Mesoderm development candidate 1,GCST90423934,bc5f6e3e1dce3ccc620ba5e2caf38937
X21173.25,21173-25,Q12926,ELAVL2,ELAV-like protein 2,GCST90423935,ac12ec693ff5bdfc434f6337894f4bd4
X21178.8,21178-8,O76071,CIAO1,Probable cytosolic iron-sulfur protein assembly protein CIAO1,GCST90423936,e44432d07147962ea1db40c5acfa8662
X21180.16,21180-16,Q63HM9,PLCXD3,PI-PLC X domain-containing protein 3,GCST90423937,078fe80a532e668ce5efbce77baac81d
X21181.10,21181-10,Q9P2M1,LRP2BP,LRP2-binding protein,GCST90423938,39d132c502736a55a1ea50487dcf849d
X21182.8,21182-8,Q8WW01,TSEN15,tRNA-splicing endonuclease subunit Sen15,GCST90423939,cd80c5dc8fda2f06066c56c96d5eb1cf
X21183.1,21183-1,Q9Y6W6,DUSP10,Dual specificity protein phosphatase 10,GCST90423940,99f58a6e0533d7b04f9818767982bd49
X21184.1,21184-1,Q6QNY1,BLOC1S2,Biogenesis of lysosome-related organelles complex 1 subunit 2,GCST90423941,ed7e5b12e090adbca26512b60cab3797
X21188.38,21188-38,Q6NW29,RWDD4,RWD domain-containing protein 4,GCST90423942,a0ac7650861978d8f1436aeeb1e5bbdc
X21189.9,21189-9,P53384,NUBP1,Nucleotide-binding protein 1,GCST90423943,9c095778bb0fec9485651622bae8d3f3
X21190.4,21190-4,Q96B02,UBE2W,Ubiquitin-conjugating enzyme E2 W,GCST90423944,825563b56bde79b60e742864e3336595
X21191.24,21191-24,Q9H596,DUSP21,Dual specificity protein phosphatase 21,GCST90423945,4cdad1e40e81156e050b05a5e2c60b7d
X21193.1,21193-1,Q9H5Q4,TFB2M,"Dimethyladenosine transferase 2, mitochondrial",GCST90423946,8706aaa3ba25339cb84a0ef1d2c530b8
X21194.39,21194-39,Q14863,POU6F1,"POU domain, class 6, transcription factor 1",GCST90423947,280c6bfccff0df8f29fae09bceb2c588
X21196.29,21196-29,Q9NSI8,SAMSN1,SAM domain-containing protein SAMSN-1,GCST90423948,d14a2bbbe4e933febcbd104307f8b294
X21203.14,21203-14,Q96HT8,MRFAP1L1,MORF4 family-associated protein 1-like 1,GCST90423949,b0262f84962a3624b1f67e181e44c114
X21204.70,21204-70,Q6ICB0,DESI1,Desumoylating isopeptidase 1,GCST90423950,a68889d3cab5c4ce357b6254883cb097
X21206.218,21206-218,O00165,HAX1,HCLS1-associated protein X-1,GCST90423951,5bea44a5cb33eb89a3a6634a6eebe637
X21207.1,21207-1,Q13057,COASY,Bifunctional coenzyme A synthase,GCST90423952,69f67320a4502fa58aa9e38916f96321
X21208.163,21208-163,Q15744,CEBPE,CCAAT/enhancer-binding protein epsilon,GCST90423953,43a5bae844192380f1284cc21f0c9e2e
X21210.33,21210-33,P06746,POLB,DNA polymerase beta,GCST90423954,27d3c4175383162246e13f9c7f9dea6d
X21217.20,21217-20,Q99623,PHB2,Prohibitin-2,GCST90423955,8ee0c34049ddb484f1efcee6f02d53ed
X21219.7,21219-7,Q86UA6,RPAIN,RPA-interacting protein,GCST90423956,33bf19581bb328c5a3bf1f1da4e967a2
X21220.11,21220-11,Q9Y6B6,SAR1B,GTP-binding protein SAR1b,GCST90423957,9d1fff7d2a1535ad32aa6d95aad50224
X21221.67,21221-67,P50453,SERPINB9,Serpin B9,GCST90423958,e742c4af47fe67caef7eacd5753130aa
X21227.18,21227-18,P50225,SULT1A1,SULT 1A1*2,GCST90423959,09a0ef0e62e10f90382b8b56ea2f1c9f
X21229.5,21229-5,Q96BF3,TMIGD2,Transmembrane and immunoglobulin domain-containing protein 2,GCST90423960,3e83eb269b0d1079387165cd842bbf3d
X21231.3,21231-3,P30532,CHRNA5,Neuronal acetylcholine receptor subunit alpha-5,GCST90423961,6e25d774d29dbec94a8ab6a6055c2830
X21232.39,21232-39,P07288,KLK3,Benign Prostate specific Antigen,GCST90423962,9b5e81f17601a5eb2f80861ca4daacb5
X21234.7,21234-7,Q8WXK3,ASB13,Ankyrin repeat and SOCS box protein 13,GCST90423963,e607efa15177c7338cc66a72f5a20377
X21235.11,21235-11,O15131,KPNA5,Importin subunit alpha-6,GCST90423964,a3cd7805953e4a1b2eb6f0b2cbdee872
X21236.12,21236-12,Q9BVK6,TMED9,Transmembrane emp24 domain-containing protein 9,GCST90423965,7e51cf568add9e7e155f4c2707afa870
X21237.24,21237-24,Q9UM07,PADI4,Protein-arginine deiminase type-4,GCST90423966,9c1f1b22ca02bceedd7afb1d87cf00b3
X21238.40,21238-40,Q96JB5,CDK5RAP3,CDK5 regulatory subunit-associated protein 3,GCST90423967,0b9577e5839706596cdef7040d4357eb
X21239.31,21239-31,Q15438,CYTH1,Cytohesin-1,GCST90423968,d0847fb95839afaa05bd794d2d2e47a6
X21240.6,21240-6,P48728,AMT,"Aminomethyltransferase, mitochondrial",GCST90423969,a27ebc41064490df27f6c256e19fd1de
X21241.1,21241-1,Q93015,NAA80,N-acetyltransferase 6,GCST90423970,41d4003fbc4b22f88046b4421cac2c4f
X21244.57,21244-57,P06748,NPM1,Nucleophosmin,GCST90423971,7b626a06a5acf99577a6605430f6b7e7
X21247.16,21247-16,Q00266,MAT1A,S-adenosylmethionine synthase isoform type-1,GCST90423972,5cfdb81f85f939900ba12d804adbda8e
X21249.115,21249-115,O00273,DFFA,DNA fragmentation factor subunit alpha,GCST90423973,68f78ddc0e98779712955c09a05ef69e
X21255.2,21255-2,O15492,RGS16,Regulator of G-protein signaling 16,GCST90423974,4c71a6ace4950253fa0e351950c4e710
X21260.74,21260-74,P62304,SNRPE,Small nuclear ribonucleoprotein E,GCST90423975,ed61dcc9db65028822dee3dcd32dd8fa
X21269.198,21269-198,P34913,EPHX2,Epoxide hydrolase 2,GCST90423976,b1ff1703462f081a734f4a3eb57c5b92
X21271.53,21271-53,P52895,AKR1C2,Aldo-keto reductase family 1 member C2,GCST90423977,6d05cb07d93386844205ff2dbfd87e69
X21272.100,21272-100,Q9Y224,RTRAF,UPF0568 protein C14orf166,GCST90423978,652385cd1b925490638e5c07c338c944
X21276.11,21276-11,O43490,PROM1,CD133 antigen,GCST90423979,cc81ee9862a91d2db23784380c1a6662
X21280.13,21280-13,Q99576,TSC22D3,TSC22 domain family protein 3,GCST90423980,07c493d92f01caf83bb32a2649628486
X21281.13,21281-13,Q96S95,CAMK2N2,Calcium/calmodulin-dependent protein kinase II inhibitor 2,GCST90423981,c5a54991e91a4ac6e99c3d3af09671ca
X21282.21,21282-21,Q15025,TNIP1,TNFAIP3-interacting protein 1,GCST90423982,9de4208f5d27c6fc6c29eb73482d6671
X21286.29,21286-29,P62913,RPL11,60S ribosomal protein L11,GCST90423983,69d413bfdf492917b1aa095d0b6728a5
X21289.36,21289-36,O75391,SPAG7,Sperm-associated antigen 7,GCST90423984,c80aacd1809aeeb5d6f0c13c027a6cd7
X21290.66,21290-66,O60921,HUS1,Checkpoint protein HUS1,GCST90423985,d8e35e58dd94b516fe70beffe86897de
X21306.7,21306-7,Q96CS2,HAUS1,HAUS augmin-like complex subunit 1,GCST90423986,fd56ae5fba90dec92dbc4185e773b0ec
X21308.44,21308-44,Q9BTZ2,DHRS4,Dehydrogenase/reductase SDR family member 4,GCST90423987,ec6d8b48caac78dfa87a8d6174efb858
X21310.37,21310-37,Q9UKD2,MRTO4,mRNA turnover protein 4 homolog,GCST90423988,2bd35e5a7f797be8e4cd8a60796cb9c3
X21311.22,21311-22,Q8WYK2,JDP2,Jun dimerization protein 2,GCST90423989,fc3cebb6f20cb1ef812889429305f96a
X21314.11,21314-11,Q9GZZ9,UBA5,Ubiquitin-like modifier-activating enzyme 5,GCST90423990,94b0506bd013e08ac92cf932c2a356ce
X21317.25,21317-25,Q9NYS0,NKIRAS1,NF-kappa-B inhibitor-interacting Ras-like protein 1,GCST90423991,6a15b50f617278cd5b0e8498879ac9f7
X21319.196,21319-196,Q6IN84,MRM1,"rRNA methyltransferase 1, mitochondrial",GCST90423992,2c80b960405930d32391a6fadde0e614
X21321.2,21321-2,P09661,SNRPA1,U2 small nuclear ribonucleoprotein AAE,GCST90423993,c4cf493d7576c6d8aa7bcd37dcb2bef0
X21322.60,21322-60,P29084,GTF2E2,Transcription initiation factor IIE subunit beta,GCST90423994,942ed26fc1431f9598078fb338f76309
X21323.2,21323-2,Q9H446,RWDD1,RWD domain-containing protein 1,GCST90423995,f324d17ea0bf024d71d9ed50b47ff9ca
X21326.28,21326-28,Q15814,TBCC,Tubulin-specific chaperone C,GCST90423996,9448b53ed5289a97ace0ce2f5bf55f6b
X21327.12,21327-12,Q9BWK5,CYREN,Modulator of retrovirus infection homolog,GCST90423997,0b8a0ac2fc1cb9e17b5d6586c80c38c9
X21328.2,21328-2,P21579,SYT1,Synaptotagmin-1,GCST90423998,94e69721c6101ea5961e5ccaecbdc260
X21329.66,21329-66,Q8TCD6,PHOSPHO2,Pyridoxal phosphate phosphatase PHOSPHO2,GCST90423999,63be2f98d72e5bfd5a61cd1ada190a1e
X21330.13,21330-13,Q9Y2Z4,YARS2,"Tyrosyl-tRNA synthetase, mitochondrial",GCST90424000,b461a6f63e4d836ebfcc35592ecd0797
X21331.19,21331-19,Q4VC05,BCL7A,B-cell CLL/lymphoma 7 protein family member A,GCST90424001,f058834b0ec4d4f85d10943a6cb219eb
X21338.44,21338-44,Q9H173,SIL1,Nucleotide exchange factor SIL1,GCST90424002,9acd07124acd27156ea041c6602e2555
X21339.19,21339-19,Q8TD30,GPT2,Alanine aminotransferase 2,GCST90424003,5ce123a62ff122e16497935e4509f4f4
X21340.38,21340-38,Q16534,HLF,Hepatic leukemia factor,GCST90424004,425d5c241cd26408a0de8a6c1b1637e4
X21341.19,21341-19,Q9BY43,CHMP4A,Charged multivesicular body protein 4a,GCST90424005,7607a9c6fc45e60d822228136ffc0874
X21342.25,21342-25,O43566,RGS14,Regulator of G-protein signaling 14,GCST90424006,0f338ec80e438d8d11512225a8f375b0
X21343.3,21343-3,Q7LC44,ARC,Activity-regulated cytoskeleton-associated protein,GCST90424007,4ea34dbc11f3e00da4a43a0b1b8237a5
X21344.31,21344-31,Q8WVM0,TFB1M,"Dimethyladenosine transferase 1, mitochondrial",GCST90424008,f25e4787b27e38bec46ba5e01d5992e8
X21345.93,21345-93,Q96NR8,RDH12,Retinol dehydrogenase 12,GCST90424009,4ebebe987cabb29385e4159605b03331
X21346.71,21346-71,Q02127,DHODH,"Dihydroorotate dehydrogenase (quinone), mitochondrial",GCST90424010,df58c821772693dfacbe39c34cb8cac1
X21348.22,21348-22,Q86TN4,TRPT1,tRNA 2'-phosphotransferase 1,GCST90424011,9719d6615397db3ada25b92292a34cfb
X21349.2,21349-2,Q8WUJ0,STYX,Serine/threonine/tyrosine-interacting protein,GCST90424012,7a1368e95714a6071cc9dc852b12dca1
X21350.29,21350-29,Q6ZN17,LIN28B,Protein lin-28 homolog B,GCST90424013,660098f20089fc10a79c51b74f74e5d6
X21351.8,21351-8,P41250,GARS1,Glycyl t-RNA synthetase,GCST90424014,8936d02b10f22cab3a2421a671d7cd89
X21354.92,21354-92,Q96BW1,UPRT,Uracil phosphoribosyltransferase homolog,GCST90424015,1c1fbdd4c9f7c904286bbf3f3601cffc
X21355.4,21355-4,P22415,USF1,Upstream stimulatory factor 1,GCST90424016,d00337576a077138fe5eeedbb13e523a
X21356.6,21356-6,Q9BPU9,B9D2,B9 domain-containing protein 2,GCST90424017,4cdc82b0422ef6bf3272f99ba78834f7
X21357.12,21357-12,Q8WUP2,FBLIM1,Filamin-binding LIM protein 1,GCST90424018,3c0556e3c0cea50af0291f70866c99c4
X21359.17,21359-17,Q16612,NREP,Neuronal regeneration-related protein,GCST90424019,ee5ef1cdcb7ef562b2eca0ffcc5ffb40
X21360.27,21360-27,Q5M775,SPECC1,Sperm antigen with calponin homology and coiled-coil domains 1,GCST90424020,2d942a51178b840f01c0cf3a47395e18
X21361.8,21361-8,Q6F5E7,TXNRD3NB,Protein TXNRD3NB,GCST90424021,dd2fa11b6bcc8f7433c891c194ac7377
X21365.5,21365-5,O43739,CYTH3,Cytohesin-3,GCST90424022,d4b24f33799093cd33ed9776a4f76daf
X21366.7,21366-7,Q96DH6,MSI2,RNA-binding protein Musashi homolog 2,GCST90424023,32e38b3cdab4954f4750762ba845416a
X21367.63,21367-63,Q96F24,NRBF2,Nuclear receptor-binding factor 2,GCST90424024,7a7fc60e6d24ee1ad7a9c7c59feda152
X21368.46,21368-46,Q9Y2Y1,POLR3K,DNA-directed RNA polymerase III subunit RPC10,GCST90424025,ea922af4d3ccfcec0078d422f6a78876
X21369.15,21369-15,O00442,RTCA,RNA 3'-terminal phosphate cyclase,GCST90424026,6f8a95ede35a5956e341cc5191625c43
X21370.45,21370-45,Q96BD8,SKA1,Spindle and kinetochore-associated protein 1,GCST90424027,63f1f97c26eb32ab488bb383d35c7bad
X21371.12,21371-12,Q8IUF8,RIOX2,Bifunctional lysine-specific demethylase and histidyl-hydroxylase MINA,GCST90424028,0fc3a4e15d94d47e134f520191e9c607
X21373.8,21373-8,Q9H974,QTRT2,Queuine tRNA-ribosyltransferase subunit QTRTD1,GCST90424029,ba7428d11f024882cf5df430496e17d2
X21375.34,21375-34,Q8TBN0,RAB3IL1,Guanine nucleotide exchange factor for Rab-3A,GCST90424030,6baed97fc59c1f104949a04a9b4c1795
X21378.7,21378-7,Q8TCS8,PNPT1,"Polyribonucleotide nucleotidyltransferase 1, mitochondrial",GCST90424031,12a880cb1fc954f07ac1062b3548af94
X21379.30,21379-30,Q9NVF9,ETNK2,Ethanolamine kinase 2,GCST90424032,9057a18243d7d039d2f5be6be66d8f08
X21380.77,21380-77,Q9BXR0,QTRT1,Queuine tRNA-ribosyltransferase,GCST90424033,1f52bf6767d10dd0643fe97871b129b9
X21381.73,21381-73,Q9NU19,TBC1D22B,TBC1 domain family member 22B,GCST90424034,8b79e04fbe33c573aa2d78c3328c88b8
X21382.70,21382-70,Q9H777,ELAC1,Zinc phosphodiesterase ELAC protein 1,GCST90424035,2b72fc37fad30cbb82dc2c820a4c1b07
X21383.37,21383-37,O43776,NARS1,"Asparaginyl-tRNA synthetase, cytoplasmic",GCST90424036,6d384f231e6b0884875c432d5c6c206d
X21384.2,21384-2,P04066,FUCA1,Alpha-L-fucoside fucohydrolase,GCST90424037,b7801967571221a016289efd09a48718
X21385.5,21385-5,Q9H156,SLITRK2,SLIT and NTRK-like protein 2,GCST90424038,8635e86ef87df0acc7c4e11fa404bb24
X21387.64,21387-64,Q16819,MEP1A,Meprin A subunit alpha,GCST90424039,ce9ab1cc5a1c7cedbe86aa3ab7340717
X21389.32,21389-32,Q13188,STK3,Serine/threonine-protein kinase 3,GCST90424040,8c4f4b939f3f070ba3365c060df30d58
X21390.68,21390-68,P40126,DCT,L-dopachrome tautomerase,GCST90424041,a90a80ebd83a6b9e36b7103294272046
X21391.17,21391-17,P0DN86,CGB3,Choriogonadotropin subunit beta 3,GCST90424042,0bc9e706dd870191a8d481a83e8dcd6c
X21392.15,21392-15,Q9Y5V3,MAGED1,Melanoma-associated antigen D1,GCST90424043,c58f33583b22f5d1f8982b85d6ab5019
X21393.62,21393-62,P23526,AHCY,Adenosylhomocysteinase,GCST90424044,7bbfea9771a37774aea00e7efe45fde4
X21395.23,21395-23,O14917,PCDH17,Protocadherin-17,GCST90424045,fba84cb7da0f3ec07abdce235ebb69d3
X21397.21,21397-21,Q2VWP7,PRTG,Protogenin,GCST90424046,a83d669bf7e1aa5174934a80764a719d
X21403.39,21403-39,P49815,TSC2,Tuberin,GCST90424047,183522242e96c5c534ffeae5e4170e06
X21406.25,21406-25,Q16584,MAP3K11,Mitogen-activated protein kinase kinase kinase 11,GCST90424048,0be438fb41558bdafbe69a5a80699a10
X21429.50,21429-50,P52888,THOP1,Thimet oligopeptidase,GCST90424049,1cddce55e2bbfcf5bec16d228b160c90
X21430.4,21430-4,P47712,PLA2G4A,Cytosolic phospholipase A2 alpha,GCST90424050,e34605774084bc75814549c12aac5075
X21433.3,21433-3,P78410,BTN3A2,Butyrophilin subfamily 3 member A2,GCST90424051,25ed6eca456946d920cee06f7a2c3661
X21435.143,21435-143,P78362,SRPK2,Serine/threonine-protein kinase SRPK2,GCST90424052,85d1e68b6179c8d5bb373b8a047930d0
X21436.56,21436-56,Q8WYN0,ATG4A,Cysteine protease ATG4A,GCST90424053,11f59349261d3e1700327d7c01122275
X21437.77,21437-77,P16455,MGMT,Methylated-DNA--protein-cysteine methyltransferase,GCST90424054,9eb820d0f0ac74f6a494b0ef5da63234
X21438.45,21438-45,Q9C035,TRIM5,Tripartite motif-containing protein 5,GCST90424055,75c6e455d883e8376d0cf8bdf6d87a7e
X21439.37,21439-37,P14317,HCLS1,Hematopoietic lineage cell-specific protein,GCST90424056,d69bb463ba55c28e6320b6f798c60f2f
X21440.9,21440-9,P78325,ADAM8,ADAM 8,GCST90424057,7d243091bdc6b7b32f6f1f3d5084a73b
X21441.20,21441-20,P17643,TYRP1,gp75,GCST90424058,ddc9819060074f13c1106a9bb32c5b02
X21450.333,21450-333,Q92851,CASP10,Caspase-10:region 2,GCST90424059,ac50b60df2749fb2086d10f20f67b872
X21452.3,21452-3,O00429,DNM1L,Dynamin-1-like protein,GCST90424060,6bfaba9a2c2ad50c4337a7c27b3e74fc
X21457.141,21457-141,Q96MF6,COQ10A,"Coenzyme Q-binding protein COQ10 homolog A, mitochondrial",GCST90424061,e984ff7f71932e1ade5d60113789099e
X21475.137,21475-137,O43396,TXNL1,Thioredoxin-like protein 1,GCST90424062,662b40338c32451f1e7fffe1bbc7100b
X21476.43,21476-43,Q969S2,NEIL2,Endonuclease 8-like 2,GCST90424063,cb0adbb6f97caaaa9b043930c8c50f1c
X21477.105,21477-105,Q7L5Y9,MAEA,Macrophage erythroblast attacher,GCST90424064,6b63aa855bef8769678bdb2e8124963f
X21478.20,21478-20,Q99717,SMAD5,SMAD5,GCST90424065,f2dea44ba437785a2cbb3586d09a1625
X21480.2,21480-2,P27701,CD82,CD82 antigen,GCST90424066,6ba24bd130c1d0aa915f834b02115bc2
X21483.155,21483-155,P10644,PRKAR1A,cAMP-dependent protein kinase type I-alpha regulatory subunit,GCST90424067,52820eb5897d931d8678b9993d540fa8
X21487.20,21487-20,Q9UL45,BLOC1S6,Biogenesis of lysosome-related organelles complex 1 subunit 6,GCST90424068,dbde106264437ff3fc6fc326c941954a
X21491.7,21491-7,Q16853,AOC3,Vascular adhesion protein-1,GCST90424069,1fc0be694c47ac26a670cc71473b9f08
X21492.19,21492-19,Q15846,CLUL1,Clusterin-like protein 1,GCST90424070,a002e2691b6aa4fde6aa07152a336575
X21495.134,21495-134,O15354,GPR37,Prosaposin receptor GPR37,GCST90424071,2cd2c35d2b3c5667f855a539b6441e20
X21497.32,21497-32,Q9Y4L1,HYOU1,Hypoxia up-regulated protein 1,GCST90424072,00fe45a7d9bcf8624d875e85f55e83c1
X21498.3,21498-3,P49419,ALDH7A1,Alpha-aminoadipic semialdehyde dehydrogenase,GCST90424073,1f366afcc98c4c3fbe6c1c9cf7038ddd
X21499.17,21499-17,Q99807,COQ7,"5-demethoxyubiquinone hydroxylase, mitochondrial",GCST90424074,bdaf20486aba12ff9b74125f337b4a06
X21503.12,21503-12,P16473,TSHR,Thyrotropin receptor,GCST90424075,db594719c5e254e826e1931ea758052a
X21504.41,21504-41,Q9UKV8,AGO2,Eukaryotic translation initiation factor 2C 2,GCST90424076,8547e536258373989a675c482c12ef7f
X21507.48,21507-48,Q9NX08,COMMD8,COMM domain-containing protein 8,GCST90424077,d5263246db8ab2e1b44156a65458d95d
X21508.7,21508-7,Q92185,ST8SIA1,"Alpha-N-acetylneuraminide alpha-2,8-sialyltransferase",GCST90424078,bbf29ccc9672bf25131a0d67b467701f
X21509.29,21509-29,Q9H1C3,GLT8D2,Glycosyltransferase 8 domain-containing protein 2,GCST90424079,ad1ee6ee1c0dca3ba286ca0abc3eb83d
X21510.24,21510-24,P34947,GRK5,G protein-coupled receptor kinase 5,GCST90424080,719ae7c37e86a6e248ea7cf830aebbab
X21512.6,21512-6,Q9BV94,EDEM2,ER degradation-enhancing alpha-mannosidase-like 2,GCST90424081,10981fac92e6447452fc28f805c992c3
X21513.1,21513-1,P55210,CASP7,Caspase-7,GCST90424082,8a7ad993c1cb71cb2024b4d1cc9c8468
X21514.1,21514-1,P13224,GP1BB,Platelet glycoprotein Ib beta chain,GCST90424083,716bd1661ae42444954f02c1894df75a
X21515.61,21515-61,Q86V21,AACS,Acetoacetyl-CoA synthetase,GCST90424084,d9bd73ee0393fd4631d1efd2760a0ff1
X21521.17,21521-17,P17752,TPH1,Tryptophan 5-hydroxylase 1,GCST90424085,c8e55c8c1f6ac3c8403c56cf64b95e90
X21523.71,21523-71,Q9H0C8,ILKAP,Integrin-linked kinase-associated serine/threonine phosphatase 2C,GCST90424086,2e8f453f3191c5a7658bf434967712af
X21524.14,21524-14,P45974,USP5,Ubiquitin carboxyl-terminal hydrolase 5,GCST90424087,2751f7139e76e27c7ec8420cfbef6d2c
X21526.88,21526-88,Q8IYV9,IZUMO1,Izumo sperm-egg fusion protein 1,GCST90424088,1e04d080209d0d52bb2e96d30164cd52
X21528.12,21528-12,Q96LC9,BMF,Bcl-2-modifying factor,GCST90424089,a4ce4214bb3c57190c9d936b5e16090b
X21529.6,21529-6,P57075,UBASH3A,Ubiquitin-associated and SH3 domain-containing protein A,GCST90424090,8244d280a71a7799e4d1d19b66a62273
X21533.51,21533-51,P33241,LSP1,Lymphocyte-specific protein 1,GCST90424091,cf69685311624bf31cff685e8db552c9
X21536.65,21536-65,Q8WVH0,CPLX3,Complexin-3,GCST90424092,0dd4196061d69ee37ea13e026d08e8d9
X21537.33,21537-33,Q96I15,SCLY,Selenocysteine lyase,GCST90424093,07ea09d22e999826b9880319177997ee
X21539.139,21539-139,Q5T7P8,SYT6,Synaptotagmin-6,GCST90424094,87de82ba20494055dbc3c8bb3e374adc
X21540.73,21540-73,Q9UBW5,BIN2,Bridging integrator 2,GCST90424095,0476a836d8db12ec8a2815572b8a7461
X21544.4,21544-4,Q6DD88,ATL3,Atlastin-3,GCST90424096,54dddd24009f399b8e3aa4391a56b165
X21545.51,21545-51,Q8IVN3,MUSTN1,Musculoskeletal embryonic nuclear protein 1,GCST90424097,a9fd7b5fc9842135fa53e8738b0fdfda
X21546.20,21546-20,Q6QNK2,ADGRD1,Adhesion G-protein coupled receptor D1,GCST90424098,337a277241a3801851804626d09ce496
X21547.6,21547-6,Q8IXL6,FAM20C,Dentin matrix protein 4,GCST90424099,65cdfb293d38245edc038b6131e581a4
X21548.20,21548-20,P36269,GGT5,Gamma-glutamyltransferase 5,GCST90424100,ebf41ccce544abeb400af821590f2a16
X21549.144,21549-144,Q96PL2,TECTB,Beta-tectorin,GCST90424101,6e92a729b5251a359017b82fe26facf6
X21552.9,21552-9,Q15067,ACOX1,Peroxisomal acyl-coenzyme A oxidase 1,GCST90424102,155ef1cb61a4218839971c95406c4847
X21555.17,21555-17,P98173,FAM3A,Protein FAM3A,GCST90424103,51ff2d52ff2558d70400059f9815c953
X21562.3,21562-3,O95968,SCGB1D1,Secretoglobin family 1D member 1,GCST90424104,158706b1c5c4ce454e52a51dd34c1938
X21563.3,21563-3,Q9BZM1,PLA2G12A,sPLA(2)-XII,GCST90424105,e4d217c9dd50025226bd6b1ced522123
X21567.214,21567-214,Q9BXJ3,C1QTNF4,Complement C1q tumor necrosis factor-related protein 4,GCST90424106,031570af1431b065111a0a7f5bb97553
X21569.49,21569-49,O94804,STK10,Serine/threonine kinase 10,GCST90424107,6a5bfd16d43043439079abcee1d4e0a6
X21572.91,21572-91,Q9H1B5,XYLT2,Xylosyltransferase 2,GCST90424108,1d664d148b5c5712633613fa148942e2
X21577.35,21577-35,Q13451,FKBP5,FK506-binding protein 5,GCST90424109,7a6f198e91d600d4a60af3ff65f22c12
X21579.35,21579-35,Q14896,MYBPC3,"Myosin-binding protein C, cardiac-type",GCST90424110,cc4adfeaa65c9ad03c2517e5d8f337f5
X21583.14,21583-14,Q9UNX3,RPL26L1,60S ribosomal protein L26-like 1,GCST90424111,690eec4dd439b13c17f8da9c6d094c75
X21588.4,21588-4,Q8WVF5,KCTD4,BTB/POZ domain-containing protein KCTD4,GCST90424112,93a9c9c0fc790b72e6591d64e3bfeca0
X21589.80,21589-80,Q7L190,DPPA4,Developmental pluripotency-associated protein 4,GCST90424113,4841ea89722997f455b46c7c2108f3ec
X21590.9,21590-9,Q9H9E1,ANKRA2,Ankyrin repeat family A protein 2,GCST90424114,d6ccb957add153a947190b274df61b53
X21592.8,21592-8,Q9H227,GBA3,Cytosolic beta-glucosidase,GCST90424115,30314078f0fc3bd09ec047f65be7f645
X21595.8,21595-8,Q96MW1,CCDC43,Coiled-coil domain-containing protein 43,GCST90424116,de779322e5cab14d3ad859246f278459
X21599.6,21599-6,P32929,CTH,Cystathionine gamma-lyase,GCST90424117,290090478381ab552f66d04d9d4df96f
X21600.10,21600-10,Q9NSA3,CTNNBIP1,Beta-catenin-interacting protein 1,GCST90424118,5ff957bee7cf7223977ef839442f0882
X21604.2,21604-2,O60888,CUTA,Protein CutA,GCST90424119,11b9a2b05479be8323094f202516098d
X21614.2,21614-2,Q8WXD5,GEMIN6,Gem-associated protein 6,GCST90424120,5b0217670227fda2a8ff69d62d18ec91
X21624.64,21624-64,Q9NYR9,NKIRAS2,NF-kappa-B inhibitor-interacting Ras-like protein 2,GCST90424121,3ead8c5ad824d71dacaee82891040abe
X21628.6,21628-6,O43324,EEF1E1,Eukaryotic translation elongation factor 1 epsilon-1,GCST90424122,da5679f1842bfd0b746749622ede18cb
X21636.63,21636-63,P52298,NCBP2,Nuclear cap-binding protein subunit 2,GCST90424123,1ff7d4bfa21a0b7be0927c1948254ce9
X21638.5,21638-5,Q9H2H8,PPIL3,Peptidyl-prolyl cis-trans isomerase-like 3,GCST90424124,d012d3a70661a7998c11c57c7c87fd59
X21643.8,21643-8,P60866,RPS20,40S ribosomal protein S20,GCST90424125,f3fa48590fba5317963204cc0eb4b3b7
X21645.6,21645-6,Q8TAD8,SNIP1,Smad nuclear-interacting protein 1,GCST90424126,2b3e160790e002d7045273a73d01012d
X21647.9,21647-9,P19623,SRM,Spermidine synthase,GCST90424127,8958c9b361a5a19a2b336c8e74891191
X21649.12,21649-12,P56962,STX17,Syntaxin-17,GCST90424128,4b27d2fd8837f592db9c924d90772ebb
X21651.9,21651-9,P83876,TXNL4A,Thioredoxin-like protein 4A,GCST90424129,23bc4882b6d4354a922a496576ecc9fc
X21653.205,21653-205,Q9BTM9,URM1,Ubiquitin-related modifier 1,GCST90424130,5c8634d69cc1909bac8dbd6672c58cb0
X21655.18,21655-18,Q96NB1,CEP20,LisH domain-containing protein FOPNL,GCST90424131,ed558dd41bb4a19aac80322852823260
X21658.15,21658-15,Q99623,PHB2,Prohibitin-2,GCST90424132,73608e7b17251560d64cad8417a0603e
X21660.4,21660-4,Q9Y6B6,SAR1B,GTP-binding protein SAR1b,GCST90424133,9fd502eea3be0134eff7857f9dc1287b
X21661.82,21661-82,Q8IXL6,FAM20C,Dentin matrix protein 4,GCST90424134,e98cfd0d737bd684d90489094708d7c9
X21662.121,21662-121,O43781,DYRK3,Dual specificity tyrosine-phosphorylation-regulated kinase 3,GCST90424135,d56ea7e2eb9bab28618eb14ea74c5918
X21663.149,21663-149,Q92185,ST8SIA1,"Alpha-N-acetylneuraminide alpha-2,8-sialyltransferase",GCST90424136,0c49b70464509fc0f79424b94528cf98
X21664.6,21664-6,O75367,MACROH2A1,Core histone macro-H2A.1,GCST90424137,de7232dcf30016f2f8c1dd64bdbda352
X21667.57,21667-57,Q01064,PDE1B,"Calcium/calmodulin-dependent 3',5'-cyclic nucleotide phosphodiesterase 1B",GCST90424138,131ba68d2bb6e5a2443d52031046512f
X21670.52,21670-52,O00308,WWP2,NEDD4-like E3 ubiquitin-protein ligase WWP2,GCST90424139,46402da9d01f9df7ddf58707da17d287
X21674.132,21674-132,Q13410,BTN1A1,Butyrophilin subfamily 1 member A1,GCST90424140,49503cd28a3ff2cb6af909117e39039e
X21676.17,21676-17,P05120,SERPINB2,PAI-2,GCST90424141,2daa31686a241e34d5bedf5626d50446
X21679.16,21679-16,Q9HBT6,CDH20,Cadherin-20,GCST90424142,148877b85569d97a58f4fea59c2bed26
X21681.10,21681-10,Q9UKQ2,ADAM28,ADAM 28,GCST90424143,3505562b6d79dfa3d2a7dbc995ec0b39
X21685.29,21685-29,P43146,DCC,DCC,GCST90424144,f653d7c721dc16d793675210306d3dc3
X21687.3,21687-3,Q5R3F8,ELFN2,Protein phosphatase 1 regulatory subunit 29,GCST90424145,1464478c85045500db092f4a67350076
X21688.50,21688-50,P13612|P05556,ITGA4|ITGB1,Very Late Antigen-4,GCST90424146,b8cbfdfd78aafd6e4d6bb57394506881
X21690.31,21690-31,Q9HBW1,LRRC4,Leucine-rich repeat-containing protein 4,GCST90424147,542abd79539f1e11f89f264e0ca021cd
X21691.27,21691-27,Q9BTN0,LRFN3,Leucine-rich repeat and fibronectin type-III domain-containing protein 3,GCST90424148,ee1c401652bcdc3d11f2dedc99f6998e
X21692.12,21692-12,P01732|P10966,CD8A|CD8B,CD8A/CD8B Complex,GCST90424149,9c48fa3cb9e232461e73c449e8ae2727
X21696.80,21696-80,Q6PJG9,LRFN4,Leucine-rich repeat and fibronectin type-III domain-containing protein 4,GCST90424150,98992f1f6a74d8228bd87190c7884aca
X21697.57,21697-57,Q8IZF7,ADGRF2,Adhesion G-protein coupled receptor F2,GCST90424151,f8a153d4832aaa42a1b85aa382aab0ef
X21698.11,21698-11,Q9UKX5|P05556,ITGA11|ITGB1,Integrin a11b1,GCST90424152,ec1785967215c9b08cb2c4716b5a4145
X21705.33,21705-33,Q641Q3,METRNL,Meteorin-like protein,GCST90424153,8e2f0fa9ce43ebbb66419f1cecb5d992
X21706.29,21706-29,O75019,LILRA1,Leukocyte immunoglobulin-like receptor subfamily A member 1,GCST90424154,797e9d0d796ec4aef42a60003a636da2
X21707.15,21707-15,Q5VWW1,C1QL3,Complement C1q-like protein 3,GCST90424155,94246e7533a66e966f667ba798d8428e
X21708.149,21708-149,P55899,FCGRT,IgG receptor FcRn large subunit p51,GCST90424156,6df26719e4d1300c8f919ae23d6d6b95
X21710.16,21710-16,Q8NFZ3,NLGN4Y,"Neuroligin-4, Y-linked",GCST90424157,75910c655bcd00ff4766a510f73c785e
X21711.86,21711-86,O14514,ADGRB1,Brain-specific angiogenesis inhibitor 1,GCST90424158,073897886e53f372bd9a987290c66e98
X21713.11,21713-11,P78509,RELN,Reelin,GCST90424159,a6b009c8a065555a59d7815ba3c154d7
X21715.40,21715-40,Q9P0U3,SENP1,Sentrin-specific protease 1,GCST90424160,575f1d269db4788a5e1e70ca98e8ba34
X21716.29,21716-29,Q11130,FUT7,"Alpha-(1,3)-fucosyltransferase",GCST90424161,80a977ae16788a7e4d57bd2a84e85c0e
X21717.44,21717-44,Q8WVN8,UBE2Q2,Ubiquitin-conjugating enzyme E2 Q2,GCST90424162,040b2a3144dfc42448349c76ca7d233b
X21718.150,21718-150,Q2M3T9,HYAL4,Hyaluronidase-4,GCST90424163,a658e56255f5aa00ebbd000d5b089bce
X21720.13,21720-13,Q495W5,FUT11,"Alpha-(1,3)-fucosyltransferase 11",GCST90424164,3fc8d4c5f359529c6c9a4a594c7ca037
X21721.6,21721-6,O43529,CHST10,Carbohydrate sulfotransferase 10,GCST90424165,877e31e65a34fd0a9bc3c78fe2c1534f
X21722.21,21722-21,Q8N4A0,GALNT4,Polypeptide N-acetylgalactosaminyltransferase 4,GCST90424166,9963ec2186551ab8ef867d12f64d5efd
X21724.22,21724-22,P34059,GALNS,N-acetylgalactosamine-6-sulfatase,GCST90424167,900f1b78d40a3eb339fb4d960c87f21a
X21726.73,21726-73,Q9H4F1,ST6GALNAC4,"Alpha-N-acetyl-neuraminyl-2,3-beta-galactosyl-1,3-N-acetyl-galactosaminide alpha-2,6-sialyltransferase",GCST90424168,141eb98dc64cdce2765a8be099b262a3
X21727.15,21727-15,Q7Z7E8,UBE2Q1,Ubiquitin-conjugating enzyme E2 Q1,GCST90424169,df83188b942c2fe0a8f01aa14e4bb9be
X21728.4,21728-4,O75604,USP2,Ubiquitin carboxyl-terminal hydrolase 2,GCST90424170,316e76b51d9e12d29cdd46e0a01c5eb3
X21730.56,21730-56,O94966,USP19,Ubiquitin carboxyl-terminal hydrolase 19,GCST90424171,6a1239a9915168d772face394aa34d42
X21732.78,21732-78,Q7Z7E8,UBE2Q1,Ubiquitin-conjugating enzyme E2 Q1,GCST90424172,0a42ecc3aa21d9ca496fe0cc8f7c2df1
X21733.11,21733-11,O15294,OGT,UDP-N-acetylglucosamine--peptide N-acetylglucosaminyltransferase 110 kDa subunit,GCST90424173,fcf6d927b62c99bbe590a245cca07fc4
X21734.36,21734-36,Q9NS00|Q96EU7,C1GALT1|C1GALT1C1,C1GLT/C1GLC Complex,GCST90424174,6b453e357e29a8ebf58745cb9be59e57
X21736.60,21736-60,Q7LGA3,HS2ST1,Heparan sulfate 2-O-sulfotransferase 1,GCST90424175,0eb6a3d7c6db0e79c3374fac8c596059
X21737.20,21737-20,Q96JF0,ST6GAL2,"Beta-galactoside alpha-2,6-sialyltransferase 2",GCST90424176,d7fb771c029d4818fba3e340d3f8b5a4
X21739.7,21739-7,Q9Y223,GNE,Bifunctional UDP-N-acetylglucosamine 2-epimerase/N-acetylmannosamine kinase,GCST90424177,6119257448c0d015db34a62841fa2ed0
X21740.26,21740-26,O94782,USP1,Ubiquitin carboxyl-terminal hydrolase 1,GCST90424178,732a952bdc8841813c3458b758604329
X21742.43,21742-43,Q6GQQ9,OTUD7B,OTU domain-containing protein 7B,GCST90424179,9f0bfef81e41c033f572278d8d2dc3ba
X21743.1,21743-1,Q8TAF3,WDR48,WD repeat-containing protein 48,GCST90424180,c2c9bd075f285409396edfdcf51a1d88
X21746.13,21746-13,Q14694,USP10,Ubiquitin carboxyl-terminal hydrolase 10,GCST90424181,b667c6787b15c5eb624d56d11c743424
X21747.114,21747-114,P61088|Q13404,UBE2N|UBE2V1,UBE2N (Ubc13)/Uev1a Complex,GCST90424182,f91a136e5ae2883a9f70b010c900d1a0
X21747.8,21747-8,P61088|Q13404,UBE2N|UBE2V1,UBE2N (Ubc13)/Uev1a Complex,GCST90424183,9d42221352e13dc34b4f756c0aa7b1ba
X21748.36,21748-36,P62068|Q8TAF3,USP46|WDR48,UBP46/WDR48 Complex,GCST90424184,70562e3df9c1f1479567c7ecf859b101
X21750.25,21750-25,Q92560,BAP1,Ubiquitin carboxyl-terminal hydrolase BAP1,GCST90424185,86684e159ab3285b8b8d97d646409349
X21752.10,21752-10,Q8IXI2,RHOT1,Mitochondrial Rho GTPase 1,GCST90424186,619c2e397c1f76d7013b2f804ed6c841
X21754.5,21754-5,Q9UGI0,ZRANB1,Ubiquitin thioesterase ZRANB1,GCST90424187,3c924e727537c992b929acc0d29f6c8a
X21755.27,21755-27,O75317,USP12,Ubiquitin carboxyl-terminal hydrolase 12,GCST90424188,1033463705ac745b1bfe4a121baa12c4
X21756.5,21756-5,P61088|Q15819,UBE2N|UBE2V2,UBE2N/UBE2V2 Complex,GCST90424189,1a21a1cfffbe04674d4c07064b8dc939
X21757.49,21757-49,Q9UPT9,USP22,Ubiquitin carboxyl-terminal hydrolase 22,GCST90424190,6f0b42c9d6f9f190ad9c70a67db9d204
X21758.65,21758-65,Q9HC62,SENP2,Sentrin-specific protease 2,GCST90424191,fb3526e2f92879bf76fb1086f3089b4f
X21759.23,21759-23,O94782|Q8TAF3,USP1|WDR48,UBP1/WDR48 Complex,GCST90424192,2dcebd2f849cb0f25887b81d5f198f72
X21760.22,21760-22,P22314,UBA1,Ubiquitin-activating enzyme E1,GCST90424193,351fec100b40dce27682a33d4560b8db
X21761.213,21761-213,P62068,USP46,Ubiquitin carboxyl-terminal hydrolase 46,GCST90424194,355e2f5a345517907a2251589bc24525
X21762.32,21762-32,P51784,USP11,Ubiquitin carboxyl-terminal hydrolase 11,GCST90424195,9a35b8a58f1ee82201c5e413a4a2980a
X21763.46,21763-46,Q13107,USP4,Ubiquitin carboxyl-terminal hydrolase 4,GCST90424196,a81085ad6f473afbfd1d8c1c8268f909
X21764.99,21764-99,Q70CQ3,USP30,Ubiquitin carboxyl-terminal hydrolase 30,GCST90424197,80cbbce15026b23b5f1b075f29fd3f25
X21765.10,21765-10,Q9NQC7,CYLD,Ubiquitin carboxyl-terminal hydrolase CYLD,GCST90424198,a2f1e6e69c441c7669e0a7673588425b
X21766.50,21766-50,P51688,SGSH,N-sulphoglucosamine sulphohydrolase,GCST90424199,614d992e0fc72df69153a96360f0411e
X21767.129,21767-129,Q96FL9,GALNT14,Polypeptide N-acetylgalactosaminyltransferase 14,GCST90424200,ef927310954d1653b23e6398c69ce0bd
X21768.9,21768-9,Q09328,MGAT5,"Alpha-1,6-mannosylglycoprotein 6-beta-N-acetylglucosaminyltransferase A",GCST90424201,ab5afe9768ecae18a973e02a79f1df0b
X21769.10,21769-10,O75191,XYLB,Xylulose kinase,GCST90424202,066306ae421b89933cf207f8bf0974ff
X21770.18,21770-18,Q9P2W7,B3GAT1,Galactosylgalactosylxylosylprotein 3-beta-glucuronosyltransferase 1,GCST90424203,109d7ff99766dcb60537a12734d85beb
X21771.47,21771-47,Q09327,MGAT3,"Beta-1,4-mannosyl-glycoprotein 4-beta-N-acetylglucosaminyltransferase",GCST90424204,c65768d6e779bfe432d26cfc8e659b08
X21780.15,21780-15,Q8TB40,ABHD4,Protein ABHD4,GCST90424205,bd1dd8938eec6845ca33c935afe3e963
X21781.9,21781-9,Q96HD9,ACY3,Aspartoacylase-2,GCST90424206,df44ee66a7911be63adea0b064f4c9b1
X21786.25,21786-25,Q92772,CDKL2,Cyclin-dependent kinase-like 2,GCST90424207,08d8c1fad0797cf3a9bfaf0ac484beb4
X21793.4,21793-4,O95684,CEP43,FGFR1 oncogene partner,GCST90424208,45cdc9ebddf053455363313f30f0167f
X21796.43,21796-43,P22352,GPX3,Glutathione peroxidase 3,GCST90424209,9cfb76bcf8a770ef46e890e84b093e34
X21797.4,21797-4,P10321,HLA-C,HLA-C,GCST90424210,895a1b9adbe145033d5517264405e6d8
X21799.15,21799-15,Q9NSC5,HOMER3,Homer protein homolog 3,GCST90424211,f92a9d7f68a4200acbe46efea66b7798
X21810.50,21810-50,Q16655,MLANA,MART-1,GCST90424212,c1637a3ea7848e7828fce29e1af63666
X21811.20,21811-20,Q9NP64,ZCCHC17,Nucleolar protein of 40 kDa,GCST90424213,f631a941bf8d297df70010053d7081d9
X21813.171,21813-171,Q09328,MGAT5,"Alpha-1,6-mannosylglycoprotein 6-beta-N-acetylglucosaminyltransferase A",GCST90424214,3e330adbe9419939be29fba832b949ec
X21814.13,21814-13,Q9H3L0,MMADHC,"Methylmalonic aciduria and homocystinuria type D protein, mitochondrial",GCST90424215,4f42eea76bcb8860a318def385877bdd
X21815.7,21815-7,Q86TA1,MOB3B,MOB kinase activator 3B,GCST90424216,57a08008d34145aaa588e87342eda175
X21817.5,21817-5,P24844,MYL9,"Myosin, light chain 9, regulatory",GCST90424217,a6a90084ef745aec4481f50629ff5cde
X21819.9,21819-9,P18615,NELFE,Negative elongation factor E,GCST90424218,aa6e830035bf8e3b1c93630a06410479
X2182.54,2182-54,P0C0L4|P0C0L5,C4A|C4B,Complement C4b,GCST90424219,83bbccbb85d569f96d18200afec3ca43
X21821.9,21821-9,F5H284,F5H284,Peptidyl-prolyl cis-trans isomerase A-like 4D,GCST90424220,5e180c2e3b88aa1cbfc428c86922ed75
X21823.5,21823-5,O15355,PPM1G,Protein phosphatase 1G,GCST90424221,4cd9a52f65222704ff30a74819e0f079
X21827.7,21827-7,P17081,RHOQ,Rho-related GTP-binding protein RhoQ,GCST90424222,2774980e5fc0039cdfd74d2641f34fd3
X21829.8,21829-8,P25398,RPS12,40S ribosomal protein S12,GCST90424223,2a2db16dca563328143c70462565b5c9
X21832.31,21832-31,P29508,SERPINB3,Squamous cell carcinoma antigen 1,GCST90424224,e4814224d575aed3e5ca11d896725160
X21833.6,21833-6,Q8N6T7,SIRT6,silent mating type information regulation 2 homolog,GCST90424225,c9e850893ce2d1f3f13fa973df3c443d
X21834.8,21834-8,Q96H20,SNF8,Vacuolar-sorting protein SNF8,GCST90424226,afe9038be000c90956dc8847142866dc
X21836.9,21836-9,P30872,SSTR1,Somatostatin receptor type 1,GCST90424227,7da9dbec9a338162814be600acdb60e7
X21837.3,21837-3,P43308,SSR2,Translocon-associated protein subunit beta,GCST90424228,451e3bb7ac61cb80562ca7e2cf52c845
X21839.3,21839-3,Q16633,POU2AF1,POU domain class 2-associating factor 1,GCST90424229,cf2de8a4f3a8a261030f27e4682d8613
X21849.2,21849-2,Q9H347,UBQLN3,Ubiquilin-3,GCST90424230,285f970ac2e750f8384b425fec7d68ef
X21853.3,21853-3,Q8NC01,CLEC1A,CLEC-1,GCST90424231,90c81ab0842af5ed2d2bde6283e73f6d
X21856.59,21856-59,P50053,KHK,Ketohexokinase,GCST90424232,25a621c33345911bcf05d405f1fb0677
X21857.26,21857-26,P63244,RACK1,Guanine nucleotide-binding protein subunit beta-2-like 1,GCST90424233,30933697508514dfe06c168300d5e6ef
X21858.25,21858-25,Q8IUQ4,SIAH1,E3 ubiquitin-protein ligase SIAH1,GCST90424234,e73bca310ccab71a6956ef0f053c72c3
X21861.8,21861-8,P40306,PSMB10,Proteasome subunit beta type-10,GCST90424235,25336e7f2f4082ada088544629f1184a
X21862.145,21862-145,Q14847,LASP1,LIM and SH3 domain protein 1,GCST90424236,ab914e1315c5b1919b8224aa6c3f5a25
X21863.11,21863-11,Q9Y5Y2,NUBP2,Cytosolic Fe-S cluster assembly factor NUBP2,GCST90424237,1fe5b58fdf782322cdb678eb7151422a
X21875.31,21875-31,Q9H8U3,ZFAND3,AN1-type zinc finger protein 3,GCST90424238,5b27b7dc87de1575692930daf655d075
X21876.266,21876-266,Q9NRD5,PICK1,PRKCA-binding protein,GCST90424239,5ea55897c16278fb343cbc37511c344a
X21883.17,21883-17,P22003,BMP5,Bone morphogenetic protein 5,GCST90424240,5558ac4da05fd87a157dee7b0cc1af52
X21885.196,21885-196,P31483,TIA1,Nucleolysin TIA-1 isoform p40,GCST90424241,e67170a60adb3a69cdb17009e7c19d4a
X21887.2,21887-2,Q8IUK8,CBLN2,Cerebellin-2,GCST90424242,531c405603b4e9d66159c4f8edbac20a
X21889.2,21889-2,O75223,GGCT,Uncharacterized protein C7orf24,GCST90424243,eea003b0bde1fd542989905daa66ecb7
X21891.31,21891-31,Q53RD9,FBLN7,Fibulin-7,GCST90424244,d2cec498a551cd88723847feed0099cf
X21895.36,21895-36,K9M1U5,K9M1U5,Interferon lambda-4,GCST90424245,bf7bbc4cd327fcaaab48c327a753497f
X21897.4,21897-4,Q16552|Q96PD4,IL17A|IL17F,IL-17/IL-17F,GCST90424246,594816a19100810add2e27c3c2dcf7ed
X21899.36,21899-36,P05111|P08476,INHA|INHBA,inhibin A,GCST90424247,7ece6fe2eff35b43488d044187d0f700
X2190.55,2190-55,P03951,F11,Coagulation Factor XI,GCST90424248,d4b340d76205820c2f23cfc80a4c040f
X21901.14,21901-14,P26006|P05556,ITGA3|ITGB1,Integrin a3b1,GCST90424249,47178727678fce6d8167da2800466d7c
X21903.6,21903-6,P20701|P05107,ITGAL|ITGB2,Integrin alpha L beta 2,GCST90424250,4714ab539cefd336c87a5534b2358331
X21905.10,21905-10,P17301|P05556,ITGA2|ITGB1,Integrin alpha-2/b1,GCST90424251,b854cf511106f2d668eb790b0a7ab6f4
X21909.10,21909-10,P08648|P05556,ITGA5|ITGB1,Integrin a5b1,GCST90424252,87eb9d45e1ce2af06e5c1021bdf119fc
X21909.2,21909-2,P08648|P05556,ITGA5|ITGB1,Integrin a5b1,GCST90424253,e511cb63aafa8710f53d4c29b99e5f60
X21911.17,21911-17,Q00604,NDP,Norrin,GCST90424254,4a593c1d0ce8136d28fca67d0cdda08e
X21913.5,21913-5,O15391,YY2,Transcription factor YY2,GCST90424255,2b7077ffbd786a48a9e09bb6780d8a73
X21915.2,21915-2,Q5T2D3,OTUD3,OTU domain-containing protein 3,GCST90424256,3242335d54881e17061db6cdaa2384ce
X21916.82,21916-82,Q96BN8,OTULIN,Ubiquitin thioesterase otulin,GCST90424257,7d7269d1d8879aef9b7fde5a411a8c11
X2192.63,2192-63,Q9Y4X3,CCL27,C-C motif chemokine 27,GCST90424258,50643650002b01febd8d16e7df7e3976
X21923.24,21923-24,Q9UBE0|Q9UBT2,SAE1|UBA2,SAE1/SAE2,GCST90424259,994904969385e03e4500e0163e6f9d8c
X21925.15,21925-15,P01137,TGFB1,Transforming growth factor beta-1,GCST90424260,bcf1460ef90ab667791068045ffed544
X21926.24,21926-24,P51668|P0CG47,UBE2D1|UBB,UB2D1/PolyUbiquitin K48,GCST90424261,f7ae739ba1605825587fd08bfdd926aa
X21929.53,21929-53,P61077|P0CG47,UBE2D3|UBB,UB2D3/PolyUbiquitin K48,GCST90424262,af1f1e283681b2853682badc222b605a
X21931.16,21931-16,P68036|P0CG47,UBE2L3|UBB,UB2L3/PolyUbiquitin K48,GCST90424263,2b9b30e9f4bf03ef91d7377f501ee8bf
X21931.27,21931-27,P68036|P0CG47,UBE2L3|UBB,UB2L3/PolyUbiquitin K48,GCST90424264,9256e2705ce7f48e906155766eaa099a
X21933.7,21933-7,P41226,UBA7,Ubiquitin-like modifier-activating enzyme 7,GCST90424265,afa92812f7709e76c5e910fdb82f6881
X21935.16,21935-16,P62256,UBE2H,Ubiquitin-conjugating enzyme E2 H,GCST90424266,e0859cc09f0294ce811533f2299c441b
X21939.6,21939-6,Q13564|Q8TBC4,NAE1|UBA3,ULA1/UBA3,GCST90424267,5344710d36aca2f4d4944638abbb7146
X21940.12,21940-12,O00744,WNT10B,Protein Wnt-10b,GCST90424268,a853e2795d52a2c99b03093f824b1145
X21942.14,21942-14,Q9UBV4,WNT16,Protein Wnt-16,GCST90424269,3d20a998ba61928dedb4b5539f46978a
X21943.170,21943-170,Q9UBV4,WNT16,Protein Wnt-16,GCST90424270,607d0cd5044631b461aae16635f21463
X21945.4,21945-4,Q9H1J7,WNT5B,Protein Wnt-5b,GCST90424271,ab82bb38278406970e9b455a12e2e202
X21946.79,21946-79,P05231|P08887,IL6|IL6R,IL-6/IL-6 sRa Complex,GCST90424272,1c732d841d7f2b911f9c4fb104f6b3f6
X21949.4,21949-4,Q7Z5R6,APBB1IP,Amyloid beta A4 precursor protein-binding family B member 1-interacting protein,GCST90424273,aa036b5ad7ccf7b6fc9e76c920386b7a
X21951.32,21951-32,P27540,ARNT,Aryl hydrocarbon receptor nuclear translocator,GCST90424274,8270bfa891416e5c0bdf6263596f23bc
X21955.36,21955-36,P46379,BAG6,Large proline-rich protein BAT3,GCST90424275,431941d0fbfd84e14c498dadba7bfe63
X21957.12,21957-12,Q6ZUJ8,PIK3AP1,Phosphoinositide 3-kinase adapter protein 1,GCST90424276,3748d901c4d32fa7e2b0e202da1780b9
X21958.4,21958-4,Q12979,ABR,Active breakpoint cluster region-related protein,GCST90424277,f9715b98931ddf0d0b6bab61bcfcb6d5
X21961.14,21961-14,Q9Y5K6,CD2AP,CD2-associated protein,GCST90424278,39874ca76fbce53675169de1132e8a86
X21963.48,21963-48,P98082,DAB2,Disabled homolog 2,GCST90424279,8c46d6ace5f757ad552e8e9a0448927f
X21967.20,21967-20,P28845,HSD11B1,Corticosteroid 11-beta-dehydrogenase isozyme 1,GCST90424280,1f31581794505db5a0d300a02a76c8f4
X21969.5,21969-5,P42658,DPP6,Dipeptidyl aminopeptidase-like protein 6,GCST90424281,576320268dfe8c7995e7a910bb301287
X21971.47,21971-47,Q01543,FLI1,Friend leukemia integration 1 transcription factor,GCST90424282,cf3aeb98ff6b3f367f60874dc9448cf5
X21976.4,21976-4,Q9Y6K9,IKBKG,I-kappa-B kinase gamma,GCST90424283,ac5a6fd11b2abb0273677d656c25da09
X21979.12,21979-12,P23229,ITGA6,Integrin alpha-6,GCST90424284,4ada2122e268a1af591ac6f83d6596fb
X21979.8,21979-8,P23229,ITGA6,Integrin alpha-6,GCST90424285,29f62ac98102b3739357661bbbb8a1c9
X21981.2,21981-2,P11215,ITGAM,Integrin alpha-M,GCST90424286,421a7a6fd513b0405e81eff940022e4f
X21985.61,21985-61,Q9UKP3,ITGB1BP2,Integrin beta-1-binding protein 2,GCST90424287,1dd06f07fb06f01ea453566c5f6f5c58
X21987.76,21987-76,P06858,LPL,Lipoprotein lipase,GCST90424288,7ac87227c61627a32503981ad4c703fb
X21989.12,21989-12,Q9Y4K4,MAP4K5,Mitogen-activated protein kinase kinase kinase kinase 5,GCST90424289,2c5c4107e9c0b71efcec4a2376dc97db
X21991.79,21991-79,Q96SB3,PPP1R9B,Neurabin-2,GCST90424290,4674839a028db0c6c6fb2ef88a48ad0a
X21995.20,21995-20,P29474,NOS3,NOS,GCST90424291,b65217439b2a35e9faea773c992d6004
X21996.28,21996-28,Q9Y5A7,NUB1,NEDD8 ultimate buster 1,GCST90424292,029509de13c66d3351caa3459e323ddf
X21999.61,21999-61,P80303,NUCB2,Nucleobindin-2,GCST90424293,e9fef1d37ee26169d65671d4a0c3cfec
X22001.23,22001-23,Q9Y2J8,PADI2,Protein-arginine deiminase type-2,GCST90424294,a5bc5d58b251ad416686a31be321c857
X22003.4,22003-4,Q15165,PON2,Paraoxonase 2,GCST90424295,e4f89ee8fe93eccd50e31d20d5bc9741
X22005.8,22005-8,Q9P0J1,PDP1,"[Pyruvate dehydrogenase [acetyl-transferring]]-phosphatase 1, mitochondrial",GCST90424296,431c7af9cb6ca50600611d017c53dbe1
X22007.1,22007-1,Q9BQ08,RETNLB,Resistin-like beta,GCST90424297,a848d9c10dedecdfdee7ca4eff4b5531
X22009.1,22009-1,O75688,PPM1B,Protein phosphatase 1B,GCST90424298,1b3ae2b471b7e421a9b2b0a5489a17b1
X2201.17,2201-17,P39060,COL18A1,Endostatin,GCST90424299,bb013ec9c3ea0522c66751c64cab61a5
X22010.36,22010-36,O75569,PRKRA,Interferon-inducible double-stranded RNA-dependent protein kinase activator A,GCST90424300,e692f7e1ac11ac5dd01fce1c1456eab5
X22013.6,22013-6,P50749,RASSF2,Ras association domain-containing protein 2,GCST90424301,07a152023bca570233f22e09cc26d207
X22015.2,22015-2,P19474,TRIM21,E3 ubiquitin-protein ligase TRIM21,GCST90424302,6e45f5cffd74891ecaafebf6ee911ec2
X22019.21,22019-21,Q9UQQ2,SH2B3,SH2B adapter protein 3,GCST90424303,a3943231014f8ea9cb9fc167dc3e3c01
X22023.3,22023-3,Q8N5Z0,AADAT,"Kynurenine/alpha-aminoadipate aminotransferase, mitochondrial",GCST90424304,d8f5c9dcf8775cb41808da7f805b3baf
X22027.13,22027-13,Q9Y6A5,TACC3,Transforming acidic coiled-coil-containing protein 3,GCST90424305,37aecd292ad1efc22b2c4c0989412a64
X22033.32,22033-32,P42768,WAS,Wiskott-Aldrich syndrome protein,GCST90424306,0386d890061f0be9e2f461a8df2ddfb2
X22033.7,22033-7,P42768,WAS,Wiskott-Aldrich syndrome protein,GCST90424307,1e285a725f950a9ea5aecd484d8d095f
X22034.61,22034-61,Q05516,ZBTB16,Zinc finger and BTB domain-containing protein 16,GCST90424308,49186d9d94af029099407a8f1c8d45b8
X22037.47,22037-47,Q96C19,EFHD2,EF-hand domain-containing protein D2,GCST90424309,08597163ae9c0e352666e8e78d51bc72
X22041.26,22041-26,Q13163,MAP2K5,Dual specificity mitogen-activated protein kinase kinase 5,GCST90424310,7a056ff96fbc8deab06e505cdb88856a
X22043.174,22043-174,P54652,HSPA2,Heat shock-related 70 kDa protein 2,GCST90424311,119b5d2ed59e7245edef9f3eceb2f27e
X22045.8,22045-8,Q6EEV6,SUMO4,Small ubiquitin-related modifier 4,GCST90424312,814bcbc17d4b729e6ffc017381327dee
X22047.46,22047-46,P20908,COL5A1,Collagen alpha-1(V) chain,GCST90424313,145c895e1312fc292eba15c9e05156d9
X22049.24,22049-24,Q04917,YWHAH,14-3-3 protein eta,GCST90424314,314ba8892cdd2acd637886ae5a686211
X22050.19,22050-19,Q9BQD3,KXD1,KxDL motif-containing protein 1,GCST90424315,cc7bf7f0c3387f4d9e7ad7f2a4934e30
X22055.31,22055-31,Q12778,FOXO1,Forkhead box protein O1A,GCST90424316,9faac6ad4da25b125fa4a0cc5b46f368
X22057.9,22057-9,P30837,ALDH1B1,"Aldehyde dehydrogenase X, mitochondrial",GCST90424317,097b91e59d11313f468b98aa0a1d30e1
X22059.56,22059-56,Q9NP74,PALMD,Palmdelphin,GCST90424318,7648d5320bdd4f9ab4a593cd939fd6a6
X22063.20,22063-20,Q96L46,CAPNS2,Calpain small subunit 2,GCST90424319,bc9fee1a33e74453c6ad09fa2948f07d
X22065.32,22065-32,Q02556,IRF8,Interferon regulatory factor 8,GCST90424320,dcf6ad582fe5d83de46359aea1a8c6f4
X22068.5,22068-5,Q14738,PPP2R5D,Serine/threonine-protein phosphatase 2A 56 kDa regulatory subunit delta isoform,GCST90424321,77144d23885104524cd05afc69820fe8
X22070.5,22070-5,Q5VV41,ARHGEF16,Rho guanine nucleotide exchange factor 16,GCST90424322,72072059c205072c279fb0b30e2a78e0
X22071.38,22071-38,Q9H765,ASB8,Ankyrin repeat and SOCS box protein 8,GCST90424323,45e6be96976893320d7cd5a43ec57cda
X22073.47,22073-47,P24539,ATP5PB,"ATP synthase B chain, mitochondrial",GCST90424324,e300a0f735def4a38507b367b925f793
X22074.35,22074-35,Q9NWB1,RBFOX1,Ataxin-2-binding protein 1,GCST90424325,b6744567fe4ddb6505981c4c1a55d535
X22075.16,22075-16,P18847,ATF3,Cyclic AMP-dependent transcription factor ATF-3,GCST90424326,bc17c186e81c0625e4ba5e285fa384ec
X22076.34,22076-34,Q92858,ATOH1,Protein atonal homolog 1,GCST90424327,e99d8af934d2476b9bca811e142c9c58
X22077.46,22077-46,Q9Y6H3,ATP23,Mitochondrial inner membrane protease ATP23 homolog,GCST90424328,2b6ac86f5edf1cdd5944c90d01a3b3d8
X22078.4,22078-4,P17735,TAT,Tyrosine aminotransferase,GCST90424329,3f2d0f1111af59a9be02f1cd557f0934
X22082.25,22082-25,Q9BXY8,BEX2,Protein BEX2,GCST90424330,54fadbfd6b06bd9700fc0c82f410cc2a
X22083.60,22083-60,Q5H9J7,BEX5,Protein BEX5,GCST90424331,9020c0b776f84ea12de01136fe5f6913
X22085.86,22085-86,P35226,BMI1,Polycomb complex protein BMI-1,GCST90424332,bd5dafed3e35dcae58790f32437c6d37
X22086.2,22086-2,Q5PSV4,BRMS1L,Breast cancer metastasis-suppressor 1-like protein,GCST90424333,e0fd71f3a3ae3af0d86ef79829b4582e
X22088.3,22088-3,P62324,BTG1,Protein BTG1,GCST90424334,f698377391ffa4e1a87e4175f2fed175
X22089.13,22089-13,Q9NY30,BTG4,Protein BTG4,GCST90424335,73bc2589cd516c6ad58ebe9a19730579
X22091.14,22091-14,Q9UBR1,UPB1,Beta-ureidopropionase,GCST90424336,f7100df7ec49e381ad076cb78bfe63eb
X22092.43,22092-43,P49662,CASP4,Caspase-4,GCST90424337,4ea29c8d534bd88e4661fd22cf4907dd
X22094.15,22094-15,Q8N5S3,C2orf73,Uncharacterized protein C2orf73,GCST90424338,ff1a8992efde4f8e3311cb5898ec8edc
X22095.29,22095-29,Q14781,CBX2,Chromobox protein homolog 2,GCST90424339,4be68a39f9171b4acf69671cce23fe4b
X22098.10,22098-10,Q8N7R7,CCNYL1,Cyclin-Y-like protein 1,GCST90424340,4a23cb77c7fb556c43c90320eebe3082
X22099.1,22099-1,Q96KX1,C4orf36,Uncharacterized protein C4orf36,GCST90424341,3978b665817975d341726ef787047130
X22103.25,22103-25,Q8IZL9,CDK20,Cyclin-dependent kinase 20,GCST90424342,908734dc96c11aedbfb56a26045075b8
X22104.39,22104-39,P47902,CDX1,Homeobox protein CDX-1,GCST90424343,caf53b9622ab347a0ec1bc5b2bd2f91e
X2211.9,2211-9,P01033,TIMP1,Metalloproteinase inhibitor 1,GCST90424344,7e581b0fc47a84d6fec8584b9c377d33
X22112.30,22112-30,Q5HYK3,COQ5,"2-methoxy-6-polyprenyl-1,4-benzoquinol methylase, mitochondrial",GCST90424345,e709d18453f93e2218091257e4c18bff
X22113.2,22113-2,Q9Y2Z9,COQ6,"Ubiquinone biosynthesis monooxygenase COQ6, mitochondrial",GCST90424346,2d0275790566025cf43920e4559b695b
X22114.4,22114-4,Q8IYD9,LAS2,Uncharacterized protein C18orf54,GCST90424347,c16c23fce6f1103a77768dfb2be55401
X22115.2,22115-2,O60519,CREBL2,cAMP-responsive element-binding protein-like 2,GCST90424348,4e04c2ebd64796c6ca76ca723209c55d
X22116.9,22116-9,Q03060,CREM,cAMP-responsive element modulator,GCST90424349,b016f8550dc7dd6c4702531a26989b16
X22118.7,22118-7,Q9Y5P2,CSAG2,Chondrosarcoma-associated gene 2/3 protein,GCST90424350,5bbccb88c246595e2d05f0907fc84337
X22119.18,22119-18,Q99627,COPS8,COP9 signalosome complex subunit 8,GCST90424351,67806a2819f110e0bad8f58cc79f1a25
X2212.69,2212-69,P00750,PLAT,Tissue-type plasminogen activator,GCST90424352,a46c33bf9c8687193da80137993d17d0
X22120.4,22120-4,Q8TEB1,DCAF11,DDB1- and CUL4-associated factor 11,GCST90424353,04ab038dcb8551ecde440982d9407232
X22121.43,22121-43,Q5T6F0,DCAF12,DDB1- and CUL4-associated factor 12,GCST90424354,77a320355161fdbb44b2c0f49261351e
X22123.15,22123-15,Q07687,DLX2,Homeobox protein DLX-2,GCST90424355,3e75dbbeff9f1b47297c60f988a08c1c
X22124.94,22124-94,A2CJ06,DYTN,Dystrotelin,GCST90424356,c4c568aad5dc75b31e68590b5ef0de79
X22125.9,22125-9,Q15329,E2F5,E2F5,GCST90424357,389e9a7024575f746c8da7dbb917200f
X22128.8,22128-8,P28324,ELK4,ETS domain-containing protein Elk-4,GCST90424358,286827ec06a804edc1c45f2cc194b0cc
X22129.55,22129-55,Q9HB65,ELL3,RNA polymerase II elongation factor ELL3,GCST90424359,2ab2f9f89c4a415589c3d9ef2dae389d
X22134.1,22134-1,P43268,ETV4,ETS translocation variant 4,GCST90424360,90d2275e688a42c3ab1f896f41031017
X22136.9,22136-9,Q9Y2C4,EXOG,"Nuclease EXOG, mitochondrial",GCST90424361,6aa6795640ef5ef21f82bece07801761
X22137.3,22137-3,Q5T8I3,FAM102B,Protein FAM102B,GCST90424362,70b6a15a21c223aec75d440f4555576a
X22140.6,22140-6,Q9H8W3,FAM204A,Protein FAM204A,GCST90424363,2d5c2c3971f101b2c7563d1d87227073
X22141.59,22141-59,P16118,PFKFB1,"6-phosphofructo-2-kinase/fructose-2,6-bisphosphatase 1",GCST90424364,ed4d579984fe12e5cbc140ee0fb3528a
X22142.4,22142-4,Q8N7N1,FAM86B1,Putative protein N-methyltransferase FAM86B1,GCST90424365,7cbb1be16758d1aa7ad501890680624a
X22143.6,22143-6,Q9NVF7,FBXO28,F-box only protein 28,GCST90424366,5725eca7e9c39d5f3158a718bbfe34ad
X22144.65,22144-65,Q5FWF7,FBXO48,F-box only protein 48,GCST90424367,a93feef5a0831928602f045d9750b220
X22146.20,22146-20,P15408,FOSL2,Fos-related antigen 2,GCST90424368,a492a124c4b84dd3a7506ee574b205f0
X22147.19,22147-19,P98177,FOXO4,Forkhead box protein O4,GCST90424369,cdf25b8e3a46e07fe04584201a9fd9de
X22148.135,22148-135,Q9BZS1,FOXP3,Forkhead box protein P3,GCST90424370,0177770aad11d0f92e01c1735c413053
X22149.2,22149-2,Q8IVP5,FUNDC1,FUN14 domain-containing protein 1,GCST90424371,970ea6e89a50452dfaa1855791ca7a28
X22150.2,22150-2,Q06547,GABPB1,GA-binding protein subunit beta-1,GCST90424372,56670a4a1365fb98a1b86270538e43b6
X22151.48,22151-48,O15499,GSC2,Homeobox protein goosecoid-2,GCST90424373,f842d7bc44d7b7f8fc568a9ca1bd6bd7
X22152.162,22152-162,Q9HCQ5,GALNT9,Polypeptide N-acetylgalactosaminyltransferase 9,GCST90424374,5da16f64c34ddc9e837a4f60d3ab0e96
X22154.37,22154-37,Q8WUU5,GATAD1,GATA zinc finger domain-containing protein 1,GCST90424375,1f0aa43f7359ad4c74ae9e58b90a492d
X22155.44,22155-44,Q9H840,GEMIN7,Gem-associated protein 7,GCST90424376,bb63db81d5ae9b4fc3a808d443798ba5
X22363.31,22363-31,Q9BUB4,ADAT1,tRNA-specific adenosine deaminase 1,GCST90424377,a8bae544053d48a30974f282d0637cd5
X22365.52,22365-52,Q9Y2D1,ATF5,Cyclic AMP-dependent transcription factor ATF-5,GCST90424378,d2ec04cbb9a3b925414f028ba3d04ffd
X22367.17,22367-17,Q9H6J7,C11orf49,UPF0705 protein C11orf49,GCST90424379,f6987acbf84ae3d88048970d9dd5f01f
X22369.12,22369-12,Q8IXT2,DMRTC2,Doublesex- and mab-3-related transcription factor C2,GCST90424380,2f9e29f789dadd25c75c302802fcbcd1
X22371.46,22371-46,Q9BQ89,FAM110A,Protein FAM110A,GCST90424381,01dde01021895d82eab4ce04ff567fd2
X22374.56,22374-56,Q9Y5J3,HEY1,Hairy/enhancer-of-split related with YRPW motif protein 1,GCST90424382,1e0d48542f5ba360c54557ad00550f9a
X22375.15,22375-15,P31270,HOXA11,Homeobox protein Hox-A11,GCST90424383,7e402e3c8d654368c98782dba2551b63
X22376.95,22376-95,P20719,HOXA5,Homeobox protein Hox-A5,GCST90424384,fc143a9d896d3cf251c1da7ed29631a5
X22377.27,22377-27,Q9BTL4,IER2,Immediate early response gene 2 protein,GCST90424385,06240838f0e868f2bff1fba7ea8c538b
X22378.2,22378-2,O76011,KRT34,Keratin 34,GCST90424386,d45730c2325dfca0d74011021577574b
X22381.1,22381-1,Q53H82,LACTB2,Endoribonuclease LACTB2,GCST90424387,2f366b4443e85f7f5a9f1f148235775e
X22383.21,22383-21,O75030,MITF,MITF,GCST90424388,6a6ec170e6081e3fd75441af8fc2b83e
X22385.2,22385-2,Q2TAK8,PWWP3A,PWWP domain-containing protein MUM1,GCST90424389,9e0e545c9e7fcfa2d21112a2aa056350
X22386.11,22386-11,P32242,OTX1,Homeobox protein OTX1,GCST90424390,bb5688c1b49b027a0bcc67440b982e8e
X22387.26,22387-26,O75364,PITX3,Pituitary homeobox 3,GCST90424391,49fa6fba219cc3a2de693da13012509d
X22391.34,22391-34,Q9HAJ7,SAP30L,Histone deacetylase complex subunit SAP30L,GCST90424392,e313b4d57319a2c985b66aafbd744e97
X22392.5,22392-5,Q9UJW9,SERTAD3,SERTA domain-containing protein 3,GCST90424393,43a0a72158cbb56c4794015d7d17497d
X22393.130,22393-130,Q9P031,CCDC59,Thyroid transcription factor 1-associated protein 26,GCST90424394,b0834ff33f10a8d01141f8cec023b65d
X22394.8,22394-8,O43680,TCF21,Transcription factor 21,GCST90424395,ad10d1fe4112412a297c38fa5b5e76ac
X22395.7,22395-7,P26651,ZFP36,Tristetraproline,GCST90424396,ccde83ec7786e78faf76d756ce4f1ff4
X22397.2,22397-2,P17861,XBP1,X-box-binding protein 1,GCST90424397,127d3016ef5293388870f93c6c42f4df
X22398.5,22398-5,O43423,ANP32C,Acidic leucine-rich nuclear phosphoprotein 32 family member C,GCST90424398,6099d04eca520c4acd3e09d8603f1cd0
X22401.26,22401-26,Q9UMX6,GUCA1B,Guanylyl cyclase-activating protein 2,GCST90424399,b601d79c06f03e69a57032e8082161a1
X22402.12,22402-12,Q96QV6,H2AC1,Histone H2A type 1-A,GCST90424400,9ca6e3c49931d4d3c73223dc8e57a3fa
X22403.13,22403-13,O60814,H2BC12,Histone H2B type 1-K,GCST90424401,289f606312db2333e9b66ad09d3c374c
X22404.4,22404-4,Q92551,IP6K1,Inositol hexakisphosphate kinase 1,GCST90424402,b49fe8cd095271b3414a3d6ca5d2b402
X22405.61,22405-61,Q16822,PCK2,"Phosphoenolpyruvate carboxykinase [GTP], mitochondrial",GCST90424403,e2e43900b83e1c8de313b70436697817
X22414.127,22414-127,Q9UKI8,TLK1,Serine/threonine-protein kinase tousled-like 1,GCST90424404,9a9081e87a5109a1bb8b79aaaecf0f93
X22417.10,22417-10,Q9ULV8,CBLC,E3 ubiquitin-protein ligase CBL-C,GCST90424405,1cc69c805ab2fe7dd4a9d45ce93bb73a
X22421.79,22421-79,Q96FA3,PELI1,E3 ubiquitin-protein ligase pellino homolog 1,GCST90424406,bf74d07508b83617187182d0afebf962
X22429.13,22429-13,O60341,KDM1A,Lysine-specific histone demethylase 1A,GCST90424407,6794792243d8e2786f10480ebe7f4524
X22430.15,22430-15,P15882,CHN1,N-chimaerin,GCST90424408,cbf23fa806b0f4d0860f28a07b054cc1
X22431.164,22431-164,Q8NEF9,SRFBP1,Serum response factor-binding protein 1,GCST90424409,b6194ecf040091edffdfe03389fd5e61
X22432.83,22432-83,Q96SB4,SRPK1,Serine/threonine-protein kinase SRPK1,GCST90424410,ebcabcdb0f3bf111dd6eba7525fdc3e1
X22445.2,22445-2,Q9NP86,CABP5,Calcium-binding protein 5,GCST90424411,1e62983728af3e1c4526e0778cf88fdf
X22465.43,22465-43,Q14469,HES1,Transcription factor HES-1,GCST90424412,bc876589635fec160eed8ec61966894b
X22466.27,22466-27,Q5TA89,HES5,Transcription factor HES-5,GCST90424413,dbb466bc1d9818219f37f68e1d88cecc
X22467.94,22467-94,Q9XRX5,HHLA3,HERV-H LTR-associating protein 3,GCST90424414,a91129363ea0fc956b94683e64b2b07c
X22468.54,22468-54,P0C0S8,H2AC11,Histone H2A type 1,GCST90424415,fe75a9944c6637531d11672ba7b9d2e5
X22469.103,22469-103,A2RU54,HMX2,Homeobox protein HMX2,GCST90424416,0f872c80d786fc4a2aa955344b81a1e3
X2247.20,2247-20,P58294,PROK1,Prokineticin-1,GCST90424417,7f5abf9dab7aa6763bb308b072d82ebe
X22476.115,22476-115,P09016,HOXD4,Homeobox protein Hox-D4,GCST90424418,234a6e11a3ea863fb34983edd301aaf8
X22479.64,22479-64,Q9UHH9,IP6K2,Inositol hexakisphosphate kinase 2,GCST90424419,0e782200e680fd677aa906de5b134361
X22481.15,22481-15,Q96DY2,IQCD,IQ domain-containing protein D,GCST90424420,27a19c9edb74467ccd5038e13e0652a3
X22483.109,22483-109,Q3SY84,KRT71,"Keratin, type II cytoskeletal 71",GCST90424421,bc642caf40d3c4ef16b0b9710822bcc9
X22484.17,22484-17,Q8N752,CSNK1A1L,Casein kinase I isoform alpha-like,GCST90424422,6a18cc5c2b410a2ba0179feeebbdbcd5
X22485.1,22485-1,Q96MP8,KCTD7,BTB/POZ domain-containing protein KCTD7,GCST90424423,542f7981e0ccfd507d5bb92aeede7204
X22486.58,22486-58,P02538,KRT6A,"Keratin, type II cytoskeletal 6A",GCST90424424,4f9e4b7c1061899dde042e210dbeeef4
X22488.17,22488-17,Q13886,KLF9,Krueppel-like factor 9,GCST90424425,a8b2c27a9ed920f282ed21e52f678c3a
X22490.16,22490-16,Q6ZST4,LCNL1,Lipocalin-like 1 protein,GCST90424426,8b9bedb501b7a35f78784e8316e4e448
X22491.10,22491-10,O43679,LDB2,LIM domain-binding protein 2,GCST90424427,3217cc2ce5c99af69283ebcd70ff1b7b
X22492.108,22492-108,Q8TAP4,LMO3,LIM domain only protein 3,GCST90424428,6ebb3c6589845f624e49e3c994b5ee45
X22496.21,22496-21,O43325,LYRM1,LYR motif-containing protein 1,GCST90424429,c543ea3b174940f6e8f7b5ffdc147d8a
X22499.15,22499-15,Q9H204,MED28,Mediator of RNA polymerase II transcription subunit 28,GCST90424430,a1d11b988464c329d5b4ef87d246bf4d
X22500.9,22500-9,Q9P086,MED11,Mediator of RNA polymerase II transcription subunit 11,GCST90424431,52bcfd6b216029e83cc6d8e8b3ae88c2
X22503.24,22503-24,Q8IYA7,MKX,Homeobox protein Mohawk,GCST90424432,d6606195928fa03d5e5daf0f53980a25
X22504.3,22504-3,Q92802,N4BP2L2,NEDD4-binding protein 2-like 2,GCST90424433,24e26fd2db3ad4bafdfb7bfddcb84c68
X22505.24,22505-24,Q4G0N4,NADK2,"NAD kinase 2, mitochondrial",GCST90424434,c670003c556d845a63771e2f5853bfca
X22506.25,22506-25,P61599,NAA20,N-acetyltransferase 5,GCST90424435,1dc6f8466ed048c791889da972453ef9
X22508.2,22508-2,O96000,NDUFB10,NADH dehydrogenase,GCST90424436,fb52b3205fa26fccf2c1e72e96f1731c
X22509.9,22509-9,Q5TEU4,NDUFAF5,"Arginine-hydroxylase NDUFAF5, mitochondrial",GCST90424437,91973b4bb0b0601fa7aee240ed7fcd85
X22510.6,22510-6,Q16236,NFE2L2,Nuclear factor erythroid 2-related factor 2,GCST90424438,457b64c631bf8ad7a2928fc645c24ed3
X22511.28,22511-28,P23511,NFYA,Nuclear transcription factor Y subunit alpha,GCST90424439,28afe7468b6b8bb06e91d1c5a68febd9
X22512.18,22512-18,Q8NEJ9,NGDN,Neuroguidin,GCST90424440,bad76a633b8d36409fe3269b966db9a5
X22514.12,22514-12,Q969F2,NKD2,Protein naked cuticle homolog 2,GCST90424441,d373e9e91aa324c6fb67b99f3b10986f
X22516.30,22516-30,P54845,NRL,Neural retina-specific leucine zipper protein,GCST90424442,78189889362f9f681e27448965b9d2cf
X22517.106,22517-106,Q96MF7,NSMCE2,E3 SUMO-protein ligase NSE2,GCST90424443,117503f59eeb513bffd03caf96090860
X22521.13,22521-13,P32243,OTX2,Homeobox protein OTX2,GCST90424444,8aed31f59767acadee1e77d2771e458c
X22523.4,22523-4,Q96DU9,PABPC5,Polyadenylate-binding protein 5,GCST90424445,3098f96186ae0fb4cc64b8747fd2d290
X22525.9,22525-9,P23760,PAX3,Paired box protein Pax-3,GCST90424446,9836da919ae2219c355b693f8f27cfed
X22526.81,22526-81,P11177,PDHB,Pyruvate dehydrogenase E1 component beta subunit,GCST90424447,224f852c827e823adc3f0575a8281cf8
X22527.4,22527-4,Q53GG5,PDLIM3,PDZ and LIM domain protein 3,GCST90424448,f2dd34807d7d8a934655bb8da8cae445
X22528.1,22528-1,Q9UIL8,PHF11,PHD finger protein 11,GCST90424449,c4faf0456b0c629ab63827cc9f18eb32
X22529.31,22529-31,Q8IWS0,PHF6,PHD finger protein 6,GCST90424450,e66d4329063e679b731dc7d5fb071339
X22530.111,22530-111,Q5SRE7,PHYHD1,Phytanoyl-CoA dioxygenase domain-containing protein 1,GCST90424451,9c4fd19e1b1f8f5873783533eaed7903
X22531.44,22531-44,Q99697,PITX2,Pituitary homeobox 2,GCST90424452,b779219ba8db242fb7f2160e1e586b17
X22533.95,22533-95,Q96QC0,PPP1R10,Serine/threonine-protein phosphatase 1 regulatory subunit 10,GCST90424453,213a87bf85375b2e0ab224cb839eb53a
X22534.14,22534-14,P60510,PPP4C,Serine/threonine-protein phosphatase 4 catalytic subunit,GCST90424454,f4b5694ddc63a19c67949be45e4b24c9
X22536.1,22536-1,Q7Z4L9,PPP1R42,Protein phosphatase 1 regulatory subunit 42,GCST90424455,5d8b341071ce932d8bcecf126c8b1eb3
X22540.129,22540-129,Q99436,PSMB7,Proteasome subunit beta type 7,GCST90424456,955c09bd7b8d39112c340e6829e62a57
X22541.46,22541-46,Q14691,GINS1,DNA replication complex GINS protein PSF1,GCST90424457,fbf624bea30be7a81439545668eb9030
X22544.10,22544-10,O43502,RAD51C,DNA repair protein RAD51 homolog 3,GCST90424458,4986970cd4b98ad967470a97069eac19
X22545.20,22545-20,Q86SE5,RALYL,RNA-binding Raly-like protein,GCST90424459,302eef85a3b091e3f7714596fbc32619
X22547.17,22547-17,P29558,RBMS1,"RNA-binding motif, single-stranded-interacting protein 1",GCST90424460,f20bf576a4c57740133320922df81685
X22548.18,22548-18,O14921,RGS13,Regulator of G-protein signaling 13,GCST90424461,6a218174780d78eb4f9d3510335f2ca4
X22553.4,22553-4,P63173,RPL38,60S ribosomal protein L38,GCST90424462,9fc1487302e4d49cfe19e26238b3e4c7
X22554.101,22554-101,Q7Z7H8,MRPL10,"39S ribosomal protein L10, mitochondrial",GCST90424463,fb2429658745aed31879d377328eb7b1
X22561.3,22561-3,Q6UX82,LYPD8,Uncharacterized protein UNQ511/PRO1026,GCST90424464,2196c000bd321cce555e277c14072e1e
X22563.4,22563-4,Q96J84,KIRREL1,Kin of IRRE-like protein 1,GCST90424465,de6616ead10ad203689b59135c53eaab
X22564.5,22564-5,Q86YD5,LDLRAD3,Low-density lipoprotein receptor class A domain-containing protein 3,GCST90424466,2c211a9423a769c42987d315f427bf31
X22568.7,22568-7,Q86SJ6,DSG4,Desmoglein-4,GCST90424467,4e46c3ea023af275b5e2970f7360a0ac
X22569.55,22569-55,P36897,TGFBR1,TGF-beta receptor type-1,GCST90424468,dfe37775e87a91a5ef8ea9ca3eff1331
X22572.19,22572-19,P0DJD7,PGA4,Pepsin A-4,GCST90424469,75e7367a4bb064e82f563aec4c756edf
X22576.1,22576-1,Q9NNX6,CD209,CD209 antigen,GCST90424470,28b4a7eee070e811bd01476aefd6e384
X22576.2,22576-2,Q9NNX6,CD209,CD209 antigen,GCST90424471,cbd5e354c0c24e6cbc012d7e95024bbf
X22578.17,22578-17,Q9HCK4,ROBO2,Roundabout homolog 2,GCST90424472,7e855336a9b04d518fef1d09acdacc72
X22579.93,22579-93,P58400,NRXN1,Neurexin-1-beta,GCST90424473,0edb61f354f31f109514cd26680dc64f
X22580.29,22580-29,O43921,EFNA2,Ephrin-A2,GCST90424474,f9c0f43844e3b2277ee6314b317a9211
X22583.47,22583-47,Q9BZM5,ULBP2,NKG2D ligand 2,GCST90424475,be16d517fdee11814138f8359c0f1d06
X22584.2,22584-2,O75581,LRP6,Low-density lipoprotein receptor-related protein 6,GCST90424476,13df6297abcf63c0e60ab8551fd77fde
X22585.5,22585-5,Q9ULV1,FZD4,Frizzled-4,GCST90424477,2e2768a49bbe07b788fe5e8ca04c563b
X22586.24,22586-24,Q8WVV5,BTN2A2,Butyrophilin subfamily 2 member A2,GCST90424478,f8d40cd490343c4a251b124402763750
X22587.37,22587-37,Q9UF33,EPHA6,Ephrin type-A receptor 6,GCST90424479,1373ee9fc112380167e14c85c9f37c4e
X22588.35,22588-35,O60241,ADGRB2,Adhesion G protein-coupled receptor B2,GCST90424480,73f70290fde560d3c475d53f7481b655
X22589.3,22589-3,Q14332,FZD2,Frizzled-2,GCST90424481,03097835cca06158b924e879f0121727
X22590.68,22590-68,Q9UP38,FZD1,Frizzled-1,GCST90424482,b6df62d8ad92f55c28ff3959d2317dca
X22591.4,22591-4,O00144,FZD9,Frizzled-9,GCST90424483,d204f20f4295e217cdc5e4b5416da637
X22770.22,22770-22,Q96DW6,SLC25A38,Solute carrier family 25 member 38,GCST90424484,a061fa5d34939feb2f3c95622078b1c8
X22771.6,22771-6,Q8N8I0,SAMD12,Sterile alpha motif domain-containing protein 12,GCST90424485,cc13e93c85bc758108fb37739e6054a3
X22772.125,22772-125,Q9Y512,SAMM50,Sorting and assembly machinery component 50 homolog,GCST90424486,a8ddf9db5c438e065ee9899f9d70525f
X22773.69,22773-69,P21912,SDHB,"Succinate dehydrogenase [ubiquinone] iron-sulfur subunit, mitochondrial",GCST90424487,8ac97204c15277cec6b3843f7a53991e
X22774.20,22774-20,Q9BSV6,TSEN34,tRNA-splicing endonuclease subunit Sen34,GCST90424488,0bb5cd8eb8a6d27f44137a208f2b1e10
X22777.46,22777-46,Q13309,SKP2,S-phase kinase-associated protein 2,GCST90424489,b311db2f29f0d0d576668dbd89e54f59
X22779.75,22779-75,Q147U7,SMCO1,Single-pass membrane and coiled-coil domain-containing protein 1,GCST90424490,3e1336e57058f69d345f6c656359622e
X2278.61,2278-61,P16035,TIMP2,Metalloproteinase inhibitor 2,GCST90424491,fcb901d420e2eda07fdc260d0b7de541
X22782.80,22782-80,Q9HBM1,SPC25,Kinetochore protein Spc25,GCST90424492,f3c85723886beedcfef9c285a116bd5b
X22783.40,22783-40,P17947,SPI1,Transcription factor PU.1,GCST90424493,034894d5934571aed2db86e0ccf56671
X22784.4,22784-4,Q8NHS9,SPATA22,Spermatogenesis-associated protein 22,GCST90424494,eeb31d5598b7e7371d78e45bf4d035ee
X22786.57,22786-57,Q5T0L3,SPATA46,Spermatogenesis-associated protein 46,GCST90424495,9f3d388648d60633970ae065be019c92
X22787.39,22787-39,Q5MJ09,SPANXN3,Sperm protein associated with the nucleus on the X chromosome N3,GCST90424496,1c40bc594804bcf9e83a2a5c5273be26
X22788.10,22788-10,Q6IMI4,SULT6B1,Sulfotransferase 6B1,GCST90424497,f4c1112887c8ca3df689db1978de87f3
X22792.21,22792-21,Q9UGM6,WARS2,"Tryptophan--tRNA ligase, mitochondrial",GCST90424498,687534943c9c4cf6a3532be313d61294
X22793.110,22793-110,P52657,GTF2A2,Transcription initiation factor IIA subunit 2,GCST90424499,7da39656356bd8c7fbbc9c457ec6dd5f
X22795.17,22795-17,O75478,TADA2A,Transcriptional adapter 2-alpha,GCST90424500,7296befd94da37ab9effb262519903fe
X22796.17,22796-17,Q96BN2,TADA1,Transcriptional adapter 1,GCST90424501,8a027a0cc709cbedcc020092a1e9375e
X22797.20,22797-20,Q16514,TAF12,Transcription initiation factor TFIID subunit 12,GCST90424502,45e6df2751badff6f1cbe06d9e29df26
X22799.17,22799-17,Q2M2D7,TBC1D28,TBC1 domain family member 28,GCST90424503,5f42e503a313244b3ef88c20322ea3aa
X22800.24,22800-24,O15273,TCAP,Telethonin,GCST90424504,b0b6108f92abb5d5b4572a83df5adeda
X22801.83,22801-83,Q8NHR7,TERB2,Telomere repeats-binding bouquet formation protein 2,GCST90424505,2adadd1b329696520dfab030412b9ce2
X22802.13,22802-13,Q5JUR7,TEX30,Testis-expressed protein 30,GCST90424506,26b46453bc491d2b926628ddbd404baf
X22805.18,22805-18,Q96EK4,THAP11,THAP domain-containing protein 11,GCST90424507,55a56cc753ef8f31281ab8ab0eb5ef9c
X22806.1,22806-1,Q9H0W7,THAP2,THAP domain-containing protein 2,GCST90424508,ae557036c5a4db0b7b4ecac22d2fe390
X22808.59,22808-59,P10828,THRB,Thyroid hormone receptor beta,GCST90424509,a8f252b0413a7f35b8a68b03d007f7a7
X22809.32,22809-32,O14925,TIMM23,Mitochondrial import inner membrane translocase subunit Tim23,GCST90424510,5eab366020edb4311a5497a8bc37fe11
X22810.41,22810-41,Q9BVW5,TIPIN,TIMELESS-interacting protein,GCST90424511,27549357167d9d40ef5db549bcce223d
X22811.5,22811-5,Q96EY4,TMA16,Translation machinery-associated protein 16,GCST90424512,797ba38877e44b0dee2c4528c78b3e3c
X22812.4,22812-4,Q86SZ2,TRAPPC6B,Trafficking protein particle complex subunit 6B,GCST90424513,44d440412edfee8c74ee74e1b86e9e89
X22813.5,22813-5,Q56UQ5,FLJ44635,TPT1-like protein,GCST90424514,375869f729317ba6c0579251c7378b94
X22814.1,22814-1,P14373,TRIM27,Zinc finger protein RFP,GCST90424515,a67705a37f547259260c9b662809229a
X22815.4,22815-4,Q6P9F5,TRIM40,Tripartite motif-containing protein 40,GCST90424516,b8934f68354008234441de9f74764f5a
X22816.4,22816-4,Q9BYV2,TRIM54,Tripartite motif-containing protein 54,GCST90424517,9bdfc27abfe6ce80e6dc7949c7c18391
X22817.126,22817-126,Q9C026,TRIM9,E3 ubiquitin-protein ligase TRIM9,GCST90424518,af5dec5468006eea7429be867b072b8c
X22821.50,22821-50,P13051,UNG,Uracil-DNA glycosylase,GCST90424519,c3914668dc0bb6f94bd35fcb5e0d33da
X22824.53,22824-53,Q8NEY4,ATP6V1C2,V-type proton ATPase subunit C 2,GCST90424520,6202626bb372c65c178e234623ffd3db
X22826.2,22826-2,Q6RSH7,VHLL,Von Hippel-Lindau-like protein,GCST90424521,3a2dde78474ba010f6361f8f1e160f54
X22831.11,22831-11,Q9H171,ZBP1,Z-DNA-binding protein 1,GCST90424522,dc0b0c60a230aec464f6ce1d1cf1f6c8
X22832.9,22832-9,Q8N5P1,ZC3H8,Zinc finger CCCH domain-containing protein 8,GCST90424523,091aa2f778712091795a93b01277352f
X22833.74,22833-74,P0CG32,ZCCHC18,Zinc finger CCHC domain-containing protein 18,GCST90424524,1539cd22577e3a801707e843c91b61d3
X22834.21,22834-21,Q9NPG8,ZDHHC4,Probable palmitoyltransferase ZDHHC4,GCST90424525,a1045bc6fec8bd2e0a2ab8ce797819e5
X22838.39,22838-39,Q9UIE0,ZNF230,Zinc finger protein 230,GCST90424526,e644d83eb4b4c5d3ab4ff3d291ad4681
X22839.23,22839-23,O14978,ZNF263,Zinc finger protein 263,GCST90424527,67383f4207e2a9a1ffdb89ea77644767
X22841.16,22841-16,Q9H7X3,ZNF696,Zinc finger protein 696,GCST90424528,ee3a8ef2bb323139eedb5064e8ea1c22
X22842.85,22842-85,Q9UC07,ZNF69,Zinc finger protein 69,GCST90424529,5b6f82a78b5b7ca1dd396410db1567f2
X22844.4,22844-4,Q19AV6,ZSWIM7,Zinc finger SWIM domain-containing protein 7,GCST90424530,e6add40eaeee991712552a4ff40a9cac
X22845.3,22845-3,O60783,MRPS14,"28S ribosomal protein S14, mitochondrial",GCST90424531,0c6c63e9cb1ada7863d1ccec070a4541
X22847.18,22847-18,Q13043,STK4,Serine/threonine-protein kinase 4,GCST90424532,936ba14c1bfdab6c96112b7437495e02
X22857.5,22857-5,Q96MP8,KCTD7,BTB/POZ domain-containing protein KCTD7,GCST90424533,ddc1987b7fded1addd48f514a1d539d4
X22858.3,22858-3,Q16659,MAPK6,Mitogen-activated protein kinase 6,GCST90424534,21742da2230b405880e689a03f52d964
X22862.44,22862-44,Q96MI6,PPM1M,Protein phosphatase 1M,GCST90424535,a1057a38518a2844abdff0a52b695b88
X22946.55,22946-55,Q13424,SNTA1,Alpha-1-syntrophin,GCST90424536,83b824df12b5c4d76c7dc4bcdc1f251a
X22948.13,22948-13,P12645,BMP3,Bone morphogenetic protein 3,GCST90424537,99f71879b59508b9b855037321e88303
X22950.6,22950-6,O00478,BTN3A3,Butyrophilin subfamily 3 member A3,GCST90424538,d39f2f45c02bf1d6e06bbc195abf56d1
X22952.28,22952-28,O75956,CDK2AP2,Cyclin-dependent kinase 2-associated protein 2,GCST90424539,09dfaf9291d228f0c15607a529e2cabe
X22953.85,22953-85,P17676,CEBPB,CCAAT/enhancer-binding protein beta,GCST90424540,d378021b83cfe413751e10f0eb210416
X22954.10,22954-10,O15247,CLIC2,Chloride intracellular channel protein 2,GCST90424541,a958681928c281cb7fdb13567349387c
X22955.28,22955-28,P09455,RBP1,Retinol-binding protein 1,GCST90424542,fd244706006f265737d1a670f0e56b66
X22958.6,22958-6,P60981,DSTN,Destrin,GCST90424543,59014629e0f06647a81ea6c8b8e772fb
X22959.32,22959-32,Q9UBT3,DKK4,Dickkopf-related protein 4,GCST90424544,b2053f3c98a7f5ce08a3090bf3603f50
X22960.8,22960-8,P31994,FCGR2B,Low affinity immunoglobulin gamma Fc region receptor II-b,GCST90424545,ff6cfe25224c2581f7b6bafa74ac4809
X22961.7,22961-7,O00602,FCN1,Ficolin-1,GCST90424546,c5642ad0169c031004a1a23e2bb0afb5
X22963.3,22963-3,P63027,VAMP2,Vesicle-associated membrane protein 2,GCST90424547,3c23837d204a61c06f62cf3dfb24ec3d
X22966.20,22966-20,O95166,GABARAP,Gamma-aminobutyric acid receptor-associated protein,GCST90424548,ad25e85e305dc51e3ddf03fb7221165e
X22967.15,22967-15,Q7Z4P5,GDF7,Growth/differentiation factor 7,GCST90424549,fcf8490a958b892a29587a79c6245797
X22968.9,22968-9,Q9UEU5,GAGE2D,G antigen 2D,GCST90424550,846db3e26dfbecb7171fc7f74dd2dff1
X22969.12,22969-12,P80098,CCL7,C-C motif chemokine 7,GCST90424551,71f92458e397f22c016cbc728652063a
X22970.8,22970-8,O14908,GIPC1,PDZ domain-containing protein GIPC1,GCST90424552,31f13b615668773f6d806cba079c9ccc
X22972.26,22972-26,P19875,CXCL2,Gro-beta,GCST90424553,052b875dd3933775d32320257d248584
X22973.8,22973-8,P19876,CXCL3,Gro-gamma,GCST90424554,df21db457f8d558ca7224d0b29f73f9d
X22974.25,22974-25,Q16778,H2BC21,Histone H2B type 2-E,GCST90424555,4f103dbfb30a52be153de35ef2f666d8
X22977.18,22977-18,O94992,HEXIM1,Protein HEXIM1,GCST90424556,dc3232dddac9280651547c18c7d33ded
X22978.13,22978-13,P26583,HMGB2,High mobility group protein B2,GCST90424557,b5bc57675c20fd20edf852f8d658ee46
X22981.3,22981-3,P37235,HPCAL1,Hippocalcin-like protein 1,GCST90424558,520dc4ab0983aa64b119d84e9d8d927f
X22984.10,22984-10,Q14240,EIF4A2,Eukaryotic initiation factor 4A-II,GCST90424559,46aa23a35d2e2c0a0ade9ef10cda1639
X22985.160,22985-160,P18065,IGFBP2,Insulin-like growth factor-binding protein 2,GCST90424560,2383d3a54df33fbcced444fd0b1afb9f
X22987.69,22987-69,P45984,MAPK9,Mitogen-activated protein kinase 9,GCST90424561,fdc484d7927281c9bbb8fdb9fba8eefa
X22989.24,22989-24,O14910,LIN7A,Protein lin-7 homolog A,GCST90424562,cb5ec736b5dd1922cacb16ec270e3760
X22990.20,22990-20,Q9HAP6,LIN7B,Protein lin-7 homolog B,GCST90424563,fb0d28176d2baaa7f6f880b1fa3ffbf6
X22991.9,22991-9,P43360,MAGEA6,Melanoma-associated antigen 6,GCST90424564,3383d9878314cc70cb4cdf2e4274f42d
X22992.6,22992-6,Q9UPY8,MAPRE3,Microtubule-associated protein RP/EB family member 3,GCST90424565,525710e86f55e8bf2bf7ad6438974261
X23000.22,23000-22,Q8N2Q7,NLGN1,Neuroligin-1,GCST90424566,1e79c3d7be7f4a38ce980f9a039f846c
X23002.27,23002-27,P58417,NXPH1,Neurexophilin-1,GCST90424567,6345d49642472da3afa4c165d7139019
X23006.19,23006-19,P78356,PIP4K2B,Phosphatidylinositol 5-phosphate 4-kinase type-2 beta,GCST90424568,90c382d86692c9d40a85b6abfe662aca
X23007.8,23007-8,P14923,JUP,Junction plakoglobin,GCST90424569,4b5f6c3efa4e5526c2f1a0651f6a3bc2
X23008.4,23008-4,P61019,RAB2A,Ras-related protein Rab-2A,GCST90424570,39bfcaa6f0986b2c8257916b18e064e7
X23016.24,23016-24,Q92804,TAF15,TATA-binding protein-associated factor 2N,GCST90424571,963c7d0904984827abf3c0902a1c5aac
X23017.17,23017-17,Q96D15,RCN3,Reticulocalbin-3,GCST90424572,115c71c53088be64e35667e15e034fda
X23018.4,23018-4,P48304,REG1B,Lithostathine-1-beta,GCST90424573,ee3fa137b84d8b77d1cb182b93175896
X23020.18,23020-18,P49798,RGS4,Regulator of G-protein signaling 4,GCST90424574,8a50ac4f6c39dceb37597ef0a048459f
X23022.5,23022-5,P31150,GDI1,Rab GDP dissociation inhibitor alpha,GCST90424575,81f87742b6d43e61d5878363b167f0ff
X23023.21,23023-21,Q9HCY8,S100A14,Protein S100-A14,GCST90424576,cb4c36e4ee7d4cd5443dc265b51da5be
X23024.25,23024-25,Q9NR31,SAR1A,GTP-binding protein SAR1a,GCST90424577,c488633f946a64058946bac3ec89e6fc
X23028.49,23028-49,Q9H190,SDCBP2,Syntenin-2,GCST90424578,1ca78cf00ef9e38a0000d1250eaaf19a
X23029.3,23029-3,Q99963,SH3GL3,Endophilin-A3,GCST90424579,f5e08d2cc17273ffdeb07b30fc26c505
X23030.4,23030-4,O15389,SIGLEC5,Sialic acid-binding Ig-like lectin 5,GCST90424580,0f96cdadb4927b0dbf69a22bd44926a0
X23031.6,23031-6,Q8IXJ6,SIRT2,NAD-dependent protein deacetylase sirtuin-2,GCST90424581,542cfaa84cfc8a5b6dab6f4b69d4b602
X23034.13,23034-13,Q9UPU3,SORCS3,VPS10 domain-containing receptor SorCS3,GCST90424582,6f6d7f787fab6cd0c6123450856e2afd
X23037.37,23037-37,P61077,UBE2D3,Ubiquitin-conjugating enzyme E2 D3,GCST90424583,93cb207ea8323d3f5470988dccabd445
X23038.63,23038-63,Q8IZJ1,UNC5B,Netrin receptor UNC5B,GCST90424584,2be597b22554d5064fe25b5691321474
X23039.56,23039-56,P50222,MEOX2,Homeobox protein MOX-2,GCST90424585,c70e97a78877799c01c8f868d0d1551b
X23148.100,23148-100,Q9Y5X9,LIPG,Endothelial cell-derived lipase,GCST90424586,a30229f20e8f271149df50c8bd1485f3
X23152.49,23152-49,Q13829,TNFAIP1,BTB/POZ domain-containing adapter for CUL3-mediated RhoA degradation protein 2,GCST90424587,4268c12ddbaeeddeff79c85ccc34e09b
X23156.146,23156-146,Q92851,CASP10,Caspase-10:region 2,GCST90424588,1751b7b11e4eb95d94563656a1d5a305
X23161.3,23161-3,Q8NC69,KCTD6,BTB/POZ domain-containing protein KCTD6,GCST90424589,e3cae69533ffac41f306d9924671311a
X23162.36,23162-36,Q02779,MAP3K10,Mitogen-activated protein kinase kinase kinase 10,GCST90424590,5f17157c96c9c88b3b57ab1948f6f507
X23164.8,23164-8,Q9Y5U8,MPC1,Mitochondrial pyruvate carrier 1,GCST90424591,28c9141c0396ce564a23adcda6191d81
X23173.3,23173-3,P01033,TIMP1,Metalloproteinase inhibitor 1,GCST90424592,05110fa37ea592dece9a3ac25b0cd1d5
X23176.17,23176-17,Q14118,DAG1,Beta-dystroglycan,GCST90424593,bf241d2e3d7de47434252cfe6c57da07
X23178.95,23178-95,P50135,HNMT,Histamine N-methyltransferase,GCST90424594,5ab0a7ef81a55bd6bd034d392a06b0ff
X23181.2,23181-2,P29376,LTK,Leukocyte tyrosine kinase receptor,GCST90424595,9d985b1eb85367c2162aca557c4c060e
X23183.6,23183-6,Q96EP0,RNF31,E3 ubiquitin-protein ligase RNF31,GCST90424596,51fe07414eb5289f3ae4de567cab5993
X23187.9,23187-9,Q96JH7,VCPIP1,Deubiquitinating protein VCIP135,GCST90424597,332512602208ac8abd21d985da600782
X23200.25,23200-25,Q9BXJ3,C1QTNF4,Complement C1q tumor necrosis factor-related protein 4,GCST90424598,3a74548345affa389200c48e63f96aeb
X23202.78,23202-78,Q96L15,ART5,Ecto-ADP-ribosyltransferase 5,GCST90424599,e4337173a737d4fbca2cecf3161e43cc
X23203.3,23203-3,Q9HB40,SCPEP1,Retinoid-inducible serine carboxypeptidase,GCST90424600,153444d617249222bf39dce922cc8c8f
X23210.4,23210-4,O00321,ETV2,ETS translocation variant 2,GCST90424601,89941387c10b95591a938a719c963a5f
X23212.8,23212-8,Q9NYK6,EURL,Protein EURL homolog,GCST90424602,31bc09a82fd8cbe56473029d90630c2f
X23213.21,23213-21,Q9BRQ4,CFAP300,Uncharacterized protein C11orf70,GCST90424603,e464189c80f8e6ddc3ef26f3d5a4f3fc
X23224.11,23224-11,Q15493,RGN,Regucalcin,GCST90424604,2d20a1a7c22d53a42404c889abce7de1
X23225.26,23225-26,Q9BVG3,TRIM62,E3 ubiquitin-protein ligase TRIM62,GCST90424605,b81eb41058e7d6aeba63264c09081479
X23226.42,23226-42,P24539,ATP5PB,"ATP synthase B chain, mitochondrial",GCST90424606,028cf6dea15620d53de1262ea636dba9
X23228.2,23228-2,Q8N812,C12orf76,Uncharacterized protein C12orf76,GCST90424607,784fcc69e684c9b795683b3938f6fd59
X23241.27,23241-27,Q9Y5J6,TIMM10B,Mitochondrial import inner membrane translocase subunit Tim10 B,GCST90424608,f2fb744a11ff9138eb3437cc008f7667
X23242.2,23242-2,O43805,SSNA1,Sjoegren syndrome nuclear autoantigen 1,GCST90424609,519c1ba1ac581cdd1d1a2f2222d9e6c3
X23243.120,23243-120,P62851,RPS25,40S ribosomal protein S25,GCST90424610,c1cc61cd78301dd373b55f7d58bd137d
X23245.5,23245-5,Q9H0A9,SPATC1L,Speriolin-like protein,GCST90424611,4237ac52b05640ece8ba36627ccf5277
X23246.67,23246-67,P78537,BLOC1S1,Biogenesis of lysosome-related organelles complex 1 subunit 1,GCST90424612,e4a5e34a291dcecae4ed887e7b845634
X23248.1,23248-1,Q96GT9,XAGE2,X antigen family member 2,GCST90424613,20e181707fcd33753c996ca697251e13
X23250.3,23250-3,Q96EI5,TCEAL4,Transcription elongation factor A protein-like 4,GCST90424614,0aaa290b941621aa72dfc98618a028c1
X23252.4,23252-4,Q8WWF6,DNAJB3,DnaJ homolog subfamily B member 3,GCST90424615,1f80553ec5bc34e4feb5a214d1f5a274
X23253.5,23253-5,Q86VU5,COMTD1,Catechol O-methyltransferase domain-containing protein 1,GCST90424616,103ccca36e33deaaeb010bc1e8fe99b1
X23254.31,23254-31,Q9BU61,NDUFAF3,NADH dehydrogenase [ubiquinone] 1 alpha subcomplex assembly factor 3,GCST90424617,5f202d29b46fecf0d28d91fad83e6cd2
X23255.7,23255-7,Q14088,RAB33A,Ras-related protein Rab-33A,GCST90424618,b31e4878dfcd3577ffd8f7373c6bf572
X23256.21,23256-21,A0PJX2,TLDC2,TLD domain-containing protein 2,GCST90424619,33e3c4e10fa53d8aeffb7cfd4a9d857e
X23257.14,23257-14,Q9Y6G5,COMMD10,COMM domain-containing protein 10,GCST90424620,cdd2949cdb91107e5862f3eb43c80147
X23258.56,23258-56,Q96BR5,COA7,Cytochrome c oxidase assembly factor 7,GCST90424621,49818710ecf05571c3bd96c1732fb22f
X23259.23,23259-23,Q8WVE0,EEF1AKMT1,EEF1A lysine methyltransferase 1,GCST90424622,b46d95ab0e3bd9af435893621052eba1
X23261.27,23261-27,Q9BV19,C1orf50,Uncharacterized protein C1orf50,GCST90424623,ad06511c4d8d3edb7460f3dbc6f00404
X23262.11,23262-11,P26998,CRYBB3,Beta-crystallin B3,GCST90424624,a4e1cb5584d041a864c70de6628f0392
X23263.9,23263-9,Q96SI1,KCTD15,BTB/POZ domain-containing protein KCTD15,GCST90424625,614816c5e8f3922bf89496fa3210a3f0
X23264.42,23264-42,Q9BTT4,MED10,Mediator of RNA polymerase II transcription subunit 10,GCST90424626,5daf93111ed2f50e9d950caf5aec9bf1
X23265.15,23265-15,O43399,TPD52L2,Tumor protein D54,GCST90424627,8d3cbcbfb64ce642924c7def61de8565
X23266.62,23266-62,Q8WV92,MITD1,MIT domain-containing protein 1,GCST90424628,d4c035ed24207e11c94f22bc2e2fd7df
X23267.5,23267-5,Q8NC69,KCTD6,BTB/POZ domain-containing protein KCTD6,GCST90424629,0ec1885136582b269fad5c571bafb581
X23268.15,23268-15,Q14331,FRG1,Protein FRG1,GCST90424630,20f772a86624f29ba499ecdf6dabab5a
X23269.40,23269-40,Q8IZR5,CMTM4,CKLF-like MARVEL transmembrane domain-containing protein 4,GCST90424631,0845f6f16faf30613c72d895b6cc034a
X23270.14,23270-14,Q96N06,SPATA33,Spermatogenesis-associated protein 33,GCST90424632,428770f25300488c1112316854a7a3ee
X23272.8,23272-8,Q9BVM2,DPCD,Protein DPCD,GCST90424633,f172f03710c767c9a6d4047ebc592ece
X23273.42,23273-42,Q9BZE7,C22orf23,UPF0193 protein EVG1,GCST90424634,25d8a9b557f6c97815d8c3b5bb7c7c8d
X23274.27,23274-27,Q9HAE3,EFCAB1,EF-hand calcium-binding domain-containing protein 1,GCST90424635,16b025dd0f2d0081c9e2e437dc32d5db
X23275.9,23275-9,Q14714,SSPN,Sarcospan,GCST90424636,9fee8ee67bbd1d80cd6c34e7bd45931b
X23276.14,23276-14,Q2NKX9,C2orf68,UPF0561 protein C2orf68,GCST90424637,f8837345352d5d65dcda025652c058db
X23278.13,23278-13,P52815,MRPL12,"39S ribosomal protein L12, mitochondrial",GCST90424638,a7d1d659cb14dc0137d51042701bd28f
X23280.9,23280-9,Q53H80,AKIRIN2,Akirin-2,GCST90424639,c60bdff480a3abbf05b760f5fd4fe96d
X23281.29,23281-29,Q96BM9,ARL8A,ADP-ribosylation factor-like protein 8A,GCST90424640,6247ca5d1fdec3e6e947032c59a6fa78
X23282.19,23282-19,Q96AX2,RAB37,Ras-related protein Rab-37,GCST90424641,931b86b2515d888623d3582c889eb602
X23284.5,23284-5,P61968,LMO4,LIM domain only transcription factor protein 4,GCST90424642,a2a8e84a29eb21d5afc7165dd9054f25
X23285.51,23285-51,Q14681,KCTD2,BTB/POZ domain-containing protein KCTD2,GCST90424643,06edf22a7c68663f03ef713e6fa75f0e
X23286.2,23286-2,Q8WVD5,RNF141,RING finger protein 141,GCST90424644,18d58e0dc87564c6ac761acbf942703a
X23287.109,23287-109,O95139,NDUFB6,NADH dehydrogenase,GCST90424645,481734780742ce07b8827d4533b8aa55
X23288.28,23288-28,Q8TCA0,LRRC20,Leucine-rich repeat-containing protein 20,GCST90424646,bb6570167bac42973448eff2111c0ce2
X23289.25,23289-25,Q92886,NEUROG1,Neurogenin-1,GCST90424647,b1cf8aa81482cded891e11e2a96b8b2b
X23290.3,23290-3,Q16637,SMN1,Survival motor neuron protein,GCST90424648,37d0402f60c2c9e7aab2ceeb729958a2
X23291.18,23291-18,Q7Z2X4,PID1,"PTB-containing, cubilin and LRP1-interacting protein",GCST90424649,732d7e7159b984678a71986b76f091aa
X23292.1,23292-1,Q8N8E3,CEP112,Centrosomal protein of 112 kDa,GCST90424650,fdfacb13c8dc74995765edcb77b196e7
X23294.19,23294-19,Q9UH92,MLX,Max-like protein X,GCST90424651,c0526a55a8e2260a7b3d9acdb8979a6e
X23296.29,23296-29,Q5T4F7,SFRP5,SARP-3,GCST90424652,20e19f8c04ce59f18099887ae2e6d8b5
X23298.148,23298-148,Q5T1C6,THEM4,Acyl-coenzyme A thioesterase THEM4,GCST90424653,0fdecc312b4b203c1ee6e9a2d0a9fb0c
X23299.52,23299-52,O94811,TPPP,Tubulin polymerization-promoting protein,GCST90424654,e3a8f76b594ce27b00655a1534b1a321
X2330.2,2330-2,P48061,CXCL12,Stromal cell-derived factor 1,GCST90424655,38220334d425c483750e22f582cdb415
X23300.3,23300-3,Q6ZRY4,RBPMS2,RNA-binding protein with multiple splicing 2,GCST90424656,3db2640060f77b1b8992359b0f1f5ff0
X23301.2,23301-2,P35548,MSX2,MSX-2,GCST90424657,14af33ae80f67cd5151f8a76ea1fc1da
X23302.19,23302-19,Q96B36,AKT1S1,Proline-rich AKT1 substrate 1,GCST90424658,3f6c79103e871fb16a0643df4dce9acd
X23305.38,23305-38,Q9BRK0,REEP2,Receptor expression-enhancing protein 2,GCST90424659,54f4365a67fc1a8b9fb9ea62622c1a3e
X23306.37,23306-37,Q6P1K2,PMF1,Polyamine-modulated factor 1,GCST90424660,92343da78ea61b57db4a1c0a5a6b68ea
X23307.7,23307-7,Q96AJ1,CLUAP1,Clusterin-associated protein 1,GCST90424661,a39f86562af1026c9d52f60a63ebb1cb
X23308.31,23308-31,Q719H9,KCTD1,BTB/POZ domain-containing protein KCTD1,GCST90424662,d90a528344180d82734368436a6bdb70
X23309.11,23309-11,Q9P2W1,PSMC3IP,Homologous-pairing protein 2 homolog,GCST90424663,9a2beabe3d09d7850578704f76889513
X23310.51,23310-51,P57729,RAB38,Ras-related protein Rab-38,GCST90424664,ddc6808ed797fdcd3ece11fc01a08196
X23311.19,23311-19,Q9BUL9,RPP25,Ribonuclease P protein subunit p25,GCST90424665,8bc0b4d7b1baa437aac9c08f519bc7e0
X23312.16,23312-16,Q5HYI8,RABL3,Rab-like protein 3,GCST90424666,4375a9e74fed6224bf32c723348ef14a
X23314.46,23314-46,Q8IW40,CCDC103,Coiled-coil domain-containing protein 103,GCST90424667,f7019ace4bff60911a09bf630b8a9646
X23315.30,23315-30,Q8IZU0,FAM9B,Protein FAM9B,GCST90424668,10c99d2974f0d72cdc64f6879cecb549
X23317.10,23317-10,Q6UWP2,DHRS11,Dehydrogenase/reductase SDR family member 11,GCST90424669,4e73b394a63b3d713745b937e55d596a
X23318.60,23318-60,Q9UKL6,PCTP,Phosphatidylcholine transfer protein,GCST90424670,39e813be503e5d102bdda966dabecdbf
X23319.6,23319-6,Q8WV99,ZFAND2B,AN1-type zinc finger protein 2B,GCST90424671,95cd8b219174902bd5e5a5f3123fab96
X23320.11,23320-11,Q9H7P6,MVB12B,Multivesicular body subunit 12B,GCST90424672,a3d05c538ed1c39a9f1f7483489030b8
X23321.42,23321-42,Q8NBZ0,INO80E,Coiled-coil domain-containing protein 95,GCST90424673,20f53b8262fa1f20062e4555bd91837b
X23322.2,23322-2,O60682,MSC,Musculin,GCST90424674,086ce085e6cf551c3d7ed3597a78fdbb
X23323.25,23323-25,Q68J44,DUPD1,Dual specificity phosphatase DUPD1,GCST90424675,8aa2b4965b82548b4337ee8517f4f53b
X23324.6,23324-6,Q12988,HSPB3,Heat shock protein beta-3,GCST90424676,17544f684831d67910ad268ae7d7cb80
X23325.18,23325-18,Q96MC5,BMERB1,Uncharacterized protein C16orf45,GCST90424677,ac6708103991a1c899761f3871540fba
X23326.10,23326-10,P09210,GSTA2,Glutathione S-transferase A2,GCST90424678,14c6e1cecdf4a42ea2cded0f2c945c2c
X23327.1,23327-1,Q969J3,BORCS5,BLOC-1-related complex subunit 5,GCST90424679,d0cd26c5d68b72f7a4ea881bff3ed83e
X23329.52,23329-52,P61018,RAB4B,Ras-related protein Rab-4B,GCST90424680,2f8d851cd9b7866aebc80df38e2d46e7
X2333.72,2333-72,P01137,TGFB1,Transforming growth factor beta-1,GCST90424681,ee422659939005c730a2453095b56ed7
X23330.12,23330-12,Q96NT3,GUCD1,Uncharacterized protein C22orf13,GCST90424682,bec929257399b507b61ae8777a2e165a
X23334.21,23334-21,Q5T5A8,LCE3C,Late cornified envelope protein 3C,GCST90424683,2d42ec1cc692caa7c4ed594e07817a73
X23335.31,23335-31,H3BQW9,H3BQW9,Protein FAM229A,GCST90424684,ec51f99b267ae3a5cc57f3b219132ae1
X23336.2,23336-2,Q8N5I3,KCNRG,Putative potassium channel regulatory protein,GCST90424685,e237d775096a1f0b1d3c64675d9a8063
X23337.54,23337-54,Q9H3F6,KCTD10,BTB/POZ domain-containing adapter for CUL3-mediated RhoA degradation protein 3,GCST90424686,c5a1e266eb8766d3fe37fb8d6fcd9cc0
X23339.46,23339-46,Q7RTU0,TCF24,Transcription factor 24,GCST90424687,f6512f163956ec2364620c0c7d639adb
X23340.37,23340-37,Q9BV20,MRI1,Methylthioribose-1-phosphate isomerase,GCST90424688,4cdf10c1f9dfdbba175542a5ace9264c
X23341.16,23341-16,Q14565,DMC1,Meiotic recombination protein DMC1/LIM15 homolog,GCST90424689,62b80c9e0177a99b25c2d37a8109e6b1
X23342.4,23342-4,A6NEK1,ARRDC5,Arrestin domain-containing protein 5,GCST90424690,883493d0afeb59997f47c53503f9e5e7
X23343.6,23343-6,Q9GZN7,ROGDI,Protein rogdi homolog,GCST90424691,e6ca14d456b8524a10390809db042bc6
X23345.2,23345-2,Q8N987,NECAB1,N-terminal EF-hand calcium-binding protein 1,GCST90424692,532bac4e27de81a702e549472f9cc0df
X23350.66,23350-66,Q9BPY3,FAM118B,Protein FAM118B,GCST90424693,169d73a7eac7cc602b53905489031e29
X23352.9,23352-9,Q96EV8,DTNBP1,Dysbindin,GCST90424694,2cc7a6b94ff76c39c1d89c24442ae2b1
X23354.12,23354-12,P53672,CRYBA2,Beta-crystallin A2,GCST90424695,16cd459155262935d500666ea89cb139
X23356.32,23356-32,Q8N4L8,CCDC24,Coiled-coil domain-containing protein 24,GCST90424696,b879468243744e15cec480b3fc89a3cf
X23358.42,23358-42,Q9NWS6,FAM118A,Protein FAM118A,GCST90424697,2e55e7ec7246247e6d1bf2659aed0eb6
X23359.25,23359-25,Q15007,WTAP,Pre-mRNA-splicing regulator WTAP,GCST90424698,9d3c190ff03bbbc2ad7a91333d36e55c
X23361.20,23361-20,Q9BWF3,RBM4,RNA-binding protein 4,GCST90424699,0a8bc6c3fdfbeac62c11f12d8ad0d907
X23363.41,23363-41,Q15366,PCBP2,Poly(rC)-binding protein 2,GCST90424700,781463f05f3a09d1b6013c622f4cc83c
X23364.3,23364-3,Q9HA47,UCK1,Uridine-cytidine kinase 1,GCST90424701,46a6760f4d30b627e0c21b11f1f35e69
X23365.7,23365-7,Q8TC99,FNDC8,Fibronectin type III domain-containing protein 8,GCST90424702,8ed1f77b6d2abd226ea62d647e96b768
X23366.15,23366-15,Q96S82,UBL7,Ubiquitin-like protein 7,GCST90424703,1c92d4418489a1b7bc7f18b56604820f
X23367.8,23367-8,Q6AI12,ANKRD40,Ankyrin repeat domain-containing protein 40,GCST90424704,2e669644bcb2614bce310e052604fe11
X23369.17,23369-17,O14832,PHYH,"Phytanoyl-CoA dioxygenase, peroxisomal",GCST90424705,80bb5bae0ddc0a2b39ec9813e46c9f81
X23370.39,23370-39,O43448,KCNAB3,Voltage-gated potassium channel subunit beta-3,GCST90424706,1dea42f01de0ffab701db50a32cdc922
X23371.5,23371-5,Q9GZT8,NIF3L1,NIF3-like protein 1,GCST90424707,36caad19f662f8083227622faac9942f
X23373.77,23373-77,Q9H2P9,DPH5,Diphthine methyl ester synthase,GCST90424708,c873ceaaddfbc123160757faea58b557
X23374.42,23374-42,Q96P71,NECAB3,N-terminal EF-hand calcium-binding protein 3,GCST90424709,61bb5aa4bb567682140a62902cf8a4c7
X23375.4,23375-4,O75679,RFPL3,Ret finger protein-like 3,GCST90424710,534979b21e7c2612760a2ef0f2f400a8
X23376.56,23376-56,O15144,ARPC2,Actin-related protein 2/3 complex subunit 2,GCST90424711,9c9872d0cc21d4c223405a33e0682d29
X23378.29,23378-29,Q9UFW8,CGGBP1,CGG triplet repeat-binding protein 1,GCST90424712,b9f5b2cad21f613d8d028e4e3f602e8c
X23379.60,23379-60,Q14CZ0,C16orf72,UPF0472 protein C16orf72,GCST90424713,fcd588d8dad87a62826b8f0b37eab701
X23380.16,23380-16,Q96EM0,L3HYPDH,Trans-3-hydroxy-L-proline dehydratase,GCST90424714,3c27e975c79a9ccbad59c503be55337a
X23381.8,23381-8,Q8WYJ6,SEPTIN1,Septin-1,GCST90424715,e8aa7c153cca0895b0d2bba1271f04e9
X23382.30,23382-30,Q9NNX9,VCX3A,Variable charge X-linked protein 3,GCST90424716,6d0a5b5b9dc4255b8c19515b3403d048
X23384.19,23384-19,Q8N5Z5,KCTD17,BTB/POZ domain-containing protein KCTD17,GCST90424717,ea53fa2ec32907b9dc3fdb987c2b4698
X23385.18,23385-18,Q8WTX7,CASTOR1,Cytosolic arginine sensor for mTORC1 subunit 1,GCST90424718,b10c050fb542cb1d65c506c00a5d615a
X23386.38,23386-38,B9ZVM9,B9ZVM9,T-complex protein 10A homolog 2,GCST90424719,6321aed682fc63d78a642d9bd4f83066
X23387.18,23387-18,O75663,TIPRL,TIP41-like protein,GCST90424720,192cddac46077d6e3c526891be7935b7
X23389.28,23389-28,Q96GK7,FAHD2A,Fumarylacetoacetate hydrolase domain-containing protein 2A,GCST90424721,61c7b7b8e197e0fcece171788ca36a37
X23392.41,23392-41,Q9HB20,PLEKHA3,Pleckstrin homology domain-containing family A member 3,GCST90424722,2aff603fd1a2dd34d44f7652ad97d579
X23393.56,23393-56,Q8WTS1,ABHD5,1-acylglycerol-3-phosphate O-acyltransferase ABHD5,GCST90424723,9ef66a69d6b84de2bbdef882ef6babdc
X23394.125,23394-125,O43903,GAS2,Growth arrest-specific protein 2,GCST90424724,73ebd55b16c78624adedece5a32cf6a5
X23395.5,23395-5,Q5VWX1,KHDRBS2,"KH domain-containing, RNA-binding, signal transduction-associated protein 2",GCST90424725,17fbbd29a87061b6f5d7c7d148378ddd
X23396.21,23396-21,Q6IBS0,TWF2,Twinfilin-2,GCST90424726,bc379048a640754839b417e595452121
X23398.1,23398-1,P0CAP2,POLR2M,DNA-directed RNA polymerase II subunit GRINL1A,GCST90424727,6567b68351626d9b527418417f5b892c
X23401.3,23401-3,Q96EP5,DAZAP1,DAZ-associated protein 1,GCST90424728,2d60c8f7c1e70b4b90aaf3810ebab97f
X23402.147,23402-147,Q96MZ0,GDAP1L1,Ganglioside-induced differentiation-associated protein 1-like 1,GCST90424729,2765f28283bd72ee144b490811c751e1
X23403.64,23403-64,Q9H3Q1,CDC42EP4,Cdc42 effector protein 4,GCST90424730,bba4d9ad6f0dd97afaa03e12b6b42e39
X23405.33,23405-33,Q8N7B1,HORMAD2,HORMA domain-containing protein 2,GCST90424731,d0c0e518883c607eb47ecf2c1c5bc932
X23406.3,23406-3,Q8WWW0,RASSF5,Ras association domain-containing protein 5,GCST90424732,130b0627bc259507b72e5fe7063bfe29
X23407.9,23407-9,Q9NV23,OLAH,"S-acyl fatty acid synthase thioesterase, medium chain",GCST90424733,c9a084e71d6439b278e44a888d04fdc4
X23408.1,23408-1,P57768,SNX16,Sorting nexin 16,GCST90424734,d244079e6ea9e7315e895afd39da8d49
X23409.83,23409-83,Q96A49,SYAP1,Synapse-associated protein 1,GCST90424735,2c251b9a20a0c53752602a8b2f79d809
X23410.46,23410-46,Q7L2H7,EIF3M,Eukaryotic translation initiation factor 3 subunit M,GCST90424736,73e8976b2ec0755021be071c8498a832
X23411.108,23411-108,Q9UL42,PNMA2,Paraneoplastic antigen Ma2,GCST90424737,fdc8e0c6526f220318036b1132a7bd8d
X23413.38,23413-38,Q5TZF3,ANKRD45,Ankyrin repeat domain-containing protein 45,GCST90424738,e3d39f96c25557f33b7979d725207050
X23414.12,23414-12,Q8TF39,ZNF483,Zinc finger protein 483,GCST90424739,4aa666c1562da580e629dbebf1595c92
X23416.47,23416-47,Q9NRS6,SNX15,Sorting nexin-15,GCST90424740,3420350d3927a1bea2f6a70102b6e6e9
X23418.66,23418-66,Q53HC0,CCDC92,Coiled-coil domain-containing protein 92,GCST90424741,e75ca4e9de3b63824a6402c58ef996a7
X23424.4,23424-4,C9JTQ0,C9JTQ0,Ankyrin repeat domain-containing protein 63,GCST90424742,039b1db0c9d9e986ebde617ea5da8736
X23425.19,23425-19,Q8TAM6,ERMN,Ermin,GCST90424743,44193207eff0138ef1d6db21259e890c
X23426.1,23426-1,Q9H320,VCX,Variable charge X-linked protein 1,GCST90424744,7b1f892be9e20d177405e950f502f2a5
X23518.7,23518-7,Q6UXP7,FAM151B,Protein FAM151B,GCST90424745,d6a0b3e065e8e54c418fb727c5055977
X23519.91,23519-91,A6NGB7,TMEM221,Transmembrane protein 221,GCST90424746,de889574b2bb1311b3d9fef48d70ef85
X23520.60,23520-60,Q68D91,MBLAC2,Beta-lactamase-like protein FLJ75971,GCST90424747,2cf171957b0f86f693c55d27dca8a4b1
X23521.29,23521-29,Q9Y5B8,NME7,Nucleoside diphosphate kinase 7,GCST90424748,ce1ceb2b67628dc77e1c2f00e3ab6b05
X23522.1,23522-1,P0DJR0,GIMD1,GTPase IMAP family member GIMD1,GCST90424749,2a9fd495b9d2078190b9dfa5ca3ecd88
X23523.14,23523-14,Q9H0Q0,CYRIA,Protein FAM49A,GCST90424750,4cb927b5a710918e2d9c12de8f954ad2
X23524.2,23524-2,Q96AB6,NTAN1,Protein N-terminal asparagine amidohydrolase,GCST90424751,fb1f698e75c360c91d324d866d926f5a
X23525.27,23525-27,Q9Y314,NOSIP,Nitric oxide synthase-interacting protein,GCST90424752,14b1f6b7c1c56f622b5bd9d1b27ae8a9
X23526.25,23526-25,Q96EK9,KTI12,Protein KTI12 homolog,GCST90424753,83d97eee488db107caff825465e14e83
X23528.199,23528-199,Q96FC7,PHYHIPL,Phytanoyl-CoA hydroxylase-interacting protein-like,GCST90424754,5efffbd1455a49c27e67a485937a2713
X23529.11,23529-11,Q9NQZ5,STARD7,"StAR-related lipid transfer protein 7, mitochondrial",GCST90424755,e6f5ad1f0885610e81eeb705abf42ab7
X23531.79,23531-79,Q96JZ2,HSH2D,Hematopoietic SH2 domain-containing protein,GCST90424756,6a3a51485edd179af3823cb0d58210e8
X23535.3,23535-3,Q8TCE6,DENND10,Protein FAM45A,GCST90424757,13d9b6e1988f091367e369fff272f0d6
X23536.14,23536-14,I3L1E1,I3L1E1,Uncharacterized protein C19orf84,GCST90424758,80d64ca10f1a127ef607f3998acb0ace
X23537.4,23537-4,Q3SY56,SP6,Transcription factor Sp6,GCST90424759,6c8560497e88267ff0170f7e12379bd9
X23540.3,23540-3,P51948,MNAT1,CDK-activating kinase assembly factor MAT1,GCST90424760,186f25a0e6ed9a59fd961aa96be7c916
X23541.61,23541-61,Q8N0X4,CLYBL,"Citrate lyase subunit beta-like protein, mitochondrial",GCST90424761,e758c20e7a7bccfd2b0c17c29636a5bb
X23542.8,23542-8,Q9H4A5,GOLPH3L,Golgi phosphoprotein 3-like,GCST90424762,e15132f5193f8d59e672331a162a839f
X23543.92,23543-92,Q8WWH5,TRUB1,Probable tRNA pseudouridine synthase 1,GCST90424763,2f0d690fd95be45b84bd1243ec4de3df
X23544.10,23544-10,Q12799,TCP10L3,T-complex protein 10A homolog,GCST90424764,dd555c4cc7811fb69577e2aa203d5842
X23545.6,23545-6,Q9GZM8,NDEL1,Nuclear distribution protein nudE-like 1,GCST90424765,45313098ea6de2d8cf29a7532577d34d
X23546.9,23546-9,Q6PII5,HAGHL,Hydroxyacylglutathione hydrolase-like protein,GCST90424766,1e5c0b61c9650f4a55b4d5d5cdb37cfd
X23547.21,23547-21,O75764,TCEA3,Transcription elongation factor A protein 3,GCST90424767,901f7602129a1b9e693699378b36c787
X23550.10,23550-10,Q8NAX2,KDF1,Keratinocyte differentiation factor 1,GCST90424768,7ad361a7eeef29c76c6a0ba69898e842
X23553.1,23553-1,Q9P2A4,ABI3,ABI gene family member 3,GCST90424769,e759a31409ab2bc2262cd7e231fd4006
X23554.2,23554-2,Q96IW2,SHD,SH2 domain-containing adapter protein D,GCST90424770,af231fad9a4bcfa9efd5b5dc4deb22fa
X23555.11,23555-11,P55042,RRAD,GTP-binding protein RAD,GCST90424771,e269c49244f816f68b98d64e09d6d633
X23556.4,23556-4,Q14135,VGLL4,Transcription cofactor vestigial-like protein 4,GCST90424772,299555be6b6113287e6d8c4e8c638915
X23557.110,23557-110,P47756,CAPZB,F-actin-capping protein subunit beta,GCST90424773,bffbe45e20707113536738557911066d
X23558.33,23558-33,Q6P1Q9,METTL2B,Methyltransferase-like protein 2B,GCST90424774,ab1b3d60ce78f998fd7787f1698b4180
X23559.10,23559-10,Q96HY6,DDRGK1,DDRGK domain-containing protein 1,GCST90424775,4c7718145c0425936731b02bca7a3919
X23561.4,23561-4,Q96F63,CCDC97,Coiled-coil domain-containing protein 97,GCST90424776,a7325b3efb32498a8e0e56b50c5fd74a
X23564.83,23564-83,Q5VZV1,METTL21C,Protein-lysine methyltransferase METTL21C,GCST90424777,a1c7d8519cf2f596d77ad00f383dce79
X23566.6,23566-6,Q9BQE5,APOL2,Apolipoprotein-L2,GCST90424778,4f7186ace2deb5f43cf1f09cad499fd6
X23567.37,23567-37,P50148,GNAQ,Guanine nucleotide-binding protein G(q) subunit alpha,GCST90424779,7b1c397521f73f6eb97852b567165637
X23568.41,23568-41,O14770,MEIS2,Homeobox protein Meis2,GCST90424780,839c51bed27329657e49c6a579b48d8d
X23569.53,23569-53,Q9Y365,STARD10,START domain-containing protein 10,GCST90424781,7c4cd8917de4df34da130869ec045e19
X23570.87,23570-87,Q9P0L1,ZKSCAN7,Zinc finger protein with KRAB and SCAN domains 7,GCST90424782,3107787386ac286ece4f26d0b077a66f
X23571.93,23571-93,Q9BW85,YJU2,Coiled-coil domain-containing protein 94,GCST90424783,53158f5d7553cdfccb6a437db3fd1b13
X23572.186,23572-186,Q6IPR3,TYW3,tRNA wybutosine-synthesizing protein 3 homolog,GCST90424784,16b3747fc52d515850fa6fb4c726ba33
X23575.58,23575-58,Q49B96,COX19,Cytochrome c oxidase assembly protein COX19,GCST90424785,1b5f67b39e43abd32cb1f2876a414897
X23576.46,23576-46,Q9NWD9,BEX4,Protein BEX4,GCST90424786,a7f437c3ff7f8a0b6a77c08d66b2854d
X23578.6,23578-6,Q9BZL3,SMIM3,Small integral membrane protein 3,GCST90424787,1cd6782373c1a69401ce097dbbbeadf0
X23579.3,23579-3,Q5H943,CT83,Kita-kyushu lung cancer antigen 1,GCST90424788,d8f8dd4ae33566563f2585d711875286
X2358.19,2358-19,P35916,FLT4,Vascular endothelial growth factor receptor 3,GCST90424789,7732406450f81723dc45d8dc2e609c89
X23580.2,23580-2,Q8IV56,PRR15,Proline-rich protein 15,GCST90424790,6d22b0d6e88b78c3806c642e764fc826
X23581.131,23581-131,Q9UBU3,GHRL,Obestatin,GCST90424791,172205d9c7d0b3bf381eb5457d3352d4
X23584.2,23584-2,Q9NV35,NUDT15,Nucleotide triphosphate diphosphatase NUDT15,GCST90424792,3978ce082ab2076c314c50bed2b3f74b
X23586.32,23586-32,P78358,CTAG1A,Cancer/testis antigen 1B,GCST90424793,35115ad2d45516077749e3302b3832f3
X23588.9,23588-9,Q6YN16,HSDL2,Hydroxysteroid dehydrogenase-like protein 2,GCST90424794,43a4823a3e73cb88873262b8b46d3941
X23589.21,23589-21,Q86WC6,PPP1R27,Protein phosphatase 1 regulatory subunit 27,GCST90424795,b1fcc1f1963580f9c4e27663fba3f860
X23591.9,23591-9,Q8NHP7,EXD1,piRNA biogenesis protein EXD1,GCST90424796,e9fc7f78f43f9ff77a458bfeda24f1e6
X23593.14,23593-14,Q8IYB1,MB21D2,Protein MB21D2,GCST90424797,10ea8125e0b6b663df7381780128fad5
X23594.2,23594-2,Q86WQ0,NR2C2AP,Nuclear receptor 2C2-associated protein,GCST90424798,d5fe96bfa2adbcb0687f1742a269fb40
X23595.6,23595-6,Q8IV20,LACC1,Laccase domain-containing protein 1,GCST90424799,e52aaa07790a7ae04d98cc82b0c3d48f
X23596.17,23596-17,Q8N998,CCDC89,Coiled-coil domain-containing protein 89,GCST90424800,dc25e9f0dbd0f494829833ea96a1b15d
X23597.11,23597-11,O95081,AGFG2,Arf-GAP domain and FG repeat-containing protein 2,GCST90424801,ddb0083c25247fcfc06499d90ae16f07
X23601.43,23601-43,Q8WYK0,ACOT12,Acyl-coenzyme A thioesterase 12,GCST90424802,2a4350f609dca26e0ad19dd6362f6a3d
X23602.35,23602-35,Q6IQ20,NAPEPLD,N-acyl-phosphatidylethanolamine-hydrolyzing phospholipase D,GCST90424803,e1e029ad341ca60234db0326e4ea1638
X23605.3,23605-3,Q9NUJ3,TCP11L1,T-complex protein 11-like protein 1,GCST90424804,aa3a73685ea333df5983a9ec1f299f65
X23606.18,23606-18,Q5PRF9,SAMD4B,Sterile alpha motif domain-containing protein 4B,GCST90424805,e35369b7e38f0f1c065b6fa534fe070e
X23607.1,23607-1,Q8IYS4,C16orf71,Uncharacterized protein C16orf71,GCST90424806,32041c5b9269bb3190785ff61101ea29
X23611.16,23611-16,Q8N4S9,MARVELD2,MARVEL domain-containing protein 2,GCST90424807,d4841c85ac72765f6abfea54a1e42a61
X23615.4,23615-4,Q9UI30,TRMT112,TRM112-like protein,GCST90424808,3056445c9c620f245bdea39d5bdebd72
X23617.15,23617-15,Q9NX55,HYPK,Huntingtin-interacting protein K,GCST90424809,80d2ba86c6a3cd60ad1995229d204547
X23618.23,23618-23,O00488,ZNF593,Zinc finger protein 593,GCST90424810,aace6187e2dc552e6b74919ff5736c3e
X23619.235,23619-235,Q9UNZ5,C19orf53,Leydig cell tumor 10 kDa protein homolog,GCST90424811,ea421a1a24a84c58f5d0bda1d8925e32
X23620.16,23620-16,Q6JBY9,RCSD1,CapZ-interacting protein,GCST90424812,b39dfc77dd5ed276b12b543d86ac3215
X23621.326,23621-326,Q9Y5L4,TIMM13,Mitochondrial import inner membrane translocase subunit Tim13,GCST90424813,47fc14615132005de1e92882a3dd84c3
X23622.128,23622-128,Q9NRY2,INIP,SOSS complex subunit C,GCST90424814,cd8a65b5166a84691cd52f65b9e72015
X23623.48,23623-48,Q96G61,NUDT11,Diphosphoinositol polyphosphate phosphohydrolase 3-beta,GCST90424815,313b93596f3641545a66e110a93d230a
X23624.34,23624-34,Q9NZ42,PSENEN,Gamma-secretase subunit PEN-2,GCST90424816,03da0be84575b72c88ca76bf49499aaf
X23625.44,23625-44,Q96AT1,KIAA1143,Uncharacterized protein KIAA1143,GCST90424817,319326c5c7a4e9e3262933829e83c00e
X23627.3,23627-3,Q5VUM1,SDHAF4,UPF0369 protein C6orf57,GCST90424818,eb297e73060460b12d8af771edad3c90
X23629.4,23629-4,Q2NL98,VMAC,Vimentin-type intermediate filament-associated coiled-coil protein,GCST90424819,9a35c289fa9179c81d67276379b1a158
X23631.1,23631-1,Q01415,GALK2,N-acetylgalactosamine kinase,GCST90424820,170a72ad6ae45067f15760b547855ad2
X23632.22,23632-22,Q499Z3,SLFNL1,Schlafen-like protein 1,GCST90424821,761d77ceec5e675b3b61349ac857ae3b
X23637.55,23637-55,Q96BH1,RNF25,E3 ubiquitin-protein ligase RNF25,GCST90424822,13992dbff2680c25737e1237664c9a77
X23638.3,23638-3,Q8N4J0,CARNMT1,Carnosine N-methyltransferase,GCST90424823,eca2d762bc93ec4570fd6d721a7d1a4b
X23639.93,23639-93,Q8NDH3,NPEPL1,Probable aminopeptidase NPEPL1,GCST90424824,93e3eca9abe02ea0c5eef071b7593545
X23640.10,23640-10,Q9NZN4,EHD2,EH domain-containing protein 2,GCST90424825,f12d19539d57f192d3f0a9c007511ffb
X23644.19,23644-19,Q3LXA3,TKFC,Dihydroxyacetone kinase,GCST90424826,a190df8c530fab795bc956bbdae41d2f
X23645.49,23645-49,Q9UJ83,HACL1,2-hydroxyacyl-CoA lyase 1,GCST90424827,eaf9f0bb6b9f1d6c583201ec0391b930
X23646.5,23646-5,Q9NZN9,AIPL1,Aryl-hydrocarbon-interacting protein-like 1,GCST90424828,ee14f1fd0330a0b22ca691ba439d4c64
X23648.36,23648-36,Q8WTU0,DDI1,Protein DDI1 homolog 1,GCST90424829,93f36b9083b12f47435bb3ae340bc4a1
X23649.6,23649-6,O95198,KLHL2,Kelch-like protein 2,GCST90424830,aee78186bc725d38c5ecfe2c0b4a0eb7
X23650.2,23650-2,Q08495,DMTN,Dematin,GCST90424831,ea144138173e4e430d675dd896731744
X23652.15,23652-15,Q9P0Z9,PIPOX,Peroxisomal sarcosine oxidase,GCST90424832,1e304d7652df6db0b6a1132944012e88
X23654.6,23654-6,Q9H553,ALG2,"Alpha-1,3-mannosyltransferase ALG2",GCST90424833,aa99e7f56bf2563ec849181a2044c8c0
X23656.9,23656-9,Q96PZ0,PUS7,Pseudouridylate synthase 7 homolog,GCST90424834,2120d9903dc54d08193b0cc2436340b9
X23657.102,23657-102,Q8WVV9,HNRNPLL,Heterogeneous nuclear ribonucleoprotein L-like,GCST90424835,c1ff8cbf8925044a77a8541f2c9de0cf
X23658.1,23658-1,Q96I59,NARS2,"Probable asparagine--tRNA ligase, mitochondrial",GCST90424836,d2a5de22ac2a2f0ecc006870c9a6c456
X23659.2,23659-2,Q9Y6E2,BZW2,Basic leucine zipper and W2 domain-containing protein 2,GCST90424837,291497fe94350d686d76498cf8cc1358
X23660.112,23660-112,O60662,KLHL41,Kelch-like protein 41,GCST90424838,796cf2deaa615a84449859d81b7c0c56
X23661.61,23661-61,Q9NQH7,XPNPEP3,Probable Xaa-Pro aminopeptidase 3,GCST90424839,3c9c6d2ecff004f4dac19b05ba98502a
X23662.10,23662-10,O60239,SH3BP5,SH3 domain-binding protein 5,GCST90424840,5041c71d0de3543be19638004a8e36f7
X23663.28,23663-28,P21283,ATP6V1C1,Vacuolar ATP synthase subunit C 1,GCST90424841,a229af826b6c7ce27dba1b770efa28b2
X23664.17,23664-17,Q9BST9,RTKN,Rhotekin,GCST90424842,44bf14001e38991682f0bbfb0c2e9433
X23665.35,23665-35,P17980,PSMC3,26S protease regulatory subunit 6A,GCST90424843,3ec898ec5e23e279a04e1297400fea12
X23666.35,23666-35,P31939,ATIC,Bifunctional purine biosynthesis protein PURH,GCST90424844,4652fdb7def3db06d3bb1d3ce05397aa
X23668.281,23668-281,Q9NQG6,MIEF1,Mitochondrial dynamics protein MID51,GCST90424845,87c2ca42b380fbd94ce1ac899a7daad5
X23669.20,23669-20,O94808,GFPT2,Glutamine--fructose-6-phosphate aminotransferase [isomerizing] 2,GCST90424846,e9068d890a1e1d4cd931808813a18b38
X23670.11,23670-11,Q9BQC3,DPH2,2-(3-amino-3-carboxypropyl)histidine synthase subunit 2,GCST90424847,7cf0a0373ec0e44e725c990d57fba81d
X23671.11,23671-11,Q96EA4,SPDL1,Protein Spindly,GCST90424848,9a475f79440081d33fb24de1a742973c
X23672.10,23672-10,Q15008,PSMD6,26S proteasome non-ATPase regulatory subunit 6,GCST90424849,18448cfdf152c9f5a30a42845bf4f64c
X23673.9,23673-9,P11182,DBT,"Lipoamide acyltransferase component of branched-chain alpha-keto acid dehydrogenase complex, mitochondrial",GCST90424850,71b150b45f5ffca0f6c8f5b3af9b113c
X23675.16,23675-16,Q8TAP6,CEP76,Centrosomal protein of 76 kDa,GCST90424851,127635c3221a0832c4879dd26a69c2b6
X23677.30,23677-30,Q9NZQ3,NCKIPSD,NCK-interacting protein with SH3 domain,GCST90424852,d4398bdccc54ab021d5f66ddb9db684b
X23678.132,23678-132,P56693,SOX10,Transcription factor SOX-10,GCST90424853,d9791584f0185aae69849c569b66b2ac
X23679.43,23679-43,Q9BVC3,DSCC1,Sister chromatid cohesion protein DCC1,GCST90424854,ebee98bdb287872e20ee40d142c5a148
X23680.1,23680-1,Q5D1E8,ZC3H12A,MCP-1 Induced Protein,GCST90424855,d5d5de63f40645d4432bc94a7206796d
X23682.79,23682-79,Q5T8I9,HENMT1,Small RNA 2'-O-methyltransferase,GCST90424856,0fd152186046ee1eba9b441e4505c4cd
X23683.79,23683-79,Q9BYV6,TRIM55,Tripartite motif-containing protein 55,GCST90424857,45619a91b08dec8c2b1104f3aec1c67a
X23685.132,23685-132,Q8TC57,M1AP,Meiosis 1 arrest protein,GCST90424858,02af045c6df7e31b3b2e51871b20f2aa
X23686.44,23686-44,Q69YN2,CWF19L1,CWF19-like protein 1,GCST90424859,38e9d6025dfa355a10ddceb74b4748af
X23687.27,23687-27,Q96BZ9,TBC1D20,TBC1 domain family member 20,GCST90424860,5524b9f940b1ddb78a41e25b4db235e6
X23689.52,23689-52,O95741,CPNE6,Copine-6,GCST90424861,7f3c896393b03cde6268ce5dbdc95566
X23690.228,23690-228,Q96IZ5,RBM41,RNA-binding protein 41,GCST90424862,3e4646565f937fad300740d045844182
X23691.2,23691-2,Q14166,TTLL12,Tubulin--tyrosine ligase-like protein 12,GCST90424863,d4f3ecdb50d2f8475ec776994de5e6ca
X23693.4,23693-4,Q9BUB5,MKNK1,MAP kinase-interacting serine/threonine-protein kinase 1,GCST90424864,32e5ade4c312294c9a532cdc69528d6c
X23695.1,23695-1,Q9BTV5,FSD1,Fibronectin type III and SPRY domain-containing protein 1,GCST90424865,d504616d853fc5aafac7b01ce35f3751
X23696.256,23696-256,Q9UJA5,TRMT6,tRNA (adenine(58)-N(1))-methyltransferase non-catalytic subunit TRM6,GCST90424866,5fb3e7a8e5866ff4704a24ebcddbca85
X23699.61,23699-61,P36957,DLST,"Dihydrolipoyllysine-residue succinyltransferase component of 2-oxoglutarate dehydrogenase complex, mitochondrial",GCST90424867,2abde4056fefb5f1785c3030f6e2f565
X23700.42,23700-42,Q9NUQ8,ABCF3,ATP-binding cassette sub-family F member 3,GCST90424868,bf163e82b24cf83efd8092efc18dc69d
X23702.98,23702-98,Q8TBC3,SHKBP1,SH3KBP1-binding protein 1,GCST90424869,0f81506c1597539909657e1683245ece
X23703.8,23703-8,Q96HC4,PDLIM5,PDZ and LIM domain protein 5,GCST90424870,51c33acf8e57242773b7873e9aa3e3f6
X23704.11,23704-11,O14523,C2CD2L,Transmembrane protein 24,GCST90424871,3bb266272b2631a573c954b94ebfcef6
X23705.42,23705-42,P17812,CTPS1,CTP synthase 1,GCST90424872,b74d8dd01cdacbc6dfe5fa1c85f69bd6
X23706.13,23706-13,Q9BVS5,TRMT61B,"tRNA (adenine(58)-N(1))-methyltransferase, mitochondrial",GCST90424873,9baefb9af181b6bcc922d278f9f7ce32
X23767.1,23767-1,Q9H6J7,C11orf49,UPF0705 protein C11orf49,GCST90424874,e0655fb4b6c509e55e813946291fe4f7
X23783.22,23783-22,Q9BQ89,FAM110A,Protein FAM110A,GCST90424875,782ec84e478d1ef2cfde11faa927d33b
X2381.52,2381-52,P01031,C5,Complement C5,GCST90424876,91309e263c6576604d15b9b21ddfa8da
X23903.3,23903-3,P00505,GOT2,"Aspartate aminotransferase, mitochondrial",GCST90424877,52cd2bae71bdc1888256145760c7716d
X23915.18,23915-18,P51149,RAB7A,Ras-related protein Rab-7,GCST90424878,06af7d162e52b6b66e0f6d0115d786a1
X23923.26,23923-26,P49593,PPM1F,Protein phosphatase 1F,GCST90424879,2767edc06aadca21856bfa896a87842d
X23929.159,23929-159,Q7Z6L0,PRRT2,Proline-rich transmembrane protein 2,GCST90424880,fc51c2e89a4f55ecd6b1d1dde8661515
X23967.8,23967-8,Q9BTK6,PAGR1,PAXIP1-associated protein 1,GCST90424881,a718b07c019b67d1cb77b91c3b595649
X23981.172,23981-172,P15085,CPA1,Carboxypeptidase A1,GCST90424882,08a9f8f112739aafd1274f93de57ed29
X24011.27,24011-27,Q86VR7,VSIG10L,V-set and immunoglobulin domain-containing protein 10-like,GCST90424883,a0dc6b0f8f6fa2d5c2e3a96bf3a46f5b
X24013.6,24013-6,Q14833,GRM4,Metabotropic glutamate receptor 4,GCST90424884,e713f46bacfad960eac3b6695b768402
X24023.35,24023-35,Q9UNN8,PROCR,soluble Endothelial protein C receptor,GCST90424885,6bc320f8f995cb8e0ff1d4a2b0423025
X24027.32,24027-32,Q86WN2,IFNE,Interferon epsilon-1,GCST90424886,0bfd6708b8ab1b892397ff70d7fd8794
X24050.26,24050-26,P49841,GSK3B,Glycogen synthase kinase-3 beta,GCST90424887,3cfe4239bd06b2012ee617a119d0f998
X24055.44,24055-44,Q05048,CSTF1,Cleavage stimulation factor 50 kDa subunit,GCST90424888,dd758e351c9bc11b6373409f34a49ce1
X24111.10,24111-10,P26641,EEF1G,Elongation factor 1-gamma,GCST90424889,35d2e3d0ca362b285c9ed6f9982da5dc
X24179.48,24179-48,Q96BW5,PTER,Phosphotriesterase-related protein,GCST90424890,ac0de46f268b2fb58663c5571ea72cb5
X2418.55,2418-55,P02649,APOE,Apolipoprotein E,GCST90424891,a0015fc9566a460eeacb6bc4675e9e07
X24201.86,24201-86,O60829,PAGE4,G antigen family C member 1,GCST90424892,d81ac7e72b951fa7f65f886f34e5a34b
X2421.7,2421-7,P23560,BDNF,Brain-derived neurotrophic factor,GCST90424893,574e3d6363942ad4d0a41ed0ae0fc588
X24211.25,24211-25,P35914,HMGCL,"Hydroxymethylglutaryl-CoA lyase, mitochondrial",GCST90424894,c7b97908d8e414f3dad00be406f4d4cb
X24215.8,24215-8,P54821,PRRX1,Paired mesoderm homeobox protein 1,GCST90424895,4d77bde759bcfca057d36d59eb3c4a50
X24216.30,24216-30,Q9H7C9,AAMDC,Mth938 domain-containing protein,GCST90424896,f91447d7eaaf51a51a6c203c6d6f0343
X24217.2,24217-2,P05109,S100A8,Calgranulin A,GCST90424897,e0a0b88dce09a36ee9b7d97eaef19fce
X24221.3,24221-3,P37231,PPARG,Peroxisome proliferator activated receptor gamma,GCST90424898,4ef94fa74aeaee1c2c3e38b334755de8
X24222.10,24222-10,Q9H3P2,NELFA,Negative elongation factor A,GCST90424899,0a3c29f53f59d868c3e474cc46ac4bce
X24223.5,24223-5,P0CG29,GSTT2,Glutathione S-transferase theta-2,GCST90424900,731486e120458cbf223f1f41182aa15f
X24226.30,24226-30,Q16658,FSCN1,Fascin,GCST90424901,88b150c653cb6e51413ddc3808a3ff0c
X24235.2,24235-2,Q9H4M9,EHD1,EH domain-containing protein 1,GCST90424902,9f47a503dfb4414672d98b62b85e9387
X24236.46,24236-46,Q9HCJ6,VAT1L,Synaptic vesicle membrane protein VAT-1 homolog-like,GCST90424903,c5af93d4dd24e5bad5ae4fc23499c36e
X24237.115,24237-115,P54284,CACNB3,Voltage-dependent L-type calcium channel subunit beta-3,GCST90424904,09afc27612945ed5d1f90c2348afff4e
X24244.81,24244-81,Q96NA2,RILP,Rab-interacting lysosomal protein,GCST90424905,355df3aea4be7eaf24eeb22aba90cf38
X24245.2,24245-2,Q6P597,KLC3,Kinesin light chain 3,GCST90424906,ab1b77a824688a0ccca1a9dc3781a99f
X24247.13,24247-13,Q8WUR7,C15orf40,UPF0235 protein C15orf40,GCST90424907,861f673695f8f9ce81bf90aeca53e40c
X24251.44,24251-44,Q8N5L8,RPP25L,Ribonuclease P protein subunit p25-like protein,GCST90424908,88784e3ce1c270d9c445759224db30f3
X24252.85,24252-85,Q9H3J6,C12orf65,"Probable peptide chain release factor C12orf65, mitochondrial",GCST90424909,89f5a30b336c577b91154cac1dea0009
X24253.5,24253-5,Q8IYD1,GSPT2,Eukaryotic peptide chain release factor GTP-binding subunit ERF3B,GCST90424910,697704d7221c1c50154e7e294194fcf1
X24255.38,24255-38,Q9Y6I3,EPN1,Epsin-1,GCST90424911,42f5274ee935920872522d6dad41a5a3
X24256.7,24256-7,Q2TBA0,KLHL40,Kelch-like protein 40,GCST90424912,8878daa90454368e588a9018c84a25ff
X24259.24,24259-24,Q8IVH2,FOXP4,Forkhead box protein P4,GCST90424913,57b59a1c253cc19086f1c80e0212b766
X24260.4,24260-4,Q86TU7,SETD3,Histone-lysine N-methyltransferase setd3,GCST90424914,5abf89bea0eed1ccdd4a5f303bfaa64b
X24261.202,24261-202,O43293,DAPK3,Death-associated protein kinase 3,GCST90424915,5f9880c0c35f1596bbebedaba179ab3e
X24263.6,24263-6,Q16625,OCLN,Occludin,GCST90424916,784bf9ad3371f5f8f16a1083a54d9bee
X24265.6,24265-6,Q14168,MPP2,MAGUK p55 subfamily member 2,GCST90424917,d9eb9d6a8694071f1c5082e639a1890e
X24266.2,24266-2,Q14814,MEF2D,Myocyte-specific enhancer factor 2D,GCST90424918,e5618a4bd5a55893857cfa5cc6e5f46c
X24267.24,24267-24,Q6NUJ5,PWWP2B,PWWP domain-containing protein 2B,GCST90424919,2d86b8c3886002b808b2ffc3f4dcbe23
X24268.21,24268-21,Q13480,GAB1,GRB2-associated-binding protein 1,GCST90424920,37efee1e3968e6090f0e43e1b70d7c80
X24271.9,24271-9,Q96IJ6,GMPPA,Mannose-1-phosphate guanyltransferase alpha,GCST90424921,22e0a36a1efd7c8cedf73a65d92ee105
X24273.43,24273-43,Q8N427,NME8,Thioredoxin domain-containing protein 3,GCST90424922,737871aa815990dce88bfbd04447472c
X24276.171,24276-171,Q96NG3,TTC25,Tetratricopeptide repeat protein 25,GCST90424923,39095826b5ce065781c8f84eb890bff8
X24277.22,24277-22,Q9UBL6,CPNE7,Copine-7,GCST90424924,8af893a9110a9b32adadedf0ecc01c69
X24278.4,24278-4,Q9Y6I4,USP3,Ubiquitin carboxyl-terminal hydrolase 3,GCST90424925,470f0e37e9e28aa97eb348d3ed0bdac5
X24279.30,24279-30,Q9NYH9,UTP6,U3 small nucleolar RNA-associated protein 6 homolog,GCST90424926,c7c4529921c92a8b3ee2bec67a9ce2e9
X24286.48,24286-48,Q5JSS6,MEIG1,Meiosis expressed gene 1 protein homolog,GCST90424927,9d32351fe1058380c486b59a76fc119b
X24289.1,24289-1,Q8N8F7,LSMEM1,Coiled-coil domain-containing transmembrane protein C7orf53,GCST90424928,75273d10b18d82739078ec0969bbd2ca
X2429.27,2429-27,P07357|P07358|P07360,C8A|C8B|C8G,Complement component C8,GCST90424929,c5d3b97951af79117190de85f99c0857
X24290.5,24290-5,A1L168,C20orf202,Uncharacterized protein C20orf202,GCST90424930,95f6cfe5a7dda9fd757d4a98001b671e
X24293.39,24293-39,P22307,SCP2,Nonspecific lipid-transfer protein:isoform 6,GCST90424931,80f682a21917c33268fac20165d93728
X24294.13,24294-13,P0CG13,CHTF8,Chromosome transmission fidelity protein 8 homolog,GCST90424932,3d5eec5722125efa25fbf1e7e3cfd48e
X24299.1,24299-1,Q2WEN9,CEACAM16,Carcinoembryonic antigen-related cell adhesion molecule 16,GCST90424933,f1b998c1e6f9e54e534b66c700db3a43
X24304.3,24304-3,Q9BSW2,CRACR2A,EF-hand calcium-binding domain-containing protein 4B,GCST90424934,f809260048f6b35cde6c18456c793e36
X24307.22,24307-22,Q8N371,KDM8,Lysine-specific demethylase 8,GCST90424935,1595a80065f1e99ecfd5da8a681756c0
X24309.14,24309-14,Q9HCH5,SYTL2,Synaptotagmin-like protein 2,GCST90424936,7da8c3470dcd4a182bf30b85114a1e62
X2431.17,2431-17,P08311,CTSG,Cathepsin G,GCST90424937,f27dff623ee32e1ed96f2897c292213e
X24314.9,24314-9,A5PLN9,TRAPPC13,Trafficking protein particle complex subunit 13,GCST90424938,6b50a47eed673966912ebdd2e0eeac5a
X24316.10,24316-10,Q1RMZ1,BMT2,Probable methyltransferase BMT2 homolog,GCST90424939,ba71814cfedbfd40e26813cc15d01d1d
X24318.13,24318-13,Q7Z6J4,FGD2,"FYVE, RhoGEF and PH domain-containing protein 2",GCST90424940,2e031dc6619af8f65487ec41c1bcb3d0
X24319.19,24319-19,A4D126,CRPPA,D-ribitol-5-phosphate cytidylyltransferase,GCST90424941,5d3e74dc72959d561c4850e68e1a77c0
X24320.3,24320-3,Q6ZMU5,TRIM72,Tripartite motif-containing protein 72,GCST90424942,87f217db0998f8d09949c79bc63068ae
X24321.67,24321-67,Q9UHQ1,NARF,Nuclear prelamin A recognition factor,GCST90424943,15c5cd1d6ab6763e122a367d557ca4a2
X24322.1,24322-1,P29083,GTF2E1,General transcription factor IIE subunit 1,GCST90424944,c07784a8b3cc26c2961a984ac77f3bfd
X24323.43,24323-43,Q5VW32,BROX,BRO1 domain-containing protein BROX,GCST90424945,70c4bd309041fee30cf4313ac7be37f5
X2436.49,2436-49,Q9H2A7,CXCL16,C-X-C motif chemokine 16,GCST90424946,a2d86077c907bd1bc2ef27e27c75f8bb
X24407.31,24407-31,O14782,KIF3C,Kinesin-like protein KIF3C,GCST90424947,3a64f053dc59a51a69b9c05a0d1383e4
X24408.30,24408-30,Q9NR56,MBNL1,Muscleblind-like protein 1,GCST90424948,9f18dee3fad42d11ac4415d0e4081f0f
X24409.2,24409-2,Q8NBN7,RDH13,Retinol dehydrogenase 13,GCST90424949,4835de0dc893460dcd237f457aa9a0ed
X2441.2,2441-2,O15520,FGF10,Fibroblast growth factor 10,GCST90424950,3f244c7773ada0c87f372ba4c844f100
X24411.144,24411-144,Q6UWE0,LRSAM1,E3 ubiquitin-protein ligase LRSAM1,GCST90424951,c43eb7b2d1b0c8870a6a583c17128705
X24412.1,24412-1,A8MT33,SYCE1L,Synaptonemal complex central element protein 1-like,GCST90424952,c665d0380a1f44edbacdf87ffd7dd875
X24413.96,24413-96,P0C024,NUDT7,Peroxisomal coenzyme A diphosphatase NUDT7,GCST90424953,6b4ff9e537a6bee7f6b8b4d3e29eddb8
X24414.3,24414-3,P11216,PYGB,"Glycogen phosphorylase, brain form",GCST90424954,d2ec2bdde7757e8c3770c57c736eb007
X24416.20,24416-20,Q7KZF4,SND1,Staphylococcal nuclease domain-containing protein 1,GCST90424955,8ff0748da38c663195249811e900cf9d
X24417.22,24417-22,Q15276,RABEP1,Rab GTPase-binding effector protein 1,GCST90424956,1ef916e0ce7f6a15edf40bbc5ae679ab
X24418.14,24418-14,A6NHT5,HMX3,Homeobox protein HMX3,GCST90424957,162a07cf38322ae64b428e859914753f
X24419.3,24419-3,Q96EN8,MOCOS,Molybdenum cofactor sulfurase,GCST90424958,3f7f396bd34e71ca91d48319d6f9b12e
X24420.57,24420-57,Q9BU89,DOHH,Deoxyhypusine hydroxylase,GCST90424959,57334e85d123c15f2e6c1d565e70ddd2
X24422.36,24422-36,Q86W54,SPATA24,Spermatogenesis-associated protein 24,GCST90424960,3c0d2cdb344bf1d679bdfefdd04511e7
X24423.9,24423-9,B7ZBB8,B7ZBB8,Protein phosphatase 1 regulatory subunit 3G,GCST90424961,38cb3e686cda3e74830387c28336f974
X24424.25,24424-25,Q3MII6,TBC1D25,TBC1 domain family member 25,GCST90424962,1bbd4c0f1b928ba4986b127e6a1f0c99
X24425.8,24425-8,P56192,MARS1,"Methionyl-tRNA synthetase, cytoplasmic",GCST90424963,115a59645629da0944d93477b4528c65
X24426.15,24426-15,P35221,CTNNA1,Catenin alpha-1,GCST90424964,c25cd15eed25a6abe4823a3847401934
X24426.191,24426-191,P35221,CTNNA1,Catenin alpha-1,GCST90424965,0975bbb086b6faa9beb21cc28af94a53
X24427.33,24427-33,O15327,INPP4B,"Type II inositol-3,4-bisphosphate 4-phosphatase",GCST90424966,143ad0c4133399bb996ecf663bfb3c79
X24428.76,24428-76,Q8N9F7,GDPD1,Lysophospholipase D GDPD1,GCST90424967,1adb5239af23f28bb445480e1d4c0b9a
X2443.10,2443-10,P55075,FGF8,Fibroblast growth factor 8 isoform B,GCST90424968,c4ff0b4d06f72f309a6b94118ec4d172
X24430.11,24430-11,Q9UK33,ZNF580,Zinc finger protein 580,GCST90424969,f037d47ff409351c8080795e66a6f9fc
X24431.32,24431-32,Q8N1G2,CMTR1,Cap-specific mRNA (nucleoside-2'-O-)-methyltransferase 1,GCST90424970,d4708b100c2fe9383b893a778e8a3d2b
X24432.3,24432-3,Q4V328,GRIPAP1,GRIP1-associated protein 1,GCST90424971,a1013385164e402a46c639e8a4181eb7
X24434.16,24434-16,Q92561,PHYHIP,Phytanoyl-CoA hydroxylase-interacting protein,GCST90424972,8ce8f3bbeaa3fa4cf36a61c66bb30c78
X24435.1,24435-1,Q05193,DNM1,Dynamin-1,GCST90424973,86f12f70be6abf6da71bbf2e029251a7
X24436.23,24436-23,Q9Y2H0,DLGAP4,Disks large-associated protein 4,GCST90424974,a945787462428fa114de5100dd9af63a
X24437.6,24437-6,A6XGL0,YJEFN3,YjeF N-terminal domain-containing protein 3,GCST90424975,63a6d460d0488a55a2297f6f3b1c60a7
X24440.11,24440-11,Q9Y597,KCTD3,BTB/POZ domain-containing protein KCTD3,GCST90424976,449f8d2f606355f435485e233be8696f
X24441.7,24441-7,Q09161,NCBP1,Nuclear cap-binding protein subunit 1,GCST90424977,aab86a6512fce9a5706255f704cabfb8
X24443.8,24443-8,Q15014,MORF4L2,Mortality factor 4-like protein 2,GCST90424978,7f86b8e9adf2bde8de24e27fc1a9400b
X24444.10,24444-10,Q6P3X3,TTC27,Tetratricopeptide repeat protein 27,GCST90424979,4e0a97f79489454fbb7623fb2b26ef89
X24445.38,24445-38,Q8N4X5,AFAP1L2,Actin filament-associated protein 1-like 2,GCST90424980,c6ee9d61e01ccc2e04f5a5d2e592163d
X24446.65,24446-65,Q5VZF2,MBNL2,Muscleblind-like protein 2,GCST90424981,b93424d7f0601b1430e49ce832b6acf0
X24447.26,24447-26,A4D161,FAM221A,Protein FAM221A,GCST90424982,0fa5db72d393a05341ca21d164cac193
X24449.11,24449-11,P11844,CRYGA,Gamma-crystallin A,GCST90424983,1e43d87472b5488bdadc043b283d6716
X24450.96,24450-96,Q5BKX5,C19orf54,UPF0692 protein C19orf54,GCST90424984,1247875eefb016964244413e546877b8
X24453.75,24453-75,P53701,HCCS,Cytochrome c-type heme lyase,GCST90424985,441789cd36e443c28c671012e307de39
X24454.27,24454-27,Q9H903,MTHFD2L,Probable bifunctional methylenetetrahydrofolate dehydrogenase/cyclohydrolase 2,GCST90424986,15df70082bd306e7d2433d3479823f7b
X24455.2,24455-2,Q8TDY4,ASAP3,"Arf-GAP with SH3 domain, ANK repeat and PH domain-containing protein 3",GCST90424987,ddab06c013245315c2a1b46b441ccb8e
X24456.3,24456-3,Q9NZR4,VSX1,Visual system homeobox 1,GCST90424988,188a099d6a334c7e30dae32d5f1f649b
X24457.12,24457-12,Q15853,USF2,USF2,GCST90424989,2dd00027c474b5c7233bd11bd54790bd
X24459.15,24459-15,P35606,COPB2,Coatomer subunit beta',GCST90424990,e535a18965e8264de014515496cc84c9
X24462.4,24462-4,Q14028,CNGB1,Cyclic nucleotide-gated cation channel beta-1,GCST90424991,086470b4177f92063799a749fc71a07c
X24463.1,24463-1,Q9UN36,NDRG2,Protein NDRG2,GCST90424992,909ccf51a3bdcd42358913dd3f14657b
X24465.28,24465-28,O60224,SSX4,"synovial sarcoma, X breakpoint 4",GCST90424993,b587948c2dd5028807f0ed764bdaa4ab
X24468.36,24468-36,P35612,ADD2,Beta-adducin,GCST90424994,29eea9e1d24173b9b6d27b51331eb01c
X24469.10,24469-10,Q14693,LPIN1,Phosphatidate phosphatase LPIN1,GCST90424995,9f06a29b13630a1728a74e60674dc914
X2447.7,2447-7,Q9NZK7,PLA2G2E,Group IIE secretory phospholipase A2,GCST90424996,90da3d2caf7aeffa7a47f50e1d1e5f3a
X24470.20,24470-20,P57721,PCBP3,Poly(rC)-binding protein 3,GCST90424997,a71355c2fd8596b3c434568b2bcff8a2
X24471.2,24471-2,Q9Y6X0,SETBP1,SET-binding protein,GCST90424998,c2966a35940aa0eec080ede140a68efd
X24472.28,24472-28,Q9H0F6,SHARPIN,Sharpin,GCST90424999,9c2ba23b507049fe1bfe4d1f695d07a4
X24473.11,24473-11,Q8NHU0,CT45A3,Cancer/testis antigen family 45 member A3,GCST90425000,988539e96ac6004252cad8aa7c25e09d
X24474.12,24474-12,Q92623,TTC9,Tetratricopeptide repeat protein 9A,GCST90425001,4f88e169cc891b0fe8ccf5260ac7e595
X24475.45,24475-45,Q9UMY4,SNX12,Sorting nexin-12,GCST90425002,416dff370bb9995ae6771f6734ab0c5d
X24476.18,24476-18,Q9H1I8,ASCC2,Activating signal cointegrator 1 complex subunit 2,GCST90425003,01a7452bd0f7f28afd114372bda967d1
X24479.25,24479-25,P0DP42,TMEM225B,Transmembrane protein 225B,GCST90425004,784496851f80684841ed7ca32930d585
X24486.1,24486-1,Q9H165,BCL11A,B-cell lymphoma/leukemia 11A,GCST90425005,5d1ea301ed95b07b1da57cee82ff477a
X24487.95,24487-95,Q6QNY0,BLOC1S3,Biogenesis of lysosome-related organelles complex 1 subunit 3,GCST90425006,9676faa5005cd4459d70627431b4784e
X24488.8,24488-8,Q8IV36,HID1,Protein HID1,GCST90425007,319f88eb0e414eb0dd54ef81ce7f452d
X24489.34,24489-34,Q5TGS1,HES3,Transcription factor HES-3,GCST90425008,8f6170ac2af19eb6e4c4e78126a11123
X2449.1,2449-1,P39877,PLA2G5,Calcium-dependent phospholipase A2,GCST90425009,f6e4b8c6daf1d9e85ae26c9f55187620
X24490.16,24490-16,Q8WY91,THAP4,THAP domain-containing protein 4,GCST90425010,f897c38417f2b287ec298dfef66acf71
X24493.10,24493-10,Q9Y216,MTMR7,Myotubularin-related protein 7,GCST90425011,08932d71e2bea975cd4b36700e2049af
X24494.67,24494-67,Q9BW62,KATNAL1,Katanin p60 ATPase-containing subunit A-like 1,GCST90425012,67e297bb9a005d7f3e7e4eafacbb8408
X24496.26,24496-26,Q5EBL4,RILPL1,RILP-like protein 1,GCST90425013,24693f31782e461229cbd776539d9964
X24497.8,24497-8,Q8N9V2,TRIML1,Probable E3 ubiquitin-protein ligase TRIML1,GCST90425014,b0fbcffddc6a052c26c5af6c4d76d4a8
X24499.36,24499-36,Q5TDP6,LGSN,Lengsin,GCST90425015,99f0acf202e2f5ad4f91150161caf80b
X24634.1,24634-1,P57055,RIPPLY3,Protein ripply3,GCST90425016,e399f972e1732250e9184e9b7f152483
X24635.25,24635-25,O75865,TRAPPC6A,Trafficking protein particle complex subunit 6A,GCST90425017,18b99160983f1a7d5012492de6383820
X24636.9,24636-9,Q14919,DRAP1,Dr1-associated corepressor,GCST90425018,9cccb1f477e206c69f25586a4a46a86a
X24637.3,24637-3,Q5H9L2,TCEAL5,Transcription elongation factor A protein-like 5,GCST90425019,87e4965eb7bbde1ea9053f4ef83961e3
X24638.3,24638-3,Q8N5H3,FAM89B,Leucine repeat adapter protein 25,GCST90425020,b056cad63b868485ab1a207ad263c265
X24640.63,24640-63,Q9Y5J3,HEY1,Hairy/enhancer-of-split related with YRPW motif protein 1,GCST90425021,8b5bc4acb0eff848de9c9b892af5e2f7
X24641.10,24641-10,O95832,CLDN1,Claudin-1,GCST90425022,f28066a5914433b57d597c4763a4b108
X24642.21,24642-21,A1XBS5,FAM92A,Protein FAM92A,GCST90425023,7e6f43e615e55c7074554969bbbc22eb
X24643.21,24643-21,Q9Y2S2,CRYL1,Lambda-crystallin homolog,GCST90425024,56898e71dd79b94dd7f77f2b3571c40a
X24645.2,24645-2,Q9NQY0,BIN3,Bridging integrator 3,GCST90425025,abfa41d60ef8e035621368057a2da9d7
X24646.47,24646-47,P21549,AGXT,Serine--pyruvate aminotransferase,GCST90425026,7542d4821f0ff9346e165fafacac5087
X24647.3,24647-3,Q9Y235,APOBEC2,C->U-editing enzyme APOBEC-2,GCST90425027,518073f22be1ebe378f005ebaa0b7ed8
X24648.8,24648-8,Q14493,SLBP,Histone RNA hairpin-binding protein,GCST90425028,8567d88fc3c5414dc75d9e8999f7a9f9
X24649.11,24649-11,Q96HA8,NTAQ1,Protein N-terminal glutamine amidohydrolase,GCST90425029,8745b4add839731ef92bf3005effb08c
X24651.1,24651-1,Q16799,RTN1,Reticulon-1,GCST90425030,fe38e6ac9e0f53aa1c4e8f9f1761f674
X24654.13,24654-13,Q96HZ4,HES6,Transcription cofactor HES-6,GCST90425031,75dafbef88c281b0ed924948296ad319
X24655.23,24655-23,Q969X0,RILPL2,RILP-like protein 2,GCST90425032,c84b3445f5c51198ec3108ea1bd7039f
X24656.6,24656-6,Q6ICB4,PHETA2,Sesquipedalian-2,GCST90425033,572d7bf7e2233a3ea5d167e97cc937cb
X24658.98,24658-98,Q96NT0,CCDC115,Coiled-coil domain-containing protein 115,GCST90425034,15332d7ada792e0786211ada38041315
X24659.6,24659-6,P59910,DNAJB13,DnaJ homolog subfamily B member 13,GCST90425035,72aa23667152ad3401d61de491722f77
X24661.4,24661-4,Q9H9H5,MAP6D1,MAP6 domain-containing protein 1,GCST90425036,e65f6a1a7607fd1e808baf01212ceeec
X24662.78,24662-78,A6NLP5,TTC36,Tetratricopeptide repeat protein 36,GCST90425037,4f32a42386e8c61b83d007600ef0474f
X24664.3,24664-3,Q5UCC4,EMC10,UPF0510 protein INM02,GCST90425038,f4865a769973abeff6ce3dd3ca0fc7f2
X24665.48,24665-48,O75628,REM1,GTP-binding protein REM 1,GCST90425039,e76909e6a75d59a355c1d2f55329f90c
X24667.27,24667-27,Q5HYN5,CT45A1,Cancer/testis antigen family 45 member A1,GCST90425040,af5e4b9cb4a4d8d87992371b6a3c4a90
X24669.12,24669-12,Q9UF47,DNAJC5B,DnaJ homolog subfamily C member 5B,GCST90425041,0c914a1e5ed841ac44f7e9c2014f9fbc
X24670.1,24670-1,Q9NWS0,PIH1D1,PIH1 domain-containing protein 1,GCST90425042,efd652fa565ef9c1f1631a568427d025
X24671.15,24671-15,Q9ULZ3,PYCARD,Apoptosis-associated speck-like protein containing a CARD,GCST90425043,3f2871b551ffb336c491af7b342551ba
X24674.22,24674-22,Q96KS0,EGLN2,Egl nine homolog 2,GCST90425044,1b1da61ee0b2e9041f3ea41a5758b21a
X24675.2,24675-2,O15021,MAST4,Microtubule-associated serine/threonine-protein kinase 4,GCST90425045,e0aa8420da261f1aea800a7c6e548e6c
X24676.105,24676-105,P57076,CFAP298,Uncharacterized protein C21orf59,GCST90425046,762b360c9ccef2d58b90bf71ef1a4473
X24677.106,24677-106,O15258,RER1,Protein RER1,GCST90425047,ae3208dd2d3e8b821b907b9ca49f9ad5
X24678.10,24678-10,Q9NQS1,AVEN,Cell death regulator Aven,GCST90425048,cb8b81a7d15fbfc46b351879333ca6c9
X24679.35,24679-35,Q9Y603,ETV7,Transcription factor ETV7,GCST90425049,955c91bb5c7009f50855c32e3463ebf7
X2468.62,2468-62,P78556,CCL20,C-C motif chemokine 20,GCST90425050,212fa0f91250f6c7eaf9690a006c06bd
X24680.51,24680-51,Q9H3N1,TMX1,Thioredoxin domain-containing protein 1,GCST90425051,6625ee0bc92801b14ee0a7f37c613c36
X24681.2,24681-2,P78330,PSPH,Phosphoserine phosphatase,GCST90425052,c97a33b1cc9ef3ef3ffaf46acc4c1749
X24683.11,24683-11,Q8NHV1,GIMAP7,GTPase IMAP family member 7,GCST90425053,7501c7b0ebc7dfc2663c3e1c3a239387
X24684.7,24684-7,Q9NUV9,GIMAP4,GTPase IMAP family member 4,GCST90425054,f82035966429502e0e33f7a760267049
X24685.12,24685-12,Q9Y5W9,SNX11,Sorting nexin-11,GCST90425055,83fa7e3919b27671e2d74d73583a6587
X24686.19,24686-19,Q8NC06,ACBD4,Acyl-CoA-binding domain-containing protein 4,GCST90425056,2f81de36446f85c5ca595f329caa7975
X24687.18,24687-18,Q9BTX7,TTPAL,Alpha-tocopherol transfer protein-like,GCST90425057,033673c70ba0e825779081de13199fd2
X24688.9,24688-9,Q96MA1,DMRTB1,Doublesex- and mab-3-related transcription factor B1,GCST90425058,264e77e9e89c8b8ed47cf7ba6e5a7034
X24689.9,24689-9,Q6NZI2,CAVIN1,Polymerase I and transcript release factor,GCST90425059,c8e2981c777538b73e18b5c8cdfa1ecd
X24690.1,24690-1,Q9NPB3,CABP2,Calcium-binding protein 2,GCST90425060,4560e4e16215b9bda4419ca542ac737b
X24693.5,24693-5,O95833,CLIC3,Chloride intracellular channel protein 3,GCST90425061,1c864f0d8d6bcf30b336c2a5161c1d9b
X24695.8,24695-8,Q9UF11,PLEKHB1,Pleckstrin homology domain-containing family B member 1,GCST90425062,dbac037799ce5c4399a8d9c6a630c2e1
X24696.14,24696-14,Q9H6Y5,MAGIX,PDZ domain-containing protein MAGIX,GCST90425063,52b2f3990a310fd8c27e77069c99cabc
X24697.48,24697-48,Q13151,HNRNPA0,Heterogeneous nuclear ribonucleoprotein A0,GCST90425064,2ca2d2d5d868c63d853f64282063761c
X24698.12,24698-12,Q99633,PRPF18,Pre-mRNA-splicing factor 18,GCST90425065,1513aa9253f4e7b4d477bbb0457eadc7
X24699.20,24699-20,Q15041,ARL6IP1,ADP-ribosylation factor-like protein 6-interacting protein 1,GCST90425066,eb1bb5a44b33bcfdf1ce7b2551750077
X24701.21,24701-21,Q9Y4J8,DTNA,Dystrobrevin alpha,GCST90425067,cadd35eaf41d04dad8c338c7ec65a756
X24702.31,24702-31,Q6ZUS6,CCDC149,Coiled-coil domain-containing protein 149,GCST90425068,5159eb394ffca3b8fac3fa60895da7b6
X24704.38,24704-38,Q9GZQ3,COMMD5,COMM domain-containing protein 5,GCST90425069,0e59203c5a651f11a27c6ccd0ba36809
X24706.73,24706-73,Q9UEE9,CFDP1,Craniofacial development protein 1,GCST90425070,a901820058000f928e02fe87e269b119
X24707.6,24707-6,Q8TB03,CXorf38,Uncharacterized protein CXorf38,GCST90425071,7c3b7ad5f431b9d65da4fa877e298577
X24708.7,24708-7,O75911,DHRS3,Short-chain dehydrogenase/reductase 3,GCST90425072,2fb1f4bc403c24b93c3bd82a7aae9aaf
X24710.1,24710-1,Q5JR59,MTUS2,Microtubule-associated tumor suppressor candidate 2,GCST90425073,2d1243abe60712bb831ee1671f940894
X24711.21,24711-21,O15266,SHOX,Short stature homeobox protein,GCST90425074,b77e7e2b520f2f829755bb1aabaa6abb
X24712.6,24712-6,A4D1E9,GTPBP10,GTP-binding protein 10,GCST90425075,a66028892989ceae1c0c4eb6ee3b764b
X24713.4,24713-4,Q9H6Y5,MAGIX,PDZ domain-containing protein MAGIX,GCST90425076,c2bfe7b9fde0650f9a6f9f549ed439b0
X24717.26,24717-26,Q15257,PTPA,Serine/threonine-protein phosphatase 2A regulatory subunit B',GCST90425077,9a2fc93b2df5784b66a1353be223c353
X24718.8,24718-8,Q8NAA5,LRRC75A,Leucine-rich repeat-containing protein 75A,GCST90425078,8942e87d58626d70adce968d779f2c18
X24720.10,24720-10,Q6P6B7,ANKRD16,Ankyrin repeat domain-containing protein 16,GCST90425079,b458e91b534f67f5ebc1dd5db2033379
X24721.17,24721-17,Q9H4A6,GOLPH3,Golgi phosphoprotein 3,GCST90425080,ee05ed31be6c327c86e99bab6aefe941
X24722.13,24722-13,Q5JUX0,SPIN3,Spindlin-3,GCST90425081,21339b3888ebafe2b35c963533c3d3d5
X24723.58,24723-58,P20042,EIF2S2,Eukaryotic translation initiation factor 2 subunit 2,GCST90425082,5c5abc6c1bf249fec838180414ffabc5
X24724.4,24724-4,Q4G0F5,VPS26B,Vacuolar protein sorting-associated protein 26B,GCST90425083,6ca07532611ae9f6107579c937670a65
X24725.4,24725-4,Q92905,COPS5,COP9 signalosome complex subunit 5,GCST90425084,2b9ed63fc39fd186f07e2ee095cb5f9b
X2474.54,2474-54,P02743,APCS,Serum amyloid P-component,GCST90425085,06414c484530863dc22ef42e9a39715c
X2475.1,2475-1,P10721,KIT,Mast/stem cell growth factor receptor Kit,GCST90425086,edc7773cc81421873e304f728c183eaf
X2480.58,2480-58,P35625,TIMP3,Metalloproteinase inhibitor 3,GCST90425087,6c70c8cc75abcdea5efaff2ba0ec5de0
X24891.54,24891-54,Q9H6S3,EPS8L2,Epidermal growth factor receptor kinase substrate 8-like protein 2,GCST90425088,c89fa25bdbeb3f4d6e4a9a2a704d5dc9
X24892.8,24892-8,Q9BZQ2,SHCBP1L,Testicular spindle-associated protein SHCBP1L,GCST90425089,1061e55a9d4a8a92521b2ed95f750a45
X24895.25,24895-25,Q86WN1,FCHSD1,F-BAR and double SH3 domains protein 1,GCST90425090,42f7bedfbbb18ed04e12a025c6735e9f
X24896.5,24896-5,O00255,MEN1,Menin,GCST90425091,63550e74aa9d25670dcd6157492378dc
X24898.39,24898-39,Q8WVM8,SCFD1,Sec1 family domain-containing protein 1,GCST90425092,a1d8e2dfcd765b56ff9a9bfc7503ecf3
X24899.13,24899-13,Q8TE68,EPS8L1,Epidermal growth factor receptor kinase substrate 8-like protein 1,GCST90425093,f4bedc90c295ee406b4542d0836ac561
X24900.46,24900-46,Q9Y2B5,VPS9D1,VPS9 domain-containing protein 1,GCST90425094,6c67bf1eb7eaa5d8bf05981b9b06d904
X24901.4,24901-4,P09327,VIL1,Villin-1,GCST90425095,ae944ffa6be9dcde4b4bc369de7588be
X24902.84,24902-84,Q9NQX3,GPHN,Gephyrin,GCST90425096,b5d77a6b5777be7e147cb3c48a4a5ed8
X24903.7,24903-7,Q9P2G3,KLHL14,Kelch-like protein 14,GCST90425097,ad268681105b46e69b8fe48d86275351
X24904.121,24904-121,Q6ZWJ1,STXBP4,Syntaxin-binding protein 4,GCST90425098,4d645a4595ee43979e8daf69ca79f9a7
X24905.22,24905-22,Q8TE69,EOLA1,Protein CXorf40A,GCST90425099,73e58129a4fcf2544a9c14738cfab740
X24907.3,24907-3,Q10713,PMPCA,Mitochondrial-processing peptidase subunit alpha,GCST90425100,ea2444f455111909fda94f70021eae28
X24908.19,24908-19,P49418,AMPH,Amphiphysin,GCST90425101,77a682195164d9ad87376d321da8bdd2
X24909.40,24909-40,P51178,PLCD1,"1-phosphatidylinositol-4,5-bisphosphate phosphodiesterase delta-1",GCST90425102,63e16e860f1f9f6eedaf82d60df7cea8
X24910.18,24910-18,Q15233,NONO,Non-POU domain-containing octamer-binding protein,GCST90425103,f6f7dc7664e6c09d19390a0acf6e35c5
X24911.57,24911-57,Q14764,MVP,LRP,GCST90425104,da396c1c6eee3bf9a96817dbe6de6c98
X24912.40,24912-40,Q9H7D7,WDR26,WD repeat-containing protein 26,GCST90425105,9e651d7b232a93e756626a81773669ca
X24914.10,24914-10,Q15910,EZH2,Enhancer of zeste homolog 2,GCST90425106,8ae5d16ef9151e98d3f2f779c1ee3711
X24915.123,24915-123,Q6MZZ7,CAPN13,Calpain-13,GCST90425107,56ec0c4ddb367cae8f853711ec544df0
X24917.95,24917-95,Q96KC8,DNAJC1,DnaJ homolog subfamily C member 1,GCST90425108,7c64c6e9caaa51873e8e933a8c4e732d
X24920.6,24920-6,O94925,GLS,"Glutaminase kidney isoform, mitochondrial",GCST90425109,cac33d6003f375fff761f896225b4cad
X24921.73,24921-73,Q9BW71,HIRIP3,HIRA-interacting protein 3,GCST90425110,791beec1fed978055143dd7e4920d823
X24922.19,24922-19,Q8NBF2,NHLRC2,NHL repeat-containing protein 2,GCST90425111,586cd9f82024b711fd6da3790a200827
X24923.27,24923-27,Q0VDG4,SCRN3,Secernin-3,GCST90425112,b1440293822332e767e54cc6e1b50177
X24926.9,24926-9,Q92945,KHSRP,Far upstream element-binding protein 2,GCST90425113,069af94a3b621e41a6bf2aa6f15e61f2
X24928.20,24928-20,Q6P582,MZT2A,Mitotic-spindle organizing protein 2A,GCST90425114,ea404c4abcb3fc862d9eab96788cdd26
X24929.26,24929-26,P35712,SOX6,Transcription factor SOX-6,GCST90425115,19cf1e9cbb042b34109681a3c361213b
X24931.9,24931-9,Q8TE67,EPS8L3,Epidermal growth factor receptor kinase substrate 8-like protein 3,GCST90425116,6742cb4e04d9735a677a8b755c9795b0
X24934.96,24934-96,Q9NZT2,OGFR,Opioid growth factor receptor,GCST90425117,6cf4a5c7f720b20ab74db03a6c1c6082
X24935.62,24935-62,Q9H334,FOXP1,Forkhead box protein P1,GCST90425118,72dbd6aca97e1280df53f9241cd2047c
X24937.7,24937-7,Q9UNA1,ARHGAP26,Rho GTPase-activating protein 26,GCST90425119,dcbddafebf35567910cc722d5e6fda53
X24938.7,24938-7,P63010,AP2B1,AP-2 complex subunit beta-1,GCST90425120,655d23b5a04bbdb7a9ec9770a54a5fe0
X24940.3,24940-3,O14920,IKBKB,Inhibitor of nuclear factor kappa B kinase beta subunit,GCST90425121,3e6cc302a1bbba9f2c5ad38e0d46fade
X24941.14,24941-14,O75153,CLUH,Clustered mitochondria protein homolog,GCST90425122,b5854862b8f01db7933c80e0ca311a29
X24942.22,24942-22,Q70J99,UNC13D,Protein unc-13 homolog D,GCST90425123,a752e1b937c1437244ca86033e9ab5b9
X24944.12,24944-12,Q8NFH8,REPS2,RalBP1-associated Eps domain-containing protein 2,GCST90425124,4729491146d1ebfe8bea0f2249dc9572
X24945.16,24945-16,Q96L92,SNX27,Sorting nexin-27,GCST90425125,e447e5dc2d01a941ee4f14c7d17cd8be
X24946.9,24946-9,Q7Z5H3,ARHGAP22,Rho GTPase-activating protein 22,GCST90425126,51856b22513fa10e40514dd775062982
X24947.40,24947-40,Q9Y6R0,NUMBL,Numb-like protein,GCST90425127,8f9d02f6514f498581f8d220bd7c150a
X24948.79,24948-79,Q8WXF1,PSPC1,Paraspeckle component 1,GCST90425128,e21f57caa38653f0bd7a92f3789223e3
X24950.21,24950-21,Q9BW04,SARG,Specifically androgen-regulated gene protein,GCST90425129,4570e52c08455a05b30a6feeafc25de3
X24951.3,24951-3,Q08AM6,VAC14,Protein VAC14 homolog,GCST90425130,9b190cf325c18ca2d98dac439f46a6f6
X24952.28,24952-28,Q96I24,FUBP3,Far upstream element-binding protein 3,GCST90425131,28c85db1a8a56db3e7ed44bb8b33bf84
X24953.27,24953-27,O15066,KIF3B,Kinesin-like protein KIF3B,GCST90425132,bfb02852f9246a9c7f131b07b9fc4392
X24954.83,24954-83,Q10567,AP1B1,AP-1 complex subunit beta-1,GCST90425133,d890fc5bb9c541e3c51fdef12fa2a4a5
X24955.116,24955-116,Q9Y6X8,ZHX2,Zinc fingers and homeoboxes protein 2,GCST90425134,38335ea2a46739e37b787961406361f2
X24956.1,24956-1,Q86U44,METTL3,N6-adenosine-methyltransferase 70 kDa subunit,GCST90425135,3a34ac820aad7ee7df4fbc17b5fe0fe1
X24957.6,24957-6,B1AK53,B1AK53,Espin,GCST90425136,688037e1924035172a25bb3f40a48d67
X24958.3,24958-3,P48382,RFX5,DNA-binding protein RFX5,GCST90425137,82e0dda741ffe343e7dfb5aa12f796dd
X24959.20,24959-20,Q7L1T6,CYB5R4,Cytochrome b5 reductase 4,GCST90425138,3cd731f6f88d0c25289663dc6faaa0db
X24960.48,24960-48,O75146,HIP1R,Huntingtin-interacting protein 1-related protein,GCST90425139,ea8350702f0c26212be335d18e841992
X24962.7,24962-7,Q96B97,SH3KBP1,SH3 domain-containing kinase-binding protein 1,GCST90425140,076ea114f2f0b389d271086c6c066310
X24963.1,24963-1,Q5W041,ARMC3,Armadillo repeat-containing protein 3,GCST90425141,ae697c328801f9e79807757f58de060d
X24967.4,24967-4,Q08174,PCDH1,Protocadherin-1,GCST90425142,4932f6b43c8e70c0c0f7b31a21d046a5
X24968.10,24968-10,Q8IVF5,TIAM2,T-lymphoma invasion and metastasis-inducing protein 2,GCST90425143,41b8443849c5627b4d3169b026865752
X24970.117,24970-117,Q9BXP5,SRRT,Serrate RNA effector molecule homolog,GCST90425144,179d4032b31773accb4ba1703ef3cadc
X24971.2,24971-2,Q9Y2H2,INPP5F,Phosphatidylinositide phosphatase SAC2,GCST90425145,98afcc881d64ca6e0984bebb1dbf59a0
X24973.11,24973-11,Q8N3F8,MICALL1,MICAL-like protein 1,GCST90425146,4f0dd62bbcec604111aa2b20b7745591
X24975.3,24975-3,Q7L513,FCRLA,Fc receptor-like A,GCST90425147,44ddb5395558f3167e1441503b6f58e1
X24977.18,24977-18,O15195,VILL,Villin-like protein,GCST90425148,913f941792edc96135e93110f87a0db1
X24979.17,24979-17,P55884,EIF3B,Eukaryotic translation initiation factor 3 subunit B,GCST90425149,0835faadd9ca136908b7c5c6d799adce
X24981.8,24981-8,Q9Y6G9,DYNC1LI1,Cytoplasmic dynein 1 light intermediate chain 1,GCST90425150,d2fc9ba2399cb9c8837e69b0f667310c
X24982.33,24982-33,Q8N3R9,MPP5,MAGUK p55 subfamily member 5,GCST90425151,f7748aa8452c92908b6a32ccaf6807ed
X24983.119,24983-119,Q8IUD2,ERC1,ELKS/RAB6-interacting/CAST family member 1,GCST90425152,15c7d8bde5ceaeda9637461b6ad26c72
X2500.2,2500-2,Q9Y264,ANGPT4,Angiopoietin-4,GCST90425153,ca9af910fdf34c899f8e16973955c616
X2501.51,2501-51,P12830,CDH1,Cadherin-1,GCST90425154,83a53f706dd2cc84c6632bf8cf58aeed
X25033.194,25033-194,P55072,VCP,Transitional endoplasmic reticulum ATPase,GCST90425155,2cf6d53ecdf7e2e2e899f8e948645742
X25036.10,25036-10,P46060,RANGAP1,Ran GTPase-activating protein 1,GCST90425156,a09298e151b95180aaf0fb1678d29dd7
X25037.4,25037-4,Q9ULA0,DNPEP,Aspartyl aminopeptidase,GCST90425157,e98bf7afd0e718562c44ac40d8821a2c
X25038.5,25038-5,P0C1S8,WEE2,Wee1-like protein kinase 2,GCST90425158,17f50ad2c0e9a0cdeb7078228c2e1ff5
X25039.10,25039-10,Q9UH77,KLHL3,Kelch-like protein 3,GCST90425159,7273c0cd39242b9d94bf4317341cefcc
X25041.11,25041-11,Q16877,PFKFB4,"6-phosphofructo-2-kinase/fructose-2,6-bisphosphatase 4",GCST90425160,a36f2bc3d968978a3425654d95a3e28f
X25042.3,25042-3,P23368,ME2,"NAD-dependent malic enzyme, mitochondrial",GCST90425161,e1492ddc2ef971655819e7f0b3bd8732
X25043.74,25043-74,P55809,OXCT1,"Succinyl-CoA:3-ketoacid-coenzyme A transferase 1, mitochondrial",GCST90425162,22747052936a0951f91b5cdd273ec01f
X25048.30,25048-30,Q9UNF0,PACSIN2,Protein kinase C and casein kinase substrate in neurons protein 2,GCST90425163,da740866823c1f13baecfe2ebc56b52b
X25049.8,25049-8,P22307,SCP2,Nonspecific lipid-transfer protein:isoform SCPx,GCST90425164,f04766b9b13d267167195f9d733467f0
X2505.49,2505-49,O60609,GFRA3,GDNF family receptor alpha-3,GCST90425165,27a8dcc618b325938ea66928967085fd
X25050.82,25050-82,P29144,TPP2,Tripeptidyl-peptidase 2,GCST90425166,bc2f92f906ae10eccdd33241d0b9ecec
X25051.104,25051-104,Q9C0B1,FTO,Fat mass and obesity-associated protein,GCST90425167,bf1b02b07567070ea5904892ac844b0d
X25052.3,25052-3,Q8IUI8,CRLF3,Cytokine receptor-like factor 3,GCST90425168,c7682e7477d89158c5db54d3d966056c
X25053.1,25053-1,O43237,DYNC1LI2,Cytoplasmic dynein 1 light intermediate chain 2,GCST90425169,e7e898645e589b9bf178a50820f6eaf3
X25054.15,25054-15,Q9UMS4,PRPF19,Pre-mRNA-processing factor 19,GCST90425170,573bca8b7be97a74618c4d211916b292
X25055.56,25055-56,P22059,OSBP,Oxysterol-binding protein 1,GCST90425171,280ef2180fe8660efc90a445d0b45e11
X25057.2,25057-2,O43707,ACTN4,Alpha-actinin-4,GCST90425172,cec8988aa5a26f3ffd861d7f34864e2c
X25058.23,25058-23,Q9BZ71,PITPNM3,Membrane-associated phosphatidylinositol transfer protein 3,GCST90425173,4329fd832e7baac688c8ec4b877f6e9d
X25059.18,25059-18,Q9UBN7,HDAC6,Histone deacetylase 6,GCST90425174,8e8a25697348ee6ceac9b14f558c04b9
X25060.18,25060-18,P48163,ME1,NADP-dependent malic enzyme,GCST90425175,c421e9529eba01ceef2d37319a8375fd
X25061.8,25061-8,Q96JJ3,ELMO2,Engulfment and cell motility protein 2,GCST90425176,2d307a625c9a759d3dd3e4659ed79a0f
X25064.34,25064-34,Q96PE3,INPP4A,"Type I inositol-3,4-bisphosphate 4-phosphatase",GCST90425177,81213208d71a66e47922e319a5d2d5bb
X25065.22,25065-22,Q13203,MYBPH,Myosin-binding protein H,GCST90425178,fc2f29404a8acbee5ccf4f2a431eb3c9
X25066.32,25066-32,O15488,GYG2,Glycogenin-2,GCST90425179,aeadef1bc27663890167544b6343465b
X25070.18,25070-18,Q8TDZ2,MICAL1,Protein-methionine sulfoxide oxidase MICAL1,GCST90425180,02e7d0254c700fa0524caa9a979eb7b5
X25072.11,25072-11,Q86WJ1,CHD1L,Chromodomain-helicase-DNA-binding protein 1-like,GCST90425181,cd9eefd46e75bad1b7f95c1bf9af6e98
X25073.13,25073-13,Q14139,UBE4A,Ubiquitin conjugation factor E4 A,GCST90425182,16ec47e0e418d0ae4dcdb287e737ebd9
X25074.119,25074-119,Q6ZS86,GK5,Putative glycerol kinase 5,GCST90425183,592779805b7e828b9c54c198836bfb02
X25075.2,25075-2,Q96DT7,ZBTB10,Zinc finger and BTB domain-containing protein 10,GCST90425184,a6d4504d638756562c41cab2fe5d6dee
X25076.2,25076-2,Q13228,SELENBP1,Selenium-binding protein 1,GCST90425185,5331ce467782603fc8d7bf2d1895d1c9
X25078.13,25078-13,Q96DT6,ATG4C,Cysteine protease ATG4C,GCST90425186,76ac06f564e95054d24dfefec2426e02
X25080.16,25080-16,P54855,UGT2B15,UDP-glucuronosyltransferase 2B15,GCST90425187,be8d04ce89b5c524dd56901d054df62e
X25081.6,25081-6,Q5W0V3,FAM160B1,Protein FAM160B1,GCST90425188,97d7f47fbcd2fea66e2c97ed9ca6d5be
X25082.3,25082-3,O00401,WASL,Neural Wiskott-Aldrich syndrome protein,GCST90425189,059c8c7cccbb42d293b59964c4a515f2
X25083.26,25083-26,O60610,DIAPH1,Protein diaphanous homolog 1,GCST90425190,69c899fea2a4257d005dace2b7e60a31
X25085.37,25085-37,Q9BZE9,ASPSCR1,Tether containing UBX domain for GLUT4,GCST90425191,80245eaf929c08ec2fe952fb0d521b51
X25086.83,25086-83,Q96HH9,GRAMD2B,GRAM domain-containing protein 2B,GCST90425192,37df5498f01c7c4a797cf9f2bd8aa48d
X25087.11,25087-11,Q9Y4J8,DTNA,Dystrobrevin alpha,GCST90425193,9dcd25374b70b0da8bd7f49ea7db29fc
X25088.42,25088-42,P46020,PHKA1,"Phosphorylase b kinase regulatory subunit alpha, skeletal muscle isoform",GCST90425194,69334b1b52be7e7c11918c93141959cb
X25089.21,25089-21,Q13263,TRIM28,Transcription intermediary factor 1-beta,GCST90425195,73689d13a1c3eae3ef69b2abccc86ade
X25091.83,25091-83,O75044,SRGAP2,SLIT-ROBO Rho GTPase-activating protein 2,GCST90425196,85d2fcdae9843368219a2e666ed5e734
X25092.32,25092-32,Q92499,DDX1,ATP-dependent RNA helicase DDX1,GCST90425197,ae6a090e2dbba947aed0febf17912183
X25093.96,25093-96,Q8TAA9,VANGL1,Vang-like protein 1,GCST90425198,1488b5a12b2f33e07c235b5593e3c0a2
X25094.9,25094-9,Q9NR19,ACSS2,"Acetyl-coenzyme A synthetase, cytoplasmic",GCST90425199,810a8cdb2496f233bf17429296b7842b
X25095.1,25095-1,Q9Y6H5,SNCAIP,Synphilin-1,GCST90425200,5bed850417e9dca95fc22aff15388b0e
X25096.58,25096-58,Q14324,MYBPC2,"Myosin-binding protein C, fast-type",GCST90425201,18c7ec337320e402a80fad247fb1e0a7
X25099.4,25099-4,Q86UW7,CADPS2,Calcium-dependent secretion activator 2,GCST90425202,f802c0fbe457827bca6106a39e381bda
X25100.11,25100-11,Q8IY22,CMIP,C-Maf-inducing protein,GCST90425203,89e14a8d56d3a792f4f9738481ba8877
X25102.23,25102-23,O95163,ELP1,Elongator complex protein 1,GCST90425204,d6a5ddaeb07db1766400472b030472e5
X25103.45,25103-45,Q5VIR6,VPS53,Vacuolar protein sorting-associated protein 53 homolog,GCST90425205,aa5f606f710797a1f837b8ac42cea994
X25104.10,25104-10,Q9NZI6,TFCP2L1,Transcription factor CP2-like protein 1,GCST90425206,9c0639507225c7fec48a58b3bf9cb305
X25105.70,25105-70,Q9BY44,EIF2A,Eukaryotic translation initiation factor 2A,GCST90425207,7802248fbabdd0aec47a7670d0028627
X25105.87,25105-87,Q9BY44,EIF2A,Eukaryotic translation initiation factor 2A,GCST90425208,00e74034b4d9893c7f62baf9204440c2
X25108.6,25108-6,O95260,ATE1,Arginyl-tRNA--protein transferase 1,GCST90425209,933ba551bb694423b411495f045ad148
X25110.19,25110-19,Q9UPT5,EXOC7,Exocyst complex component 7,GCST90425210,941a383ceb0d36235a43d544ef3856d0
X25111.24,25111-24,Q9NS91,RAD18,E3 ubiquitin-protein ligase RAD18,GCST90425211,eef2177c0ec5f03a690e73cb9e7147fe
X25112.6,25112-6,Q9UBS0,RPS6KB2,Ribosomal protein S6 kinase beta-2,GCST90425212,492f1db92cfe9aad89978524eb3d633d
X25114.256,25114-256,Q9ULP9,TBC1D24,TBC1 domain family member 24,GCST90425213,a17dba7b2998f688af1808ba4b50733b
X25115.21,25115-21,Q9Y613,FHOD1,FH1/FH2 domain-containing protein 1,GCST90425214,7d0bb1d3dc4a708de03f2e58f279d54f
X25116.11,25116-11,Q9Y3X0,CCDC9,Coiled-coil domain-containing protein 9,GCST90425215,61904261cdac056b17bf3b4474fd3a0a
X25117.17,25117-17,Q15124,PGM5,PGM5,GCST90425216,b86597243ca5027ca0e115376f70333f
X25118.45,25118-45,Q96G01,BICD1,Protein bicaudal D homolog 1,GCST90425217,e140430dcca2f84926bbe5c0011314cd
X25121.7,25121-7,Q5JPE7,NOMO2,Nodal modulator 2,GCST90425218,d9992bcd293831c1e392366da51febe5
X25123.198,25123-198,Q9UBZ4,APEX2,DNA-(apurinic or apyrimidinic site) lyase 2,GCST90425219,495de897d2329a5fe155de891fb58fed
X25124.21,25124-21,O95365,ZBTB7A,Zinc finger and BTB domain-containing protein 7A,GCST90425220,8ae4e9e4357d4070b788d88caff82d94
X25125.7,25125-7,Q99469,STAC,SH3 and cysteine-rich domain-containing protein,GCST90425221,bd16164a1776a801f96d41340da489cd
X25126.19,25126-19,Q9P2P5,HECW2,E3 ubiquitin-protein ligase HECW2,GCST90425222,56c1f7789377da809d45a5508fb4b747
X2514.65,2514-65,Q15768,EFNB3,Ephrin-B3:Extracellular domain,GCST90425223,756b8a21215be8b1582203cd7cb69153
X2515.14,2515-14,O00451,GFRA2,GDNF family receptor alpha-2,GCST90425224,39670313a36c45af2cc9aa0aa0e25dc8
X2516.57,2516-57,O00585,CCL21,C-C motif chemokine 21,GCST90425225,d9b27400925302080fd940819dbed17f
X25209.15,25209-15,P54710,FXYD2,Sodium/potassium-transporting ATPase gamma chain,GCST90425226,3b69fa382349b30966a1ec5c2636208c
X25211.14,25211-14,Q9UBI6,GNG12,Guanine nucleotide-binding protein G(I)/G(S)/G(O) gamma-12 subunit,GCST90425227,201bef573f59bfeb550a8504086dc51b
X25215.1,25215-1,P62072,TIMM10,Mitochondrial import inner membrane translocase subunit Tim10,GCST90425228,4623d43542a6140d9d596df8b927f95d
X25216.8,25216-8,P05109,S100A8,Calgranulin A,GCST90425229,8ea2878dc6b74bbd34658bd247de4654
X25217.35,25217-35,Q9NS26,SPANXA1,Sperm protein associated with the nucleus on the X chromosome A,GCST90425230,290f21a546f85f62eb3d2e9223b9e140
X25218.10,25218-10,Q9Y6A9,SPCS1,Signal peptidase complex subunit 1,GCST90425231,819b280bacb5e7588bca1784c4d71ed1
X25219.17,25219-17,Q16864,ATP6V1F,V-type proton ATPase subunit F,GCST90425232,c44cd0421e29dda75bfae2ff0f9e0539
X25220.8,25220-8,A8MQ03,CYSRT1,Cysteine-rich tail protein 1,GCST90425233,ecc3a060365c9983001f5b76a3f4bf97
X25225.14,25225-14,Q9BXU8,FTHL17,Ferritin heavy polypeptide-like 17,GCST90425234,b3ea12d6fa18b0d1d4e7516fe5d2e228
X25227.20,25227-20,Q9H3H9,TCEAL2,Transcription elongation factor A protein-like 2,GCST90425235,0571b2d74f28f7f1cde19afed0cf9c10
X2523.31,2523-31,P13501,CCL5,C-C motif chemokine 5,GCST90425236,4bc1848cf8e5dc5cb07f577133238a7d
X25232.4,25232-4,Q9NZN3,EHD3,EH domain-containing protein 3,GCST90425237,d6ddbbba4d3c02fbfb9442819420f60c
X25233.2,25233-2,P34949,MPI,Mannose-6-phosphate isomerase,GCST90425238,d647726831d56f85812d7ffcf8c39f8d
X25235.2,25235-2,Q9BTV6,DPH7,Diphthine methyltransferase,GCST90425239,3cfda0d26a2bbaf281b601c99eb1db60
X25236.11,25236-11,Q96S19,METTL26,Methyltransferase-like 26,GCST90425240,e521d02e5d55b128a8be0df1f38464bd
X2524.56,2524-56,P09429,HMGB1,High mobility group protein B1,GCST90425241,5998e240ffdd83387b6c5ee6e32173d6
X25240.1,25240-1,Q96G04,EEF2KMT,Protein-lysine N-methyltransferase EEF2KMT,GCST90425242,13712c359a2dca06ddcc9d08ab21d430
X25242.12,25242-12,Q7Z7H3,CATIP,Ciliogenesis-associated TTC17-interacting protein,GCST90425243,718d307fa0c2f57d836029d9f5817982
X25244.9,25244-9,Q5T447,HECTD3,Probable E3 ubiquitin-protein ligase HECTD3,GCST90425244,f6d681b1203d860d313d200b76b5d6b5
X25245.22,25245-22,Q9NPQ8,RIC8A,Synembryn-A,GCST90425245,29bdcba0047874b382495b96fad10351
X25247.12,25247-12,Q8IUR7,ARMC8,Armadillo repeat-containing protein 8,GCST90425246,ef610bbda3103ca9fbe5c37d49779d49
X25248.28,25248-28,P49757,NUMB,Protein numb homolog,GCST90425247,0c556da4fc2070ab60721f60e192e85a
X25249.33,25249-33,P29803,PDHA2,"Pyruvate dehydrogenase E1 component subunit alpha, testis-specific form, mitochondrial",GCST90425248,63279c04a94546de12f1f7daa3cfbcc2
X25251.6,25251-6,O14638,ENPP3,Ectonucleotide pyrophosphatase/phosphodiesterase family member 3,GCST90425249,e5e6d965b84a6aa8be082dd55e8749bb
X25252.29,25252-29,Q765P7,MTSS2,MTSS1-like protein,GCST90425250,f7845c961008e27c0905a760a0e8c441
X25253.17,25253-17,Q5JWF2|P63092,GNAS|GNAS,Guanine nucleotide-binding protein G(s) subunit alpha isoforms,GCST90425251,7726580f36dcb45777f815bf9b309e47
X25255.4,25255-4,Q9BVT8,TMUB1,Transmembrane and ubiquitin-like domain-containing protein 1,GCST90425252,296dab48b2fb18eca2260213cd8fbb20
X25256.153,25256-153,P68104,EEF1A1,Elongation factor 1-alpha 1,GCST90425253,9471fa3192205b455993c8f5d76d7da9
X25256.23,25256-23,P68104,EEF1A1,Elongation factor 1-alpha 1,GCST90425254,f2e47004a61a8a189691ab3b72b9f881
X25257.162,25257-162,Q8TAK6,OLIG1,Oligodendrocyte transcription factor 1,GCST90425255,085d8e11ac97ad897d2a7d04ffd9d3fc
X25258.41,25258-41,Q8NB90,SPATA5,Spermatogenesis-associated protein 5,GCST90425256,b77d40ff2d9257ab304410c587614c91
X25259.7,25259-7,Q9BQA9,CYBC1,Uncharacterized protein C17orf62,GCST90425257,a72a54c07fc1c7786477118993351485
X25260.62,25260-62,Q5XKK7,FAM219B,Uncharacterized protein C15orf17,GCST90425258,5d74d832c1fd38649a38eb5ce42fbd88
X25261.42,25261-42,Q6ZW76,ANKS3,Ankyrin repeat and SAM domain-containing protein 3,GCST90425259,ae8f77eaa7ed568911568546f533ab5f
X25263.4,25263-4,Q8N264,ARHGAP24,Rho GTPase-activating protein 24,GCST90425260,c702777a8b0541193a4ef53ebdd6e5d3
X25264.102,25264-102,Q92835,INPP5D,SHIP,GCST90425261,0da1ff08379bd597f3c96c2f70fb7db3
X25265.8,25265-8,Q96RU3,FNBP1,Formin-binding protein 1,GCST90425262,20de4eef60438523150ee3a54398aa93
X25266.14,25266-14,Q9BXW6,OSBPL1A,Oxysterol-binding protein-related protein 1,GCST90425263,ef36b57c36bc2cb4ea593d6007f3e44a
X25270.3,25270-3,P29590,PML,Probable transcription factor PML,GCST90425264,50b176318242e0399ee2f217bc77afdc
X25274.2,25274-2,Q9GZV1,ANKRD2,Ankyrin repeat domain-containing protein 2,GCST90425265,9e5a3ff3d79fb98ccaf0f2c9d55ef5f9
X25275.30,25275-30,P56524,HDAC4,Histone deacetylase 4,GCST90425266,ecbd0c8bc5dc8151fe71a6725cdfe076
X25276.32,25276-32,Q3YEC7,RABL6,Rab-like protein 6,GCST90425267,aa855572d2be413442652438a20cd62c
X25277.51,25277-51,Q8TE04,PANK1,Pantothenate kinase 1,GCST90425268,af7f7f9ec771d82872700263d12ae72c
X25278.41,25278-41,O43182,ARHGAP6,Rho GTPase-activating protein 6,GCST90425269,ba4cca855b3aae790fbc6a03bb29d226
X25279.44,25279-44,O15381,NVL,Nuclear valosin-containing protein-like,GCST90425270,504c638d9bf05eb00ed26224db6281e6
X25280.2,25280-2,Q9UGP4,LIMD1,LIM domain-containing protein 1,GCST90425271,a5973e163a25809d926bed2df20d5549
X25282.6,25282-6,O14977,AZIN1,Antizyme inhibitor 1,GCST90425272,a176aebdfa62c9d217b303f7af87d124
X25283.2,25283-2,Q9UI47,CTNNA3,Catenin alpha-3,GCST90425273,b4fb5b21e0c1cc6f1e0438a8a5d77751
X25284.47,25284-47,A0AVT1,UBA6,Ubiquitin-like modifier-activating enzyme 6,GCST90425274,1bf78a902ec01b49562328dfaa19c0d6
X25285.14,25285-14,O94819,KBTBD11,Kelch repeat and BTB domain-containing protein 11,GCST90425275,b5985162dcc2e4b6155876d80add82ad
X25286.33,25286-33,Q5R372,RABGAP1L,Rab GTPase-activating protein 1-like,GCST90425276,48a5f70ebd30f2c5190f5ad251df529a
X25287.7,25287-7,Q04637,EIF4G1,Eukaryotic translation initiation factor 4 gamma 1,GCST90425277,7f0788d98a12082763da556cbc70289c
X25288.16,25288-16,P31513,FMO3,Dimethylaniline monooxygenase [N-oxide-forming] 3,GCST90425278,2f003982a86a70761c54fe6739926b8e
X25291.27,25291-27,Q8IWE5,PLEKHM2,Pleckstrin homology domain-containing family M member 2,GCST90425279,4a01273d0d434752b045afe36b2c12c2
X25292.4,25292-4,Q6UWW8,CES3,Carboxylesterase 3,GCST90425280,6cde48659b8e1ccc17df05428822b7cb
X25292.6,25292-6,Q6UWW8,CES3,Carboxylesterase 3,GCST90425281,f7b534ee0622ada385fe2dfd89d19d23
X25296.3,25296-3,Q4VCS5,AMOT,Angiomotin,GCST90425282,ae2ad7b80d1eb2f3970a2a5f35da00b8
X25297.11,25297-11,A1X283,SH3PXD2B,SH3 and PX domain-containing protein 2B,GCST90425283,dcb7c29b423ca1e3f7f22253f9767731
X25298.53,25298-53,Q9H3R0,KDM4C,Lysine-specific demethylase 4C,GCST90425284,2979db0e79811de3c9a303f6fd19a719
X25299.11,25299-11,Q8NI08,NCOA7,Nuclear receptor coactivator 7,GCST90425285,dd028a298bcba305f5729d0aa0ebb389
X25300.39,25300-39,Q9UDY8,MALT1,Mucosa-associated lymphoid tissue lymphoma translocation protein 1,GCST90425286,68f62df12cbad33ea46191acaa444c5b
X25301.48,25301-48,Q13627,DYRK1A,Dual specificity tyrosine-phosphorylation-regulated kinase 1A,GCST90425287,7c1dcd573e8af14764573b74db078d7f
X25306.51,25306-51,Q9UER7,DAXX,DAXX,GCST90425288,9c0be11a072b1ff9485ea7b509a7979c
X25307.8,25307-8,Q9BV38,WDR18,WD repeat-containing protein 18,GCST90425289,70f046c33f7537fbcd84a1be00a40913
X25308.8,25308-8,P53667,LIMK1,LIM domain kinase 1,GCST90425290,4d81ff186ea20d2708f67d11d7e08460
X25409.5,25409-5,Q96MF4,CCDC140,Coiled-coil domain-containing protein 140,GCST90425291,5e66297afbad8f9d49b05178b8ec6646
X25412.53,25412-53,Q9H0Q3,FXYD6,FXYD domain-containing ion transport regulator 6,GCST90425292,a215cb0cf2393086843322509c87fc2d
X25413.80,25413-80,Q13066,GAGE2B,G antigen 2,GCST90425293,8d4cf38ae91ee3b7cc637c6e4ce785cd
X25414.11,25414-11,Q5TA77,LCE3B,Late cornified envelope protein 3B,GCST90425294,0ef0adc960723d6a775ebcfb7d7cec86
X25416.5,25416-5,Q9BXM0,PRX,Periaxin,GCST90425295,3e71560d5a049c164bbe1c8916b7990f
X25419.59,25419-59,Q5MJ08,SPANXN4,Sperm protein associated with the nucleus on the X chromosome N4,GCST90425296,0eb39898281486578d34267258bf9bef
X25422.58,25422-58,O75818,RPP40,Ribonuclease P protein subunit p40,GCST90425297,200a9f68d8d9e27db5375e80ddd0cb56
X25424.234,25424-234,Q8IV01,SYT12,Synaptotagmin-12,GCST90425298,565d85552408c0e834ee9c5ceb2a703c
X25428.103,25428-103,O00458,IFRD1,Interferon-related developmental regulator 1,GCST90425299,d864f9d0d8069fb02f950b85b2449a59
X25433.25,25433-25,Q8TEA1,NSUN6,Putative methyltransferase NSUN6,GCST90425300,cb68e76b61bfecaceef565dd8fb0cb86
X25437.18,25437-18,Q8IV38,ANKMY2,Ankyrin repeat and MYND domain-containing protein 2,GCST90425301,174b1a8239b4c9ac639b68060d52641e
X25438.288,25438-288,Q5TFE4,NT5DC1,5'-nucleotidase domain-containing protein 1,GCST90425302,b7e9b30d6eba7e4f0e6f6b12ea81a013
X25444.29,25444-29,Q14642,INPP5A,"Type I inositol 1,4,5-trisphosphate 5-phosphatase",GCST90425303,49a371517a9034d96dad71d56ad7e336
X25446.34,25446-34,Q5TDH0,DDI2,Protein DDI1 homolog 2,GCST90425304,4ad3affb6f20a6946947e60e1b054949
X25451.39,25451-39,P46937,YAP1,Transcriptional coactivator YAP1,GCST90425305,facdc91981365d8ec72b859f76d7521d
X25452.16,25452-16,Q6P1R3,MSANTD2,Myb/SANT-like DNA-binding domain-containing protein 2,GCST90425306,c890f032508a3f83af85e4bf4ac7f8df
X25453.57,25453-57,Q9BZX4,ROPN1B,Ropporin-1B,GCST90425307,40f84db9b9a31024c5dc4d425a3553cd
X25456.73,25456-73,P62195,PSMC5,26S protease regulatory subunit 8,GCST90425308,d3d49ef4c4fd63dfb258fd966192c6eb
X25459.3,25459-3,A1Z1Q3,MACROD2,O-acetyl-ADP-ribose deacetylase MACROD2,GCST90425309,83c11f7d61aa32c7773697fb1d647dbd
X25460.36,25460-36,Q13568,IRF5,Interferon regulatory factor 5,GCST90425310,142b1cc2981f5d1aff9c1d5a0688e5f3
X25461.3,25461-3,P10523,SAG,S-arrestin,GCST90425311,71fea326d9d8e97bae15a3adc3d0255b
X25463.3,25463-3,P31323,PRKAR2B,cAMP-dependent protein kinase type II-beta regulatory subunit,GCST90425312,71e4eed1497bf84e7f204c9fe9659d52
X25464.1,25464-1,P33261,CYP2C19,Cytochrome P450 2C19,GCST90425313,302e98239ebcaa9b5d662d0a8c810aa3
X25465.42,25465-42,Q5VWP3,MLIP,Muscular LMNA-interacting protein,GCST90425314,41048b5d9893980df34770e2a166ef9f
X25466.84,25466-84,O15229,KMO,Kynurenine 3-monooxygenase,GCST90425315,5a24a40ea276a9301ff969faf13b90b2
X25468.5,25468-5,P48436,SOX9,SOX-9,GCST90425316,befa431bedd150d9e7765f35409775f7
X25472.12,25472-12,Q9BUH8,BEGAIN,Brain-enriched guanylate kinase-associated protein,GCST90425317,5c7d537d4b2a4302b3a79e8185eff8e3
X25473.62,25473-62,P49354,FNTA,Protein farnesyltransferase/geranylgeranyltransferase type-1 subunit alpha,GCST90425318,d43b9ec17dbe8d819f322050d8dddf37
X25479.8,25479-8,Q9Y608,LRRFIP2,Leucine-rich repeat flightless-interacting protein 2,GCST90425319,0a1ea0798317f47e4b5484dafe0d4072
X25480.21,25480-21,Q9BSL1,UBAC1,Ubiquitin-associated domain-containing protein 1,GCST90425320,f9583c76b1f7740d6013ec6dd6080d52
X25481.66,25481-66,Q9UBB4,ATXN10,Ataxin-10,GCST90425321,1eca15f44b348f84bbde6a6310b8d956
X25482.5,25482-5,Q12857,NFIA,Nuclear factor 1 A-type,GCST90425322,bd6e36b1987701430f31aed3290df3ba
X25484.120,25484-120,A6NKF2,ARID3C,AT-rich interactive domain-containing protein 3C,GCST90425323,6e7bb2726870b74dad95e9af3f849567
X25486.38,25486-38,Q96DV4,MRPL38,"39S ribosomal protein L38, mitochondrial",GCST90425324,23a90b084de889ca71e8699cf95c636d
X25488.6,25488-6,Q8TD55,PLEKHO2,Pleckstrin homology domain-containing family O member 2,GCST90425325,10f84d61169d1ad749f09d0d0654f310
X25491.54,25491-54,Q9C0E8,LNPK,Endoplasmic reticulum junction formation protein lunapark,GCST90425326,a0422b6a6e7ff557c271a888e993c8a1
X25492.7,25492-7,O60784,TOM1,Target of Myb protein 1,GCST90425327,297bd2a949eea13809e076a59dd061c5
X25493.11,25493-11,A6H8Z2,FAM221B,Protein FAM221B,GCST90425328,2d073e3d73d000b845b60f086b6456ac
X25497.35,25497-35,Q9UDX3,SEC14L4,SEC14-like protein 4,GCST90425329,14f53f37cd1130137a68fc5eed5025e7
X25499.37,25499-37,O94830,DDHD2,Phospholipase DDHD2,GCST90425330,c56203896079c829b912f8d10a9085a0
X25500.6,25500-6,O75154,RAB11FIP3,Rab11 family-interacting protein 3,GCST90425331,60a7cc071c11055ce206202be5eb572e
X25501.128,25501-128,Q7Z7G1,CLNK,Cytokine-dependent hematopoietic cell linker,GCST90425332,3ef9517cb0d740c0aa1ffc5b4bc6d492
X2558.51,2558-51,P01189,POMC,Beta-endorphin,GCST90425333,09a3aaea747a5637dde5e7914d153440
X2567.5,2567-5,P05156,CFI,Complement factor I,GCST90425334,b23d00b14d79cee66ea75797f1605956
X2570.72,2570-72,P18065,IGFBP2,Insulin-like growth factor-binding protein 2,GCST90425335,71b9ce21b5f78ed263451e0378f80297
X2571.12,2571-12,P17936,IGFBP3,Insulin-like growth factor-binding protein 3,GCST90425336,6e29a8c60e662e192369cc187034792b
X2573.20,2573-20,P05231,IL6,Interleukin-6,GCST90425337,013cf1c1dd41912c41c9f1291414ec2f
X2575.5,2575-5,P41159,LEP,Leptin,GCST90425338,2bef3d6eb2de19a190689e67cf5e8214
X2578.67,2578-67,P13500,CCL2,C-C motif chemokine 2,GCST90425339,72fe91e113588f0d06102c2b59dc194f
X2579.17,2579-17,P14780,MMP9,Matrix metalloproteinase-9,GCST90425340,b8b93857c597957c545768ccb26f5f29
X2580.83,2580-83,P05164,MPO,Myeloperoxidase,GCST90425341,a3e6eeff6f5865a12a9d26e0ed8df67d
X2585.2,2585-2,P01236,PRL,Prolactin,GCST90425342,f291410b425ff11b57d1e9a673bac56e
X25879.6,25879-6,Q92993,KAT5,Histone acetyltransferase KAT5,GCST90425343,7a259acb15062e77eb802df88eab7395
X25880.14,25880-14,P09917,ALOX5,5-Lipoxygenase,GCST90425344,316a95c882c9f0495062848c70fa5a4f
X25886.11,25886-11,O14678,ABCD4,ATP-binding cassette sub-family D member 4,GCST90425345,35547e9fa1b9c2976b7367d617ce1973
X25889.108,25889-108,O14862,AIM2,Absent in melanoma 2,GCST90425346,c31c30b2cbb95590eaca97b5754d201b
X25895.29,25895-29,P51878,CASP5,Caspase-5,GCST90425347,d0a794105c2ca2b2557d6d8bff2af019
X25898.4,25898-4,Q9BWS9,CHID1,Chitinase domain-containing protein 1,GCST90425348,691c36b338e3ded7f61caa9b34fbc229
X2590.69,2590-69,Q01973,ROR1,Inactive tyrosine-protein kinase transmembrane receptor ROR1,GCST90425349,ade271ce405f49ec1df529b846241c40
X25901.3,25901-3,Q6UUV7,CRTC3,CREB-regulated transcription coactivator 3,GCST90425350,2058df7f860e6c57a263366aab604091
X25902.27,25902-27,P00367,GLUD1,"Glutamate dehydrogenase 1, mitochondrial",GCST90425351,196da7d35dfec2a33cd3eb49bc9f19ce
X25904.17,25904-17,Q92608,DOCK2,Dedicator of cytokinesis protein 2,GCST90425352,6c0fff9a908db620159fa390e82d4713
X25906.5,25906-5,P68104,EEF1A1,Elongation factor 1-alpha 1,GCST90425353,8bb38fe833da9ffce902f87e854eda73
X25907.47,25907-47,O95834,EML2,Echinoderm microtubule-associated protein-like 2,GCST90425354,b708d794a84cb2d3ccf8da7338da27ef
X25912.131,25912-131,P62942,FKBP1A,FK506 binding protein 1A,GCST90425355,04ad1796b7f3b0fae190accf5a3f5e42
X25913.17,25913-17,P02794,FTH1,Ferritin heavy chain,GCST90425356,4de1e5f5a423972d2e30fec3973ccb9b
X25917.12,25917-12,P06865,HEXA,Beta-hexosaminidase alpha chain,GCST90425357,f43e51059e46cb446c91a4126367091b
X25918.60,25918-60,P13747,HLA-E,"HLA class I histocompatibility antigen, alpha chain E",GCST90425358,de0c867e796b9ed45e1b3e5701697c6d
X25921.3,25921-3,P05111,INHA,Inhibin a subunit,GCST90425359,6c316cfd73e0f133eaa090c3d8b7957d
X25922.7,25922-7,O75197,LRP5,Low-density lipoprotein receptor-related protein 5,GCST90425360,4b60ad096895df35bc05a86e666505b5
X25926.29,25926-29,Q86U70,LDB1,LIM domain-binding protein 1,GCST90425361,7492a00b69f5aca6c758dd7e8312c4ce
X25938.13,25938-13,Q9Y4Z2,NEUROG3,Neurogenin-3,GCST90425362,1d28bfa7ea7ba81c740c9dd8f835bb88
X25941.4,25941-4,Q15646,OASL,2'-5'-oligoadenylate synthetase like protein,GCST90425363,07361a9a9709efe2f7b7275d189366b9
X25947.116,25947-116,Q8NEB9,PIK3C3,Phosphatidylinositol 3-kinase catalytic subunit type 3,GCST90425364,c82287dbe6d490f5c40fe289b7b128f7
X25948.18,25948-18,Q16513,PKN2,Serine/threonine-protein kinase N2,GCST90425365,2b30cfa72ca0fe27017517e1f316a05e
X25949.3,25949-3,Q8N3E9,PLCD3,"1-phosphatidylinositol 4,5-bisphosphate phosphodiesterase delta-3",GCST90425366,5ecf54032664db8dfe4f2b4c3c35211f
X25951.17,25951-17,P78395,PRAME,Preferentially expressed antigen of melanoma,GCST90425367,4b186e753aa8ea967c57a804b0677451
X25954.3,25954-3,Q16849,PTPRN,Receptor-type tyrosine-protein phosphatase-like N,GCST90425368,64222e785cbe17be7ee1ed715b430ad6
X25956.9,25956-9,Q13905,RAPGEF1,Rap guanine nucleotide exchange factor 1,GCST90425369,1fa53992d3d5773c73cb6497bb9dfe6e
X25957.5,25957-5,Q05066,SRY,Sex-determining region Y protein,GCST90425370,657a002bfcae7165cc065c248d6dccc2
X25960.15,25960-15,P13797,PLS3,Plastin-3,GCST90425371,c3226983d9da7cc64c31293b0fc4cad7
X25962.51,25962-51,Q9H4A3,WNK1,Serine/threonine-protein kinase WNK1,GCST90425372,9f6018262f549b229767c5f441c0ca07
X25963.2,25963-2,Q9HAV4,XPO5,Exportin-5,GCST90425373,3f80e82cd99ae559914eb39e6fff650f
X25964.12,25964-12,Q9BXJ3,C1QTNF4,Complement C1q tumor necrosis factor-related protein 4,GCST90425374,10def018ee968bb1d21ae53ca166aa48
X25967.34,25967-34,P01033,TIMP1,Metalloproteinase inhibitor 1,GCST90425375,7a2511e87fd9dd94322d241f518c2452
X2597.8,2597-8,P15692,VEGFA,Vascular endothelial growth factor A,GCST90425376,ce2fa42711a961506f866d7040e6c9f8
X2598.9,2598-9,Q07011,TNFRSF9,Tumor necrosis factor receptor superfamily member 9,GCST90425377,6921cca95e9a0e930df74bf2b76d23ce
X2599.51,2599-51,P41273,TNFSF9,Tumor necrosis factor ligand superfamily member 9,GCST90425378,042d157672a11dcef95ad84cce90f7ee
X2602.2,2602-2,O15123,ANGPT2,Angiopoietin-2,GCST90425379,d0e78a8ec71b51eff8a62a7ef1adf7d4
X2603.61,2603-61,P33681,CD80,T-lymphocyte activation antigen CD80,GCST90425380,f38e22135b63d1ea027fda3eb24f1a26
X2605.49,2605-49,P28908,TNFRSF8,Tumor necrosis factor receptor superfamily member 8,GCST90425381,4958aaf9d64f038c6749c53fc0e4ef4e
X2607.54,2607-54,O75462|Q9UBD9,CRLF1|CLCF1,Cytokine receptor-like factor 1:Cardiotrophin-like cytokine factor 1 Complex,GCST90425382,995451da3f905285fc1160b81db87f92
X2609.59,2609-59,P01034,CST3,Cystatin-C,GCST90425383,ece2bcd474a1e7cfe684555424abc560
X2611.72,2611-72,Q06418,TYRO3,Tyrosine-protein kinase receptor TYRO3,GCST90425384,cad409483d5d991e33af2b8d6c19a6c2
X2612.5,2612-5,P55010,EIF5,Eukaryotic translation initiation factor 5,GCST90425385,695e81273a6e69a870984829b565fae1
X2614.28,2614-28,P52798,EFNA4,Ephrin-A4,GCST90425386,1127d1fc1ab576379acc02c136c69854
X2615.60,2615-60,P52803,EFNA5,Ephrin-A5,GCST90425387,ec20fc363471f21b351ba076008e16c2
X2616.23,2616-23,P04626,ERBB2,Receptor tyrosine-protein kinase erbB-2,GCST90425388,1ba6b3f0e27fd7349c20e6bfa94b76d9
X2617.56,2617-56,P21860,ERBB3,Receptor tyrosine-protein kinase erbB-3,GCST90425389,688672a8a7d23c79b68d0f83c0669fb1
X2618.10,2618-10,Q15303,ERBB4,Receptor tyrosine-protein kinase erbB-4,GCST90425390,4cbc010467e979f5efe0823dff92ade2
X2619.72,2619-72,P09758,TACSTD2,Tumor-associated calcium signal transducer 2,GCST90425391,2a4cc1215359094f0b6332b9300b56d6
X2620.4,2620-4,P40189,IL6ST,Interleukin-6 receptor subunit beta,GCST90425392,83511c462d4b60a2697735a2a57c6538
X2622.18,2622-18,P30519,HMOX2,Heme oxygenase 2,GCST90425393,e9622f6837acb52d3a6c6cb4912a3ed3
X2625.53,2625-53,P07900,HSP90AA1,Hsp90alpha,GCST90425394,095f6af19b6ef72e18b21d7ad52643fa
X2630.12,2630-12,Q9NPH3,IL1RAP,Interleukin-1 Receptor accessory protein,GCST90425395,78cb6c9f96b308e0ef53fe3cf85f9fbf
X2631.50,2631-50,Q08334,IL10RB,Interleukin-10 receptor subunit beta,GCST90425396,be2c2373d798d82f701659f62b702bfb
X2632.5,2632-5,P42701,IL12RB1,Interleukin-12 receptor subunit beta-1,GCST90425397,47046598dcb6319c8e80b65882cd5ddf
X2633.52,2633-52,P78552,IL13RA1,Interleukin-13 receptor subunit alpha-1,GCST90425398,5395221e1f2f0f36fca8bca1a6564505
X2634.2,2634-2,P31785,IL2RG,Cytokine receptor common subunit gamma,GCST90425399,f6c5704105b118ec216de08c1fa8721a
X2635.61,2635-61,Q6UX15,LAYN,Layilin,GCST90425400,072468fc84ed3fb5261630d12207743d
X2637.77,2637-77,P22897,MRC1,Macrophage mannose receptor 1,GCST90425401,7a6545ec3c4b0a18e7115fefef7fb221
X2638.12,2638-12,P07333,CSF1R,Macrophage colony-stimulating factor 1 receptor,GCST90425402,842b675075376bb595c511e81d144859
X2640.3,2640-3,Q04912,MST1R,Macrophage-stimulating protein receptor,GCST90425403,07274dd3a3c08d34e4adc8371da7de64
X2642.4,2642-4,P68402,PAFAH1B2,Platelet-activating factor acetylhydrolase IB subunit beta,GCST90425404,83d8dac4cb827b48587fbc63ad579072
X2644.11,2644-11,P17252,PRKCA,Protein kinase C alpha type,GCST90425405,0a27fd5fd5bc7cd52ba91dedaf2afb58
X2645.54,2645-54,Q05513,PRKCZ,Protein kinase C zeta type,GCST90425406,ec45020b45bacd04d1a376766545623d
X2647.66,2647-66,P50395,GDI2,Rab GDP dissociation inhibitor beta,GCST90425407,8221b7effb8a3221e37610e9b3ddaac8
X2649.77,2649-77,P32942,ICAM3,Intercellular adhesion molecule 3,GCST90425408,82da00e72ea991451699b4db493f4e12
X2652.15,2652-15,Q03405,PLAUR,Urokinase plasminogen activator surface receptor,GCST90425409,205dc73a1d1a9c05e608eed44c5387b0
X2654.19,2654-19,P19438,TNFRSF1A,Tumor necrosis factor receptor superfamily member 1A,GCST90425410,86b31c16d29a1e79db5ef9cbe8801e0d
X2658.27,2658-27,Q16288,NTRK3,NT-3 growth factor receptor,GCST90425411,359150eed397a47bbd99d4f48dffdcfe
X2665.26,2665-26,Q02223,TNFRSF17,Tumor necrosis factor receptor superfamily member 17,GCST90425412,860f341cf62b23e4108ba652069fb55b
X2666.53,2666-53,P07585,DCN,Decorin,GCST90425413,5230d0e6143951a1b1eae3f4263185eb
X2668.70,2668-70,P07384|P04632,CAPN1|CAPNS1,Calpain I,GCST90425414,d6fee6dbca694d44713e0e901b024e81
X2670.67,2670-67,P06732,CKM,Creatine kinase M-type,GCST90425415,b66a97e7667819f1a7a687142445d039
X2677.1,2677-1,P00533,EGFR,Epidermal growth factor receptor,GCST90425416,7bff8919fd9f080cfc79609b98499e57
X2681.23,2681-23,P14210,HGF,Hepatocyte growth factor,GCST90425417,fa679ef3677052d727c88a97230a2960
X2682.68,2682-68,P10809,HSPD1,"60 kDa heat shock protein, mitochondrial",GCST90425418,4b87cc3a630871c76092e25038fb95c0
X2683.1,2683-1,P01024,C3,"Complement C3b, inactivated",GCST90425419,d2288b0f43670de222444a41261e59bc
X2685.21,2685-21,P24593,IGFBP5,Insulin-like growth factor-binding protein 5,GCST90425420,64167e10151480d0aafede5a80955b46
X2686.67,2686-67,P24592,IGFBP6,Insulin-like growth factor-binding protein 6,GCST90425421,3bfd0166d98878fbf7339f56dfffc1dd
X2687.2,2687-2,Q16674,MIA,Melanoma-derived growth regulatory protein,GCST90425422,89354e3609b3a78d415d6be31490781a
X2692.74,2692-74,P14555,PLA2G2A,"Phospholipase A2, membrane associated",GCST90425423,9c70a32574b6fd4931a7ddda32a4ca50
X2693.20,2693-20,P13725,OSM,Oncostatin-M,GCST90425424,7d3d78a666632d12b6f85fce61a63699
X2695.25,2695-25,P16284,PECAM1,Platelet endothelial cell adhesion molecule,GCST90425425,de23be6a58e575f0826fe7a4c775d7e9
X2696.87,2696-87,O60542,PSPN,Persephin,GCST90425426,312850ff942b70d447df236441e76917
X2700.56,2700-56,P07225,PROS1,Vitamin K-dependent protein S,GCST90425427,96d8df4a2e6ba08355793a76d9950f4c
X2704.74,2704-74,O14836,TNFRSF13B,Tumor necrosis factor receptor superfamily member 13B,GCST90425428,430f380ad30ebbcd003f83422f23b97f
X2705.5,2705-5,O15444,CCL25,C-C motif chemokine 25,GCST90425429,84354bcdd4177808e8d17e226c3a60c6
X2706.69,2706-69,P05543,SERPINA7,Thyroxine-binding globulin,GCST90425430,6add22fef55c3fa689de166c0c4796aa
X2708.54,2708-54,Q9UNG2,TNFSF18,Tumor necrosis factor ligand superfamily member 18,GCST90425431,d32997fb94d5c3bfbfee8491b3b34c26
X2711.6,2711-6,P26992,CNTFR,Ciliary neurotrophic factor receptor subunit alpha,GCST90425432,5cbaeae67472b5dbe5eedaaf4c3dac19
X2714.78,2714-78,Q12904,AIMP1,Endothelial monocyte-activating polypeptide 2,GCST90425433,66a95a9b0445adc67105576bba590ed8
X2715.25,2715-25,P19235,EPOR,Erythropoietin receptor,GCST90425434,c15fbc806564458e7bbd7141e10f56dc
X2719.3,2719-3,Q99062,CSF3R,Granulocyte colony-stimulating factor receptor,GCST90425435,5741acf5256dd68e1cb15a6df93b31a7
X2723.9,2723-9,Q9NZH6,IL37,Interleukin-37,GCST90425436,cc296d43887f8683feaeb79381f1f5fe
X2728.62,2728-62,P24821,TNC,Tenascin,GCST90425437,8f554755bcbd37ec8372e1cfb7a7cad9
X2730.58,2730-58,Q29983,MICA,MHC class I polypeptide-related sequence A,GCST90425438,5b329f98f0f1525db5fa0d0489f940ae
X2731.29,2731-29,P16435,POR,NADPH--cytochrome P450 reductase,GCST90425439,70ef28461589757a1bba0531901d4065
X2732.58,2732-58,Q9H9S0,NANOG,Homeobox protein NANOG,GCST90425440,92b05061b0caa59cf7156460d9cb7b4b
X2734.49,2734-49,O95944,NCR2,Natural cytotoxicity triggering receptor 2,GCST90425441,fcdb3cc1eedae6254086640d3120fc1e
X2737.22,2737-22,P48745,CCN3,Protein NOV homolog,GCST90425442,a640bdd07c369df1e6abec6db38a66ed
X2742.68,2742-68,Q9Y286,SIGLEC7,Sialic acid-binding Ig-like lectin 7,GCST90425443,9f605f103c42c29dc1c82481d51d22a4
X2743.5,2743-5,Q15465,SHH,Sonic hedgehog protein,GCST90425444,efc8110b826037c68b49a866352fe69f
X2744.57,2744-57,P01857,IGHG1,Immunoglobulin G,GCST90425445,df4f2b6e9ecda5816880cb9b364444a7
X2746.56,2746-56,Q9HC73,CRLF2,Cytokine receptor-like factor 2,GCST90425446,29641f7f0f5cf4133fc7961049f73c9c
X2747.3,2747-3,Q9BZM4,ULBP3,NKG2D ligand 3,GCST90425447,fe11fa7aee6650de454c53bfa6b1dd0d
X2748.3,2748-3,P08476,INHBA,Activin A,GCST90425448,24714618fc5981ef69eafd034cd5688f
X2750.3,2750-3,P02647,APOA1,Apolipoprotein A-I,GCST90425449,a058aedb5911575651e2594818c84bba
X2751.16,2751-16,P20160,AZU1,Azurocidin,GCST90425450,8a2f1ad253c41d0ed9c7e1cea3f11bb8
X2752.62,2752-62,P43026,GDF5,Growth/differentiation factor 5,GCST90425451,3d8d7bbfaf857545d9c0352c04339b95
X2753.2,2753-2,P02745|P02746|P02747,C1QA|C1QB|C1QC,Complement C1q subcomponent,GCST90425452,7c0e3021144e3c441e8aabb8bdd772eb
X2754.50,2754-50,P01024,C3,Complement C3,GCST90425453,0ae3c37f73d717c17b2f0a5a3680ed32
X2755.8,2755-8,P01024,C3,C3a anaphylatoxin des Arginine,GCST90425454,279839286c44196721e953b1f7d0bca3
X2760.2,2760-2,O95990,FAM107A,Protein FAM107A,GCST90425455,997914e50d7f4a9a7c3bc36b4945af95
X2761.49,2761-49,O76093,FGF18,Fibroblast growth factor 18,GCST90425456,3dd102f3ab188951a1c991606efe6bf3
X2762.30,2762-30,O95750,FGF19,Fibroblast growth factor 19,GCST90425457,e8303c809388383ef8871ff05744b2fa
X2763.66,2763-66,Q9NP95,FGF20,Fibroblast growth factor 20,GCST90425458,fb1bb2ee973cc752993c15ffbf102251
X2765.4,2765-4,O95390|O14793,GDF11|MSTN,Growth/differentiation factor 11/8,GCST90425459,10eb6409510d7691afd5b1625be00a42
X2768.56,2768-56,P02790,HPX,Hemopexin,GCST90425460,2ea938f559a7f5670ea50f38f16bfc89
X2769.3,2769-3,P18093,rev,Protein Rev_HV2BE,GCST90425461,4d9c0e91c00727c421193ff0fd2a511c
X2770.51,2770-51,P22362,CCL1,C-C motif chemokine 1,GCST90425462,34a08ffc45fefe8d0479b446c1dcb525
X2771.35,2771-35,P08833,IGFBP1,Insulin-like growth factor-binding protein 1,GCST90425463,8c6c1a46fb6498c8a5faa90d81af3557
X2773.50,2773-50,P22301,IL10,Interleukin-10,GCST90425464,be88b3a89447aa6b466ce96ecc75cdd1
X2774.10,2774-10,Q14005,IL16,Interleukin-16,GCST90425465,8268d7fd223cdb9a62881fdd38efd4ad
X2775.54,2775-54,Q96PD4,IL17F,Interleukin-17F,GCST90425466,b6bb972c3f983a859f011b35893c6e32
X2778.10,2778-10,Q9GZX6,IL22,Interleukin-22,GCST90425467,3574b91c2cf7a240a4c40567d49b05b5
X2780.35,2780-35,P02788,LTF,Lactotransferrin,GCST90425468,e9ad90436cc61d954b63168edcbc341a
X2781.63,2781-63,Q8NHW4,CCL4L1,C-C motif chemokine 4-like,GCST90425469,3696a5d5ba020793f4893662786a0cc3
X2783.18,2783-18,P16619,CCL3L1,C-C motif chemokine 3-like 1,GCST90425470,4ec58b308e33370527b8ca6ec6b9fcc9
X2785.15,2785-15,P80075,CCL8,C-C motif chemokine 8,GCST90425471,3e19bb638f5a953fb3e261d1144c20e1
X2788.55,2788-55,P08254,MMP3,Stromelysin-1,GCST90425472,e10696b7c3e7a33f61bde446e0786443
X2789.26,2789-26,P09237,MMP7,Matrilysin,GCST90425473,1df631e42b90568c64e706dfb63017c7
X2790.54,2790-54,P02775,PPBP,Neutrophil-activating peptide 2,GCST90425474,759662923dd29f21cac70432f61611c5
X2794.60,2794-60,P00441,SOD1,Superoxide dismutase [Cu-Zn],GCST90425475,7518e38b5ccaf9b52a110fbd48edc61e
X2796.62,2796-62,P02671|P02675|P02679,FGA|FGB|FGG,Fibrinogen,GCST90425476,e848f78c5b41a1060b5cd5644674e209
X2797.56,2797-56,P04114,APOB,Apolipoprotein B,GCST90425477,cfc65f6054eb522d2d7485740ec83934
X2805.6,2805-6,Q9BYF1,ACE2,Angiotensin-converting enzyme 2,GCST90425478,6e5accf388cabf3f23eb8044b2c6be5f
X2806.49,2806-49,P36896,ACVR1B,Activin receptor type-1B,GCST90425479,8a5986ec087f5bec41d825b09c8b6cf8
X2809.25,2809-25,O75173,ADAMTS4,A disintegrin and metalloproteinase with thrombospondin motifs 4,GCST90425480,5688208de6450726f9b42cb697f6700c
X2811.27,2811-27,Q15389,ANGPT1,Angiopoietin-1,GCST90425481,60766fbd4c4259525c9cbc6e2d506f1a
X2813.11,2813-11,O00253,AGRP,Agouti-related protein,GCST90425482,b23f68f8de38aae62ef7de754de3252d
X2816.50,2816-50,P50895,BCAM,Basal Cell Adhesion Molecule,GCST90425483,b11e2f187774491c617318a507a08359
X2822.56,2822-56,P48960,ADGRE5,CD97 antigen,GCST90425484,d10865d2a506789a446c74458ed2609b
X2823.7,2823-7,Q86VX2,COMMD7,COMM domain-containing protein 7,GCST90425485,9e90b1204761e5b12b32fc756627e4b2
X2826.53,2826-53,Q92838,EDA,"Ectodysplasin-A, secreted form",GCST90425486,e7d45cb4b5a117338a1ce4a71096996f
X2827.23,2827-23,P78423,CX3CL1,Fractalkine,GCST90425487,4a8e1f5ba8f0d32f7fa0039621207efe
X2828.82,2828-82,O43278,SPINT1,Kunitz-type protease inhibitor 1,GCST90425488,cf73fd5c6f96dae4fa7c45f7a533fc98
X2829.19,2829-19,Q8NEV9|Q14213,IL27|EBI3,Interleukin-27,GCST90425489,478603c81af59b1b4da0fd42a4c9828f
X2831.29,2831-29,Q9UBX7,KLK11,Kallikrein-11,GCST90425490,cf41d75e019dc17efddffe75b51b1b1c
X2833.20,2833-20,Q9Y5K2,KLK4,Kallikrein-4,GCST90425491,8c38d15046f9166aeaec83d4272f0981
X2834.54,2834-54,O60259,KLK8,Kallikrein-8,GCST90425492,65cf1d4cfe40671b2a2450306fd054dc
X2835.1,2835-1,P12956,XRCC6,X-ray repair cross-complementing protein 6,GCST90425493,2336bde643ad03b4314724be6338371c
X2836.68,2836-68,P80188,LCN2,Neutrophil gelatinase-associated lipocalin,GCST90425494,4eaee587f92862f67c74008006caf645
X2837.3,2837-3,P08581,MET,Hepatocyte growth factor receptor,GCST90425495,4b81b4cee881b23469b8adfae85b5471
X2838.53,2838-53,Q9ULZ9,MMP17,Matrix metalloproteinase-17,GCST90425496,58eb05f4aa3f46cf0f95cf18346b7f6a
X2839.2,2839-2,P23510,TNFSF4,Tumor necrosis factor ligand superfamily member 4,GCST90425497,b342630ddaca918dcd3c6b0d3fcf0dbb
X2841.13,2841-13,Q92765,FRZB,Secreted frizzled-related protein 3,GCST90425498,feafb30fd449c31889859692cd140ce7
X2843.13,2843-13,O43291,SPINT2,Kunitz-type protease inhibitor 2,GCST90425499,580866ccb1bb478c581ac9aa113667a3
X2844.53,2844-53,P35590,TIE1,"Tyrosine-protein kinase receptor Tie-1, soluble",GCST90425500,07eb79aa654f7856adb0e8f604c0579b
X2848.2,2848-2,Q9Y5W5,WIF1,Wnt inhibitory factor 1,GCST90425501,67b54d66bb6a1b739e8a9aa76cb7f474
X2849.49,2849-49,P55008,AIF1,Allograft inflammatory factor 1,GCST90425502,bbedef16ff4ac7a712a1f39675e948fd
X2851.63,2851-63,P01031,C5,C5a anaphylatoxin,GCST90425503,caf5742715ba904fa6d46c7632fe0dd4
X2853.68,2853-68,O14757,CHEK1,Serine/threonine-protein kinase Chk1,GCST90425504,35fba2eefc4af64b092054ab5300ecea
X2855.49,2855-49,P27361,MAPK3,Mitogen-activated protein kinase 3,GCST90425505,1dd7d01822fb28446277870637e18714
X2857.70,2857-70,P04150,NR3C1,Glucocorticoid receptor,GCST90425506,a0a56491acc4c2f9145ebfaffc97f968
X2858.29,2858-29,O14929,HAT1,Histone acetyltransferase type B catalytic subunit,GCST90425507,5fedae39c3c86f91ab5084489c8a1fe0
X2859.69,2859-69,Q9BY41,HDAC8,Histone deacetylase 8,GCST90425508,e0e26dd1aee8401991efdaa514d0416a
X2860.19,2860-19,P52292,KPNA2,Importin subunit alpha-1,GCST90425509,ce987fe1f84f34c1dd9ffa3391f9ea21
X2864.2,2864-2,Q02750,MAP2K1,Dual specificity mitogen-activated protein kinase kinase 1,GCST90425510,f96a794d20a0d2f69d507c61f920efb4
X2867.52,2867-52,P31749,AKT1,RAC-alpha serine/threonine-protein kinase,GCST90425511,88ba274caa8f240f292afe10f2479b34
X2869.68,2869-68,Q05655,PRKCD,Protein kinase C delta type,GCST90425512,29b3301ca8b6f35d7935014fde70d3cd
X2870.29,2870-29,P63000,RAC1,Ras-related C3 botulinum toxin substrate 1,GCST90425513,57729ef4060ca5eacf78af99e39cd2e5
X2871.73,2871-73,Q06609,RAD51,DNA repair protein RAD51 homolog 1,GCST90425514,4bb25ac242df922cc581d61a9f125c41
X2875.15,2875-15,P20226,TBP,TATA-box-binding protein,GCST90425515,7ed5d9c8f0cd3497b3fed86548555c5c
X2876.74,2876-74,P11387,TOP1,DNA topoisomerase 1,GCST90425516,83ed6635cfab9304e86c187443625403
X2877.3,2877-3,P63279,UBE2I,SUMO-conjugating enzyme UBC9,GCST90425517,27c4ac98a8ae7184f2260c1e6c93858c
X2878.66,2878-66,P07947,YES1,Tyrosine-protein kinase Yes,GCST90425518,afda69da209bdf3f2406c2272bbeafd2
X2879.9,2879-9,P01011,SERPINA3,Alpha-1-antichymotrypsin,GCST90425519,0ba5e2e4cffc7b8e1f552035d6279859
X2888.49,2888-49,P10643,C7,Complement component C7,GCST90425520,cf08e464ff2bf171cb544b18214ff965
X2889.37,2889-37,Q16619,CTF1,Cardiotrophin-1,GCST90425521,df5452e6292dce64f60683d7254cd6c6
X2890.59,2890-59,Q9NRJ3,CCL28,C-C motif chemokine 28,GCST90425522,9f2bdd1a3c83c96e33dc97a2bc1dcb85
X2891.1,2891-1,P20273,CD22,B-cell receptor CD22,GCST90425523,79e2eee3351c0f4f806eb4faf18bd8d8
X2900.53,2900-53,Q16627,CCL14,C-C motif chemokine 14,GCST90425524,ec759a71c550e51cad6c32cad2dab031
X2906.55,2906-55,P05112,IL4,Interleukin-4,GCST90425525,66f34d39884f7cf2cc70d3f07717dbbb
X2911.27,2911-27,P21741,MDK,Midkine,GCST90425526,61ed47f60671eb844f3ba8cd711550c2
X2913.1,2913-1,P55773,CCL23,C-C motif chemokine 23,GCST90425527,d67909eee9d540bc7ba4d00f7af130b3
X2915.6,2915-6,P12004,PCNA,Proliferating cell nuclear antigen,GCST90425528,bb537a89442fc8f81e11a69a814c3b6b
X2917.3,2917-3,O14788,TNFSF11,Tumor necrosis factor ligand superfamily member 11,GCST90425529,d66279cec310d2637045ac768cbe984b
X2925.9,2925-9,P05121,SERPINE1,Plasminogen activator inhibitor 1,GCST90425530,01e2d3d67cfe620dd9f24489e9828853
X2937.10,2937-10,P02649,APOE,Apolipoprotein E (isoform E3),GCST90425531,77362a0902d9043a1274e5f3fd306b49
X2938.55,2938-55,P02649,APOE,Apolipoprotein E (isoform E4),GCST90425532,c042d38c30b1d0bf0fe7c9f1e1aa55e6
X2939.10,2939-10,Q5T4W7,ARTN,Artemin,GCST90425533,13ceded84331d1bf2916a88a45e84049
X2942.50,2942-50,P99999,CYCS,Cytochrome c,GCST90425534,b0ee51bf8097a74182777fafca46dc27
X2943.5,2943-5,P08684,CYP3A4,Cytochrome P450 3A4,GCST90425535,5944c4bcc9098b6e40b5dd3ded4a1acf
X2944.66,2944-66,P41271,NBL1,Neuroblastoma suppressor of tumorigenicity 1,GCST90425536,4c848446ca0a04176a9b0fece7acfb19
X2946.52,2946-52,P00746,CFD,Complement factor D,GCST90425537,53a1b7f631f6cb86b088e7927cf45aea
X2948.58,2948-58,P10912,GHR,Growth hormone receptor,GCST90425538,0501989a9d33226ed9dc7cf548b2c391
X2949.6,2949-6,O15496,PLA2G10,Group 10 secretory phospholipase A2,GCST90425539,119c29680a6e4792cbed6156b58265b4
X2950.57,2950-57,P22692,IGFBP4,Insulin-like growth factor-binding protein 4,GCST90425540,6ae1fd6df5772d08f06ee4e99d4d34ef
X2952.75,2952-75,P05019,IGF1,Insulin-like growth factor I,GCST90425541,4e0a0a3c556b12a47eefac07149390c6
X2953.31,2953-31,P01215|P01229,CGA|LHB,Luteinizing hormone,GCST90425542,0efebc684dd69e9a240eb50d593d2ad1
X2954.56,2954-56,P22894,MMP8,Neutrophil collagenase,GCST90425543,f1462e71d2d66bb97c41b1f2f3a311a1
X2960.66,2960-66,P27918,CFP,Properdin,GCST90425544,f615c5ede81573ce3ce82e29ac872857
X2961.1,2961-1,P04070,PROC,Vitamin K-dependent protein C,GCST90425545,79dd03ae1c7fd6f11922b09b3fd6efbb
X2962.50,2962-50,P12272,PTHLH,Parathyroid hormone-related protein,GCST90425546,11f6eb34e390a806ab0e021ba6b0060b
X2966.65,2966-65,Q9Y240,CLEC11A,Stem cell growth factor-beta,GCST90425547,db39fc1d1b675b746051da1d70623a0f
X2967.8,2967-8,P19320,VCAM1,Vascular cell adhesion protein 1,GCST90425548,65bb79cbc7b6248408da1d2f92f24540
X2968.61,2968-61,O95150,TNFSF15,Tumor necrosis factor ligand superfamily member 15,GCST90425549,fca19fbdf417e809bb7935619b3f746b
X2969.11,2969-11,P37023,ACVRL1,Serine/threonine-protein kinase receptor R3,GCST90425550,60276960fbf2a928ec904e38da6aa081
X2970.60,2970-60,P15514,AREG,Amphiregulin,GCST90425551,0710ed6898743bd4868125cdcf06ba80
X2972.57,2972-57,P18075,BMP7,Bone morphogenetic protein 7,GCST90425552,46ac0de924f79588cf1dbe56e29b9007
X2973.15,2973-15,P16671,CD36,Platelet glycoprotein 4,GCST90425553,b393097d436f25c090ca7f70c7be5258
X2974.61,2974-61,Q12860,CNTN1,Contactin-1,GCST90425554,a177ed369841af57b30be5fbe97bfcf8
X2975.19,2975-19,P29279,CCN2,Connective tissue growth factor,GCST90425555,ad4bf8ceb37a64d69d4e07320f3c3fd5
X2977.7,2977-7,Q9UNE0,EDAR,Tumor necrosis factor receptor superfamily member EDAR,GCST90425556,2918426220ed2e280bfdf06c3eadf054
X2979.8,2979-8,P42830,CXCL5,C-X-C motif chemokine 5,GCST90425557,4e20d15207f704770c587b6a72875895
X2981.9,2981-9,Q96AP7,ESAM,Endothelial cell-selective adhesion molecule,GCST90425558,409c28b2d517c411f4e27999d3658234
X2982.82,2982-82,P56470,LGALS4,Galectin-4,GCST90425559,2554259706385e09086ac3c6ab5a97cd
X2986.49,2986-49,P19876,CXCL3,Gro-gamma,GCST90425560,3da5fefcc0a1f15f2a16f2d3b457b68d
X2987.37,2987-37,P16403,H1-2,Histone H1.2,GCST90425561,8f22903b3f2e6f747501983130db20e0
X2989.17,2989-17,P01579,IFNG,Interferon gamma,GCST90425562,955b400525e47eb2176bbe67bcdd9c8d
X2991.9,2991-9,P14778,IL1R1,Interleukin-1 receptor type 1,GCST90425563,37173ba35180da3559b21ec551b0f026
X2992.59,2992-59,Q96F46,IL17RA,Interleukin-17 receptor A,GCST90425564,5c999c519e584e81d7be08cb7fa4d2d0
X2993.1,2993-1,O95256,IL18RAP,Interleukin-18 receptor accessory protein,GCST90425565,bfade4fe7591248631cf146a2c8d2521
X2994.71,2994-71,Q9HB29,IL1RL2,Interleukin-1 receptor-like 2,GCST90425566,043a55e5d28a70cff9cd2cbc63091de5
X2997.8,2997-8,P57087,JAM2,Junctional adhesion molecule B,GCST90425567,a42c0382e09bd45e6d0afa3c66807b06
X2998.53,2998-53,Q9BX67,JAM3,Junctional adhesion molecule C,GCST90425568,ff393cd57038951554ebc811f28cd221
X2999.6,2999-6,Q13449,LSAMP,Limbic system-associated membrane protein,GCST90425569,c177a962d3a32d7e6080ba20acdc3e06
X3000.66,3000-66,P11226,MBL2,Mannose-binding protein C,GCST90425570,fef17a9039b79b5a84639cbb9331db69
X3003.29,3003-29,O14931,NCR3,Natural cytotoxicity triggering receptor 3,GCST90425571,e2fe1751bceaebbe4b575ec8b67f4f8d
X3004.67,3004-67,Q9BQ51,PDCD1LG2,Programmed cell death 1 ligand 2,GCST90425572,6b380adfb9ceb87fd5758d3f2e0bfb1d
X3005.5,3005-5,P18031,PTPN1,Tyrosine-protein phosphatase non-receptor type 1,GCST90425573,84a2cebaa6311fb198518213b2f1eb3e
X3007.7,3007-7,Q9Y336,SIGLEC9,Sialic acid-binding Ig-like lectin 9,GCST90425574,72420eaf11c343b8ed09ada9e7bcfef4
X3009.3,3009-3,Q03167,TGFBR3,Transforming growth factor beta receptor type 3,GCST90425575,5c5f1c72047ead47cf1be6a00b8d08c2
X3010.53,3010-53,Q969D9,TSLP,Thymic stromal lymphopoietin,GCST90425576,04b567e9ef555634a82fdaf89476b0a6
X3022.4,3022-4,P16410,CTLA4,Cytotoxic T-lymphocyte protein 4,GCST90425577,cf44d8d466a9cb7cc2bf66d3f5573f8d
X3024.18,3024-18,P08697,SERPINF2,Alpha-2-antiplasmin,GCST90425578,7f4720e23910cd99d671f2328ddd2fc3
X3025.50,3025-50,P09038,FGF2,Fibroblast growth factor 2,GCST90425579,bedb3ba9cbc98971209e64035dc29f7d
X3026.5,3026-5,P20810,CAST,Calpastatin,GCST90425580,18d73918885b1fb85054bd99117583a9
X3028.36,3028-36,P55773,CCL23,Ck-beta-8-1,GCST90425581,a922dc9877e2ce1e928698bee4c3debf
X3029.52,3029-52,Q9NNX6,CD209,CD209 antigen,GCST90425582,2c3d4e53169e1bf2818aa818691147e3
X3030.3,3030-3,Q9H2X3,CLEC4M,C-type lectin domain family 4 member M,GCST90425583,a37b133549e37fc9b739d0282596267c
X3032.11,3032-11,P01215|P01225,CGA|FSHB,Follicle stimulating hormone,GCST90425584,81653798a5348326dbcc20dfba232c32
X3033.57,3033-57,P05162,LGALS2,Galectin-2,GCST90425585,22da76dfde0d8b7f452705459243ab51
X3034.1,3034-1,P14136,GFAP,Glial fibrillary acidic protein,GCST90425586,b9f1be3c6ca474da4da49c30d33d3222
X3035.80,3035-80,Q9UHD0,IL19,Interleukin-19,GCST90425587,ccb3f7fda4adcb345344201503dd5f39
X3037.62,3037-62,P01584,IL1B,Interleukin-1 beta,GCST90425588,2a788030c6c0849e9304f82fadc849ae
X3038.9,3038-9,O14625,CXCL11,C-X-C motif chemokine 11,GCST90425589,ab66a932b5babbc04fd7d3b314a61df5
X3040.59,3040-59,P10147,CCL3,C-C motif chemokine 3,GCST90425590,a35c40a2d0885ba348ed03457eab9f51
X3041.55,3041-55,Q9UBG0,MRC2,C-type mannose receptor 2,GCST90425591,2ca34e51bd1e9e5265e16def8041cfef
X3042.7,3042-7,P02144,MB,Myoglobin,GCST90425592,56a7362e5cb7b6eb9112e0f7509be685
X3043.49,3043-49,P09486,SPARC,SPARC,GCST90425593,7782ddef411014ca194191266f6c7378
X3044.3,3044-3,P55774,CCL18,C-C motif chemokine 18,GCST90425594,830a0fab0f01b9942ac5d454372d9889
X3045.72,3045-72,P21246,PTN,Pleiotrophin,GCST90425595,faf5a72f3fa44cc28ac8e7ae1d96c57e
X3046.31,3046-31,Q9HD89,RETN,Resistin,GCST90425596,00032c0cd1c9b60346c3371acfb42ff8
X3049.61,3049-61,P07477,PRSS1,Trypsin-1,GCST90425597,4bf8fd232beb356dfa947bc2fc3b1234
X3050.7,3050-7,P04275,VWF,von Willebrand factor,GCST90425598,7745a8a254d37eb95dc95dfbf99423ac
X3052.8,3052-8,P48023,FASLG,"Tumor necrosis factor ligand superfamily member 6, soluble form",GCST90425599,78644fd4731741f7f1b56c2f52367665
X3053.49,3053-49,P49771,FLT3LG,Fms-related tyrosine kinase 3 ligand,GCST90425600,5b7dca3037ae4fd2f79f5c91a7ed49be
X3055.54,3055-54,P24394,IL4R,Interleukin-4 receptor subunit alpha,GCST90425601,778393079322bc1b82fa9ad1ef303f24
X3056.11,3056-11,P26718,KLRK1,NKG2-D type II integral membrane protein,GCST90425602,a60b265b4f8e7213b74545e424a65741
X3059.50,3059-50,Q9Y275,TNFSF13B,Tumor necrosis factor ligand superfamily member 13B,GCST90425603,b192cad80c59acc1c823eda20d2f392a
X3060.43,3060-43,P02748,C9,Complement component C9,GCST90425604,c566496ad08ccc9701571713731f7c3b
X3065.65,3065-65,P12034,FGF5,Fibroblast growth factor 5,GCST90425605,f33e155914929b70042def86f4fb9d65
X3066.12,3066-12,P17931,LGALS3,Galectin-3,GCST90425606,51e46d102f0992e6888f697010dca9be
X3067.67,3067-67,O60383,GDF9,Growth/differentiation factor 9,GCST90425607,e1de786b9cb511e09006c05d7afbc17a
X3069.52,3069-52,P01871,IGHM,Immunoglobulin M,GCST90425608,7b7cd8a658c38bfeb09299f5d38c58f3
X3070.1,3070-1,P60568,IL2,Interleukin-2,GCST90425609,7cb31c21992034219987796e22b85079
X3072.4,3072-4,P35225,IL13,Interleukin-13,GCST90425610,f76d49166e0c327e3d8693bdc367a773
X3073.51,3073-51,O95998,IL18BP,Interleukin-18-binding protein,GCST90425611,1b765e00a1ae80b690477079337b3207
X3074.6,3074-6,P18428,LBP,Lipopolysaccharide-binding protein,GCST90425612,5d9cef6e0795748ffb3839fa88a1657a
X3077.66,3077-66,P00742,F10,Coagulation factor Xa,GCST90425613,5805b49e4f1909d48fc523c2c4e57e80
X3078.1,3078-1,P49763,PGF,Placenta growth factor,GCST90425614,a403a94f900adef6571ff648f4776dd1
X3079.62,3079-62,Q99969,RARRES2,Retinoic acid receptor responder protein 2,GCST90425615,e52e443e2987267abc760474f4cc641d
X3081.70,3081-70,Q9BZM6,ULBP1,NKG2D ligand 1,GCST90425616,a87050abdeb4ea45a3c5fb294f5279ce
X3082.9,3082-9,Q9BZM5,ULBP2,NKG2D ligand 2,GCST90425617,305ce98de6b952b6cc3f639475ac307d
X3083.71,3083-71,Q9HAV5,EDA2R,Tumor necrosis factor receptor superfamily member 27,GCST90425618,eed1f04d5bc5277f130bf87e7262cf07
X3091.70,3091-70,O14965,AURKA,Aurora kinase A,GCST90425619,93d097570a02515c562ea54c1833a3fd
X3115.64,3115-64,P28482,MAPK1,Mitogen-activated protein kinase 1,GCST90425620,7d985a6cdcec8e9b73a2d284f699d09c
X3122.6,3122-6,Q9NR28,DIABLO,"Diablo homolog, mitochondrial",GCST90425621,6edc8a818c166c71ced9afd0f1ee8c34
X3132.1,3132-1,P49767,VEGFC,Vascular endothelial growth factor C,GCST90425622,7a27726de1e3e86a2512fe9c1a335149
X3143.3,3143-3,P01730,CD4,T-cell surface glycoprotein CD4,GCST90425623,1d5b052a79896639e5a1237efd694953
X3148.49,3148-49,P19875,CXCL2,Gro-beta,GCST90425624,5eb3d8cbbdd9a44c9492da7a0ba6b3e6
X3151.6,3151-6,P01589,IL2RA,Interleukin-2 receptor subunit alpha,GCST90425625,ea35a85b439e4b85db8824b8a26f79c9
X3152.57,3152-57,P20333,TNFRSF1B,Tumor necrosis factor receptor superfamily member 1B,GCST90425626,5fde975ee0231d49ff12a4aaf8ea4a74
X3166.92,3166-92,P20138,CD33,Myeloid cell surface antigen CD33,GCST90425627,12cce603a29fc674449d583d941db0e5
X3168.8,3168-8,Q9UNA0,ADAMTS5,A disintegrin and metalloproteinase with thrombospondin motifs 5,GCST90425628,93f9aecac06373ee269890614b628aae
X3169.70,3169-70,P35475,IDUA,Alpha-L-iduronidase,GCST90425629,a7e7066544f02a16952ab3051ac9aeb8
X3170.6,3170-6,P50579,METAP2,Methionine aminopeptidase 2,GCST90425630,4b3bd09d6ddde6cc6fd067f36a755fb2
X3171.57,3171-57,P05067,APP,Amyloid beta A4 protein,GCST90425631,3b51e7131b5703c0120b71b041dfa80f
X3172.28,3172-28,P15848,ARSB,Arylsulfatase B,GCST90425632,e8af7ad9a03048f44db8c7ef31b42fd3
X3173.49,3173-49,Q02083,NAAA,N-acylethanolamine-hydrolyzing acid amidase,GCST90425633,8828d5afb61de3ae761d6b5e4ddd1eee
X3175.51,3175-51,Q76LX8,ADAMTS13,A disintegrin and metalloproteinase with thrombospondin motifs 13,GCST90425634,388d1990189a959459d605b12c324c8c
X3177.49,3177-49,P22748,CA4,Carbonic anhydrase 4,GCST90425635,224adcb8a9de118f96f3b080c9944148
X3178.5,3178-5,P53634,CTSC,Dipeptidyl peptidase 1,GCST90425636,e5db090fb309c429311dd81a03a888ec
X3179.51,3179-51,P10619,CTSA,Lysosomal protective protein,GCST90425637,df1a36e9e88fa0b5ff4e59ec54945c69
X3181.50,3181-50,P25774,CTSS,Cathepsin S,GCST90425638,8a6d59342375c451689fb827379f0d0c
X3182.38,3182-38,P49961,ENTPD1,Ectonucleoside triphosphate diphosphohydrolase 1,GCST90425639,e1d4e3193b008d8c5dba3e96827c131d
X3184.25,3184-25,P08709,F7,Coagulation factor VII,GCST90425640,917763fbb0b5eb84b05a79c85575b082
X3186.2,3186-2,P06681,C2,Complement C2,GCST90425641,5a6c5d7853c47e403088263d667dee6b
X3187.52,3187-52,P54108,CRISP3,Cysteine-rich secretory protein 3,GCST90425642,038eff6f77b422931a559011c33027a8
X3189.61,3189-61,P98073,TMPRSS15,Enteropeptidase,GCST90425643,1a6f416adf882e9ba2f3953d6e57657c
X3191.50,3191-50,Q96NZ8,WFIKKN1,"WAP, kazal, immunoglobulin, kunitz and NTR domain-containing protein 1",GCST90425644,b298cea1d8281e5b05316f46fd37586a
X3192.3,3192-3,Q96KP4,CNDP2,Cytosolic non-specific dipeptidase,GCST90425645,46bed8153a3e2f643b0312c4cfdaa8df
X3194.36,3194-36,Q9HCN6,GP6,Platelet glycoprotein VI,GCST90425646,b93efcc9eb29b9b646010de3e4b6970e
X3195.50,3195-50,P22749,GNLY,Granulysin,GCST90425647,3865a47fe88a2028f9d6cf880591ddf3
X3196.6,3196-6,P10915,HAPLN1,Hyaluronan and proteoglycan link protein 1,GCST90425648,a8f54841a4ac733eb3797b531288670c
X3197.70,3197-70,P14735,IDE,Insulin-degrading enzyme,GCST90425649,c96d3be4ecb9737ff58dc8acc4fd696e
X3198.4,3198-4,P22304,IDS,Iduronate 2-sulfatase,GCST90425650,566d7de494c1a73d75fd1769ba787026
X3200.49,3200-49,Q9UKR3,KLK13,Kallikrein-13,GCST90425651,89126c8cc686435a980b7fdb9e614e61
X3202.28,3202-28,Q8NCW0,KREMEN2,Kremen protein 2,GCST90425652,63ae0ab364d466f6f8f7d7abb66aac1f
X3204.2,3204-2,P09960,LTA4H,Leukotriene A-4 hydrolase,GCST90425653,286829915c24984251617a1bd46c8a4c
X3208.2,3208-2,O15232,MATN3,Matrilin-3,GCST90425654,66b9f5c894d50e54e3512c75a7d9f32a
X3209.69,3209-69,Q9NQ76,MEPE,Matrix extracellular phosphoglycoprotein,GCST90425655,3da93d6765bfef0aa6aaa9513b9fe789
X3210.1,3210-1,P53582,METAP1,Methionine aminopeptidase 1,GCST90425656,2d525c6e5603c7a4cfa5eb15756314a6
X3212.30,3212-30,Q9NR71,ASAH2,Neutral ceramidase,GCST90425657,3b42df3db32e2bdfbb7fd8b0873459ea
X3214.3,3214-3,O14786,NRP1,Neuropilin-1,GCST90425658,b0e13cf009f1f0228821b6c5058d109c
X3216.2,3216-2,P01833,PIGR,Polymeric immunoglobulin receptor,GCST90425659,586f3f0f1a5172f9e7be18e40ae4b1ec
X3217.74,3217-74,P07093,SERPINE2,Glia-derived nexin,GCST90425660,f87f835cefbaaf01e657a3961f9ab067
X3218.8,3218-8,Q04609,FOLH1,Glutamate carboxypeptidase 2,GCST90425661,bbe7253ea4a73da6b8ced26d9e1bca55
X3220.40,3220-40,P07949,RET,Proto-oncogene tyrosine-protein kinase receptor Ret,GCST90425662,b7898ab13e8d5e2b6387ec114b4de5e1
X3221.54,3221-54,Q8N474,SFRP1,Secreted frizzled-related protein 1,GCST90425663,e703643ec70576a95d4bcf085b747173
X3222.11,3222-11,Q14563,SEMA3A,Semaphorin-3A,GCST90425664,46d2559420f623729f123ec2f411e726
X3232.28,3232-28,P13686,ACP5,Tartrate-resistant acid phosphatase type 5,GCST90425665,f76b8351ddf48a9821600477dd483e29
X3234.23,3234-23,Q76M96,CCDC80,Coiled-coil domain-containing protein 80,GCST90425666,c724d6099486823959c02f01ee03ae91
X3235.50,3235-50,Q8TEU8,WFIKKN2,"WAP, Kazal, immunoglobulin, Kunitz and NTR domain-containing protein 2",GCST90425667,10af008a51549c72271cbd045a0b7e72
X3236.12,3236-12,P49841,GSK3B,Glycogen synthase kinase-3 beta,GCST90425668,96485c113baa4b38bbd61248fff1ceda
X3280.49,3280-49,P16112,ACAN,Aggrecan core protein,GCST90425669,8ceddf591d347df5744cb56ba00aefc9
X3283.21,3283-21,Q15582,TGFBI,Transforming growth factor-beta-induced protein ig-h3,GCST90425670,e3295e56f3eff45c14bb392e722db039
X3284.75,3284-75,P21810,BGN,Biglycan,GCST90425671,e89cd004e7bdd87625d4a8af40a5ae69
X3285.23,3285-23,P00736,C1R,Complement C1r subcomponent,GCST90425672,b515fadea6e7af38c0b9ce52ba0dd967
X3289.19,3289-19,Q9NS85,CA10,Carbonic anhydrase-related protein 10,GCST90425673,982cc888c17c659bc3414ddd90bceb05
X3290.50,3290-50,Q6YHK3,CD109,CD109 antigen,GCST90425674,7a235109a1db40d3a02d15c17760bbe8
X3291.30,3291-30,P06734,FCER2,Low affinity immunoglobulin epsilon Fc receptor,GCST90425675,19c5cc4b726be344f7adf5e5e4fe0e2a
X3292.75,3292-75,P09326,CD48,CD48 antigen,GCST90425676,7689a38e1b14e27801f5a10609ee08fd
X3293.2,3293-2,O43866,CD5L,CD5 antigen-like,GCST90425677,248ab8be3338253a92ca089b33865dd2
X3294.55,3294-55,P0CG37,CFC1,Cryptic protein,GCST90425678,3c06d049b2edad02773ed46fd5311527
X3296.92,3296-92,Q02246,CNTN2,Contactin-2,GCST90425679,abe1718ef4fb077c5f43d436c94f8b49
X3298.52,3298-52,Q8IWV2,CNTN4,Contactin-4,GCST90425680,058c3b334c5a8e79ed1bb3ea873bdd97
X3299.29,3299-29,O94779,CNTN5,Contactin-5,GCST90425681,896d77ff7b3a2aecf0d66ea581f62edf
X3302.58,3302-58,O76096,CST7,Cystatin-F,GCST90425682,9ef12b4b21b26a73e9006c289a08a35f
X3303.23,3303-23,Q15828,CST6,Cystatin-M,GCST90425683,ae3dc49c214a1511fa226ce899ca6f19
X3305.6,3305-6,Q9NR61,DLL4,Delta-like protein 4,GCST90425684,d319d2ddea05e9e024c688b8c6dd816d
X3310.62,3310-62,P31994,FCGR2B,Low affinity immunoglobulin gamma Fc region receptor II-b,GCST90425685,511043048c2af157b4f8ebe18158a37c
X3311.27,3311-27,O75015,FCGR3B,Low affinity immunoglobulin gamma Fc region receptor III-B,GCST90425686,60747b7ad9106bdf800f97c562b079bd
X3312.64,3312-64,P12314,FCGR1A,High affinity immunoglobulin gamma Fc receptor I,GCST90425687,cda4fa8635de5f4a2305b93734d01c91
X3313.21,3313-21,Q15485,FCN2,Ficolin-2,GCST90425688,79cb14055f156a0065b96c4a8cba7ff1
X3314.74,3314-74,P56159,GFRA1,GDNF family receptor alpha-1,GCST90425689,ec68e1d20e624f74ae4d9154f31df049
X3315.15,3315-15,Q8N158,GPC2,Glypican-2,GCST90425690,fb208cd5e46e21568fb8062e08af7d7a
X3316.58,3316-58,P05546,SERPIND1,Heparin cofactor 2,GCST90425691,aa844431d8a288da7a5ac82330fdcea9
X3317.33,3317-33,O43464,HTRA2,"Serine protease HTRA2, mitochondrial",GCST90425692,bc0375893ce49510f90e5ce8ba557b4d
X3320.49,3320-49,Q16270,IGFBP7,Insulin-like growth factor-binding protein 7,GCST90425693,1741fba16bb20522682cdeceef887d1f
X3321.2,3321-2,Q13007,IL24,Interleukin-24,GCST90425694,8be05cdd14bae640baf129d8bba267da
X3322.52,3322-52,Q6UXM1,LRIG3,Leucine-rich repeats and immunoglobulin-like domains protein 3,GCST90425695,84744d85105c9c59eea63a9395b8ce26
X3323.37,3323-37,Q14114,LRP8,Low-density lipoprotein receptor-related protein 8,GCST90425696,90def0d3ed2c281896887d5734134bbd
X3324.51,3324-51,Q9HBG7,LY9,T-lymphocyte surface antigen Ly-9,GCST90425697,c3e3a1e06285f50fedd71854f8097c1f
X3325.2,3325-2,O00339,MATN2,Matrilin-2,GCST90425698,cca1063ef9503c44a698ed83843ba3d2
X3326.58,3326-58,Q9BY67,CADM1,Cell adhesion molecule 1,GCST90425699,ccf116b62021b4d0f0fee84976d8f48a
X3327.27,3327-27,Q9HB63,NTN4,Netrin-4,GCST90425700,1fb5867bb5c7b57a383ec80d7874db5a
X3329.14,3329-14,O75594,PGLYRP1,Peptidoglycan recognition protein 1,GCST90425701,7fb685e35b11afed595dc52afecce09f
X3331.8,3331-8,Q6NW40,RGMB,RGM domain family member B,GCST90425702,8bb7e3ebf9c9ecb73c28227416b262ba
X3332.57,3332-57,Q6ZVN8,HJV,Hemojuvelin,GCST90425703,1af278ca2d8df4bdc106c7a492abc9fc
X3336.50,3336-50,P10646,TFPI,Tissue factor pathway inhibitor,GCST90425704,03fe61ac33841e37bb6168d91cf64b14
X3339.33,3339-33,P35442,THBS2,Thrombospondin-2,GCST90425705,ebf07fa74c7aa479c969e95a88b118c9
X3340.53,3340-53,P35443,THBS4,Thrombospondin-4,GCST90425706,01ac93093ef8eb46c5d5fe3e6c196372
X3341.33,3341-33,P00519,ABL1,Tyrosine-protein kinase ABL1,GCST90425707,9f147c9edbd781c11b227a2f99ed3222
X3342.76,3342-76,P42684,ABL2,Abelson tyrosine-protein kinase 2,GCST90425708,b0d09a45ff77fb71c0982993507e09da
X3343.1,3343-1,Q03154,ACY1,Aminoacylase-1,GCST90425709,e994f0c7432268396cdf629ed5881d31
X3344.60,3344-60,P01008,SERPINC1,Antithrombin-III,GCST90425710,bc5a28fe919f68bce9bb23e0625a123b
X3346.72,3346-72,Q96GD4,AURKB,Aurora kinase B,GCST90425711,3e38c11b79427588bd67fee34e233612
X3347.9,3347-9,P25098,GRK2,beta-adrenergic receptor kinase 1,GCST90425712,3e3f8aec1a5f419c9f73b4a4d0e55ccc
X3348.49,3348-49,P13497,BMP1,Bone morphogenetic protein 1,GCST90425713,8495fc6c38f03da0c86bb6bda990e003
X3350.53,3350-53,Q9UQM7,CAMK2A,Calcium/calmodulin-dependent protein kinase type II subunit alpha,GCST90425714,52d00258c013b15bf17df50d7fff07a2
X3351.1,3351-1,Q13554,CAMK2B,Calcium/calmodulin-dependent protein kinase type II subunit beta,GCST90425715,095155e65e0918b33be7f20f40176127
X3352.80,3352-80,P23280,CA6,Carbonic anhydrase 6,GCST90425716,ce727d30d441fe47e428338202b2f6e9
X3356.50,3356-50,P43166,CA7,Carbonic anhydrase 7,GCST90425717,3e1df9140fa840dd7a08baccf0f9cca0
X3357.67,3357-67,P24941|P20248,CDK2|CCNA2,Cyclin-dependent kinase 2:Cyclin-A2 complex,GCST90425718,147307622e6768e47a628b878c899306
X3358.51,3358-51,Q00535|Q15078,CDK5|CDK5R1,Cyclin-dependent kinase 5:Cyclin-dependent kinase 5 activator 1 complex,GCST90425719,ec2d9961f0925888d894ced630bd2b18
X3359.11,3359-11,P49336|P24863,CDK8|CCNC,Cyclin-dependent kinase 8:Cyclin-C complex,GCST90425720,0a96084ec110fe3063056c687aa4128b
X3360.50,3360-50,O96017,CHEK2,Serine/threonine-protein kinase Chk2,GCST90425721,ffb1f1f023cb5d24e4da0f0f603cae58
X3361.26,3361-26,Q9UJ71,CD207,C-type lectin domain family 4 member K,GCST90425722,e503feb9e5153c5182090e6c43429e0d
X3362.61,3362-61,Q9BU40,CHRDL1,Chordin-like protein 1,GCST90425723,048f6a340708fe23981f7b7434b477ef
X3363.31,3363-31,P41240,CSK,Tyrosine-protein kinase CSK,GCST90425724,3463635254fec8836add6e2c6498ea8d
X3364.76,3364-76,O60911,CTSV,Cathepsin L2,GCST90425725,1bbe49240942f43cc637868e4efef19f
X3365.7,3365-7,Q9UBT3,DKK4,Dickkopf-related protein 4,GCST90425726,90b78aee4f7c77173a4588a99189b33c
X3366.51,3366-51,Q16610,ECM1,Extracellular matrix protein 1,GCST90425727,3d1ce7b64a4285c4d644c951ac7d63e6
X3367.8,3367-8,Q9UGM5,FETUB,Fetuin-B,GCST90425728,8c577e50036a8b1f8ef4ce0ac024c58b
X3373.5,3373-5,P20718,GZMH,Granzyme H,GCST90425729,79a6e234496642e414e346fea0912b40
X3374.49,3374-49,P08631,HCK,Tyrosine-protein kinase HCK,GCST90425730,b4b68e4bea7939bea6176c49b0451bb6
X3376.49,3376-49,Q8NFM7,IL17RD,Interleukin-17 receptor D,GCST90425731,a2140d8023c16bdfaeb1b34a54eb6bb4
X3379.29,3379-29,P41743,PRKCI,Protein kinase C iota type,GCST90425732,d5ba4fac6c60ea8ed41d09f0b7111e5b
X3381.24,3381-24,P07948,LYN,"Tyrosine-protein kinase Lyn, isoform B",GCST90425733,39c553b413a4481e144da24653810b8c
X3387.1,3387-1,O75914,PAK3,Serine/threonine-protein kinase PAK 3,GCST90425734,3c33dae27b89d27c5eeeefde7b3f2c05
X3388.58,3388-58,Q9P286,PAK5,Serine/threonine-protein kinase PAK 5,GCST90425735,1f4adfd1fa5e02053884911a95c7cf95
X3390.72,3390-72,P42336|P27986,PIK3CA|PIK3R1,PIK3CA/PIK3R1,GCST90425736,0ae4d5ab21be6cb3ba3bb327995cd8d2
X3391.10,3391-10,P48736,PIK3CG,"Phosphatidylinositol 4,5-bisphosphate 3-kinase catalytic subunit gamma isoform",GCST90425737,f90d3eaf0c5433df2964d249f5d0489a
X3392.68,3392-68,Q9Y243,AKT3,Protein kinase B gamma,GCST90425738,708f336a383806307317649a740efb92
X3394.81,3394-81,P53350,PLK1,Serine/threonine-protein kinase PLK1,GCST90425739,e45f14a94ae19335a4142fbdf6ee879a
X3396.54,3396-54,P00797,REN,Renin,GCST90425740,469b4f9573b451be36366fa268731c4e
X3397.7,3397-7,Q06124,PTPN11,Tyrosine-protein phosphatase non-receptor type 11,GCST90425741,19ed104e85d1ffb8726bfdd9b6726d69
X3399.31,3399-31,Q8WWQ8,STAB2,Stabilin-2,GCST90425742,bcb66d25a8767382a7cecb33d28d6e5c
X3400.49,3400-49,Q9UHD2,TBK1,Serine/threonine-protein kinase TBK1,GCST90425743,67a5b9761525fcc85823e42deaf43a12
X3401.8,3401-8,P17706,PTPN2,Tyrosine-protein phosphatase non-receptor type 2,GCST90425744,c89799a1e4509188c52d74a626c63b78
X3403.1,3403-1,P20231,TPSB2,Tryptase beta-2,GCST90425745,5dbe6745476a43206affae3918e6d2f1
X3404.51,3404-51,Q9NRR2,TPSG1,Tryptase gamma,GCST90425746,c24f0f18ac55f76a8958be183a8a99a1
X3405.6,3405-6,Q9Y3C8,UFC1,Ubiquitin-fold modifier-conjugating enzyme 1,GCST90425747,6b116518dd6ad4d4f5990d2223abe65b
X3412.7,3412-7,P10415,BCL2,Apoptosis regulator Bcl-2,GCST90425748,e4c167706ea0d54a3735e7e20b99b756
X3413.50,3413-50,Q16548,BCL2A1,Bcl-2-related protein A1,GCST90425749,131120f1237b96bb675ae72635f79378
X3414.40,3414-40,P51813,BMX,Cytoplasmic tyrosine-protein kinase BMX,GCST90425750,7420c5a5e66cb4ac0e0d2958287b3432
X3415.61,3415-61,P21815,IBSP,Bone sialoprotein 2,GCST90425751,3e9d7b79b35f829bfffdd7e87945cac6
X3416.2,3416-2,Q06187,BTK,Tyrosine-protein kinase BTK,GCST90425752,d5f5c4656d700cc6d837179d2efc18ac
X3418.12,3418-12,Q8IU85,CAMK1D,Calcium/calmodulin-dependent protein kinase type 1D,GCST90425753,1fbb38568d906fb37e71934139a3ca35
X3419.49,3419-49,Q13557,CAMK2D,Calcium/calmodulin-dependent protein kinase type II subunit delta,GCST90425754,cab5280c28b0c0f72e448f821b5520c3
X3420.21,3420-21,Q8N1Q1,CA13,Carbonic anhydrase 13,GCST90425755,9c62fc90dd502c4bc7bff62de02b306a
X3421.54,3421-54,P32971,TNFSF8,Tumor necrosis factor ligand superfamily member 8,GCST90425756,4f020f0d37f32d89af2252389ca79021
X3422.4,3422-4,P06493|P14635,CDK1|CCNB1,Cyclin-dependent kinase 1:G2/mitotic-specific cyclin-B1 complex,GCST90425757,ffd8a97b3f47b1fb180cab098894a0bf
X3423.59,3423-59,P23946,CMA1,Chymase,GCST90425758,76c061da4cf7f243d400b1933ef7e3f8
X3427.63,3427-63,P68400,CSNK2A1,Casein kinase II subunit alpha,GCST90425759,83948c2986b8550c443281c6cacc4d15
X3431.54,3431-54,P21709,EPHA1,Ephrin type-A receptor 1,GCST90425760,169cad758042f70f1aa2ded0cf14fc05
X3432.21,3432-21,P29320,EPHA3,Ephrin type-A receptor 3,GCST90425761,2a0262b194b6df2257d0a2f2c361edd3
X3434.34,3434-34,P02751,FN1,Fibronectin Fragment 3,GCST90425762,3413552920ef57db3246a398bd638bfc
X3435.53,3435-53,P02751,FN1,Fibronectin Fragment 4,GCST90425763,f631b0ed183ac18312cfe8c48cd378b7
X3437.80,3437-80,P36888,FLT3,Receptor-type tyrosine-protein kinase FLT3,GCST90425764,e217af511e03be123424fa0a4e23f89f
X3438.10,3438-10,O95633,FSTL3,Follistatin-related protein 3,GCST90425765,09bdf9f4eedab7cde6babec50a3adfa4
X3440.7,3440-7,P12544,GZMA,Granzyme A,GCST90425766,e9b69e60e2b4fb40016470b042db34b9
X3441.64,3441-64,P49840,GSK3A,Glycogen synthase kinase-3 alpha,GCST90425767,3cb244614b20192a555eb0368cdef1d5
X3445.53,3445-53,Q13261,IL15RA,Interleukin-15 receptor subunit alpha,GCST90425768,90cec9d0e6ed46116efb30448b452605
X3446.7,3446-7,Q13478,IL18R1,Interleukin-18 receptor 1,GCST90425769,a0cd41df070da1b94a12408e6aa2198e
X3447.64,3447-64,P10145,CXCL8,Interleukin-8,GCST90425770,3434be8dee1a1ddf5bbd087fea933e4c
X3448.13,3448-13,P06213,INSR,Insulin receptor,GCST90425771,57ac3061c94316ee9f81a5c9f60079eb
X3449.58,3449-58,P29622,SERPINA4,Kallistatin,GCST90425772,7b51155a3ebfbf1d288411b6e4e2ac61
X3450.4,3450-4,Q92876,KLK6,Kallikrein-6,GCST90425773,a6c318f292124dded8294097c12f0f3d
X3452.17,3452-17,P06239,LCK,Tyrosine-protein kinase Lck,GCST90425774,f23bf7d0be8e5a02b9d5da8fec3ba1da
X3453.87,3453-87,P07948,LYN,Tyrosine-protein kinase Lyn,GCST90425775,378567a4023ec15eb1907918e2dd5d4d
X3457.57,3457-57,Q15063,POSTN,Periostin,GCST90425776,5f3df365ebe7c71e52d4e6aaffdb58b7
X3459.49,3459-49,P09619,PDGFRB,Platelet-derived growth factor receptor beta,GCST90425777,295ecefb6518ffb6e2096c51a1b8852e
X3461.58,3461-58,Q96GW7,BCAN,Brevican core protein,GCST90425778,8cbc36298c2bb6c5bce76c03d96b03ce
X3466.8,3466-8,P17612,PRKACA,cAMP-dependent protein kinase catalytic subunit alpha,GCST90425779,7b84442133bff63f1435f0914bb50d10
X3469.74,3469-74,P51812,RPS6KA3,Ribosomal protein S6 kinase alpha-3,GCST90425780,5a9476836cb346301e77abe30ec3835c
X3470.1,3470-1,P16581,SELE,E-selectin,GCST90425781,1f7958bc4152797143bf3d424d2c5978
X3471.49,3471-49,O75716,STK16,Serine/threonine-protein kinase 16,GCST90425782,6a132c0bb1145f94affdf2368ad9d0c6
X3472.40,3472-40,O15392,BIRC5,Baculoviral IAP repeat-containing protein 5,GCST90425783,86f7a3eb0f17a94197ffe8e04610c301
X3473.78,3473-78,P40238,MPL,Thrombopoietin Receptor,GCST90425784,069dc2092d5c1571226b80e38d58796c
X3474.19,3474-19,P07996,THBS1,Thrombospondin-1,GCST90425785,1cffae34b2e953c185eeef6e4b20e9c0
X3477.63,3477-63,P04629,NTRK1,High affinity nerve growth factor receptor,GCST90425786,e3317acb3a0052bed26ac8cf01ba8430
X3479.71,3479-71,P35030,PRSS3,Trypsin-3,GCST90425787,4a63c7165a503f1d2dda0825b7ee6dbd
X3480.7,3480-7,P51452,DUSP3,Dual specificity protein phosphatase 3,GCST90425788,7ab0c8fb07bbf901549766127dcfe4e6
X3481.87,3481-87,Q9NQW7,XPNPEP1,Xaa-Pro aminopeptidase 1,GCST90425789,6d72456a5638f4b43f319ed227a3b17e
X3484.60,3484-60,P01019,AGT,Angiotensinogen,GCST90425790,95b7604a983c878374841b982b220e76
X3485.28,3485-28,P61769,B2M,Beta-2-microglobulin,GCST90425791,96d5f0c252f081c9df8197d4c8d656fb
X3486.58,3486-58,P05230,FGF1,Fibroblast growth factor 1,GCST90425792,0abe78408f8f006d34e17982add45cf0
X3487.32,3487-32,O43927,CXCL13,C-X-C motif chemokine 13,GCST90425793,f6f2f4e56ac3f337d80e87cca6ac3485
X3489.9,3489-9,P26441,CNTF,Ciliary neurotrophic factor,GCST90425794,35e60373a2fe5e55858ad394dfa52115
X3494.71,3494-71,O60258,FGF17,Fibroblast growth factor 17,GCST90425795,c5f338fb7a01be6e63eb517bf06cd3ba
X3495.15,3495-15,P80162,CXCL6,C-X-C motif chemokine 6,GCST90425796,d6959aeee814fb0ef884e9fcdacb7d33
X3497.13,3497-13,P01563,IFNA2,Interferon alpha-2,GCST90425797,efb288c12dd87dce379ca63b63e63ee1
X3498.53,3498-53,Q16552,IL17A,Interleukin-17A,GCST90425798,50f84eb41afe6e02d01b805612071060
X3499.77,3499-77,Q9UHF5,IL17B,Interleukin-17B,GCST90425799,6660854c643633a87b3fa842dedaa815
X3503.4,3503-4,P56199|P05556,ITGA1|ITGB1,Integrin alpha-I: beta-1 complex,GCST90425800,09e829002ebe3e73ca37c66495b19fe0
X3504.58,3504-58,P81172,HAMP,Hepcidin,GCST90425801,ca25107c502ac2efcc0b7549545bbbca
X3505.6,3505-6,P01374|Q06643,LTA|LTB,Lymphotoxin alpha1:beta2,GCST90425802,d51944efaa2b5f373b63dffe0249922d
X3506.49,3506-49,P01374|Q06643,LTA|LTB,Lymphotoxin alpha2:beta1,GCST90425803,cafbc807d24c59bf06425b7f0f0fde66
X3508.78,3508-78,O00626,CCL22,C-C motif chemokine 22,GCST90425804,89eec73047522bb09342d855db1b00a0
X3509.1,3509-1,Q16663,CCL15,C-C motif chemokine 15,GCST90425805,b367327cce1af06715141f4617eb7d18
X3514.49,3514-49,P24158,PRTN3,Myeloblastin,GCST90425806,9cfac31ad21198a332019a6a33a83274
X3516.60,3516-60,P48061,CXCL12,Stromal cell-derived factor 1,GCST90425807,c38a27409b5689dae3a61af5acce887b
X3518.54,3518-54,Q96IY4,CPB2,Carboxypeptidase B2,GCST90425808,751a95fca33663d58721c7366e2e1196
X3519.3,3519-3,Q92583,CCL17,C-C motif chemokine 17,GCST90425809,add775e134948869fcc036ada87ab0ef
X3520.58,3520-58,P10600,TGFB3,Transforming growth factor beta-3,GCST90425810,f66e62143e39354767eeac0816d6731c
X3521.16,3521-16,P01215|P01222,CGA|TSHB,Thyroid Stimulating Hormone,GCST90425811,54c8a7f9db4ccafde2ef34489e854c4f
X3522.57,3522-57,P01282,VIP,Vasoactive Intestinal Peptide,GCST90425812,aa61dacaa20101e1a1411537019d2140
X3534.14,3534-14,P29965,CD40LG,CD40 ligand,GCST90425813,de8071fb28b892dd54fd8e5c85f76a1e
X3535.84,3535-84,O94907,DKK1,Dickkopf-related protein 1,GCST90425814,49859b6cf3e488afa62e1ab5f434def5
X3538.26,3538-26,P20711,DDC,Aromatic-L-amino-acid decarboxylase,GCST90425815,49d45a52c450b24582edfc5f215798b2
X3554.24,3554-24,Q15848,ADIPOQ,Adiponectin,GCST90425816,15d168c0a81f4abbe817fe55325ced32
X3580.25,3580-25,P01009,SERPINA1,Alpha-1-antitrypsin,GCST90425817,6d68bc56a95bf33feef7ece84fe3b5e2
X3581.53,3581-53,P02765,AHSG,Alpha-2-HS-glycoprotein,GCST90425818,2d37055cf0a453f1dc8821e35cc7af53
X3583.54,3583-54,P15289,ARSA,Arylsulfatase A,GCST90425819,42b97ec8856afa5b5cfbbbfcf667ec3c
X3585.54,3585-54,P35613,BSG,Basigin,GCST90425820,b0d1cebd345926ef5a8156efe139bd93
X3587.53,3587-53,O95393,BMP10,Bone morphogenetic protein 10,GCST90425821,89112e29fed6521a2beb13dfe3af422b
X3591.51,3591-51,P55285,CDH6,Cadherin-6,GCST90425822,b441a5926b895a2f9a6093ad1f9a23b2
X3592.4,3592-4,Q14012,CAMK1,Calcium/calmodulin-dependent protein kinase type 1,GCST90425823,e6f683adf227abf8faefb97652334b9d
X3593.72,3593-72,P42574,CASP3,Caspase-3,GCST90425824,19d501b4057dd287939182d992eb32fb
X3600.2,3600-2,Q13231,CHIT1,Chitotriosidase-1,GCST90425825,6e0e8d7301033905068f5870c02c0f91
X3601.54,3601-54,O00533,CHL1,Neural cell adhesion molecule L1-like protein,GCST90425826,6557ea45f48c29a8f8f4bc91b4392776
X3603.60,3603-60,Q9BXN2,CLEC7A,C-type lectin domain family 7 member A,GCST90425827,03234f3bb34c431be7298b609c65c8c5
X3605.77,3605-77,P48740,MASP1,Mannan-binding lectin serine protease 1:Mannan-binding lectin serine protease 1 light chain,GCST90425828,80583a77111040b5da166f544f366254
X3607.71,3607-71,Q9UBP4,DKK3,Dickkopf-related protein 3,GCST90425829,f7b22d3ec9c9d775e31efc8b60642991
X3611.70,3611-70,P42892,ECE1,Endothelin-converting enzyme 1:Extracellular domain,GCST90425830,ca313d329c2bc1cdfcb99be50b8d5e7b
X3613.62,3613-62,O00602,FCN1,Ficolin-1,GCST90425831,df22e2bd9b318f5c2ca85241577ba012
X3616.3,3616-3,P15586,GNS,N-acetylglucosamine-6-sulfatase,GCST90425832,6a2bf7fa810f340606ee8a7aa4912d90
X3617.80,3617-80,Q04756,HGFAC,Hepatocyte growth factor activator,GCST90425833,e7005cf4e9d3076780c8f3b160f2f90d
X3620.67,3620-67,Q8N6P7,IL22RA1,Interleukin-22 receptor subunit alpha-1,GCST90425834,3412cfb7c76d9cee24c45b983e77cdc7
X3622.33,3622-33,Q99538,LGMN,Legumain,GCST90425835,53e9c42d55315064476b9abcd3339b18
X3623.84,3623-84,O95711,LY86,Lymphocyte antigen 86,GCST90425836,d92896b27b258314210195d5b6c52f39
X3624.3,3624-3,Q9BQR3,PRSS27,Serine protease 27,GCST90425837,2aed700cad493dc4c2cbe44cee8b993c
X3627.71,3627-71,Q495T6,MMEL1,Membrane metallo-endopeptidase-like 1,GCST90425838,7fff0803ba28146a8146c9db92ecf075
X3628.3,3628-3,P36507,MAP2K2,Dual specificity mitogen-activated protein kinase kinase 2,GCST90425839,c4f7fb21ecba97a3ad4b44a2fda19de2
X3629.60,3629-60,Q9Y5S2,CDC42BPB,Serine/threonine-protein kinase MRCK beta,GCST90425840,19aa04ebef036d6839280c9e29e5285d
X3630.27,3630-27,Q8N126,CADM3,Cell adhesion molecule 3,GCST90425841,c9c2a8a01fbb2f6a9391f38717972574
X3633.70,3633-70,Q14112,NID2,Nidogen-2,GCST90425842,cc7d98f1cab94391ca42884bfed9bf1a
X3634.5,3634-5,Q14982,OPCML,Opioid-binding protein/cell adhesion molecule,GCST90425843,f387b873e9e314eb835cfb0fbef7c9b4
X3635.76,3635-76,Q9NX40,OCIAD1,OCIA domain-containing protein 1,GCST90425844,85ad145e55846e7288cb863754a4904b
X3636.37,3636-37,P78380,OLR1,Oxidized low-density lipoprotein receptor 1,GCST90425845,a092dae8ea2e91688416dc89fc976565
X3640.14,3640-14,P30533,LRPAP1,alpha-2-macroglobulin receptor-associated protein,GCST90425846,b03fb636039dd8caf6acdc262c86851e
X3642.4,3642-4,Q9UIB8,CD84,SLAM family member 5,GCST90425847,c8d5009feedd0551167b16333a1aa586
X3644.5,3644-5,Q9UK85,DKKL1,Dickkopf-like protein 1,GCST90425848,3cc9cd6286b0a44ace18d94b49e6315f
X3646.7,3646-7,P42680,TEC,Tyrosine-protein kinase Tec,GCST90425849,8ce87c596b41cb84ca383866c79a3d89
X3647.49,3647-49,O00206|Q9Y6Y9,TLR4|LY96,Toll-like receptor 4:Lymphocyte antigen 96 complex,GCST90425850,9c8cb11b2202772f311c4bdd512e5633
X3651.50,3651-50,P35968,KDR,Vascular endothelial growth factor receptor 2,GCST90425851,b9a9a8aa41904faf668a4441b8cbcfaf
X3654.27,3654-27,Q8N8U9,BMPER,BMP-binding endothelial regulator protein,GCST90425852,5f5764144cfbc809217e24f4ff318075
X3666.17,3666-17,Q9BXR6,CFHR5,Complement factor H-related protein 5,GCST90425853,bc056241e4396c5511437c44dc547f25
X3676.15,3676-15,P11717,IGF2R,Cation-independent mannose-6-phosphate receptor,GCST90425854,56cd2002800d67653ed28fb996158419
X3684.78,3684-78,P21757,MSR1,Macrophage scavenger receptor types I and II:Extracellular domain,GCST90425855,e17acee2f38c65c6e9d561d8c0704353
X3685.53,3685-53,Q9BY79,MFRP,Membrane frizzled-related protein,GCST90425856,0ba89cfb6612fd7cee588cf4d41e8298
X3708.62,3708-62,P01023,A2M,Alpha-2-macroglobulin,GCST90425857,d4b3115e5cc8b4f576230e820a257f31
X3709.4,3709-4,P24298,GPT,Alanine aminotransferase 1,GCST90425858,bfe923d3d24d6679a8452b5e4b8e51b9
X3710.49,3710-49,P00747,PLG,Angiostatin,GCST90425859,3a49ea4257c464a7bfce0667f1cceb32
X3714.49,3714-49,P12277|P06732,CKB|CKM,Creatine kinase M-type:Creatine kinase B-type heterodimer,GCST90425860,fe43bf59f8562d218f3a1dd46b895f9e
X3719.2,3719-2,P46527,CDKN1B,Cyclin-dependent kinase inhibitor 1B,GCST90425861,5fd2d40af6dd5f99f70d81e69bbb57b8
X3723.1,3723-1,P16860,NPPB,Brain natriuretic peptide 32,GCST90425862,7b456e9d450b5d29899d344285e35774
X3727.35,3727-35,P10082,PYY,Peptide YY,GCST90425863,c77b23ad10cb5fdccb3b7204aa2709f4
X3728.52,3728-52,P09683,SCT,Secretin,GCST90425864,c40c8c64c0e87ba119ebb35f7a18c3f4
X3730.81,3730-81,P43489,TNFRSF4,Tumor necrosis factor receptor superfamily member 4,GCST90425865,019ebad21125961991ee6ded734ae72e
X3736.60,3736-60,P22004,BMP6,Bone morphogenetic protein 6,GCST90425866,636f19b721f623b77e3f6b11ef1f098d
X3738.54,3738-54,P09603,CSF1,Macrophage colony-stimulating factor 1,GCST90425867,98dc655fd626a0299cf0f9b1d6a5bb12
X3739.72,3739-72,P08514|P05106,ITGA2B|ITGB3,Integrin alpha-IIb: beta-3 complex,GCST90425868,d5d3fea4d2440e0d32ca4b6144c87b7e
X3741.4,3741-4,P05113,IL5,Interleukin-5,GCST90425869,c3589c5801f5b9f7f50af235ceccd261
X3758.68,3758-68,P04070,PROC,Activated Protein C,GCST90425870,70255b253881725ee7e3dd0748332075
X3761.4,3761-4,P35354,PTGS2,Prostaglandin G/H synthase 2,GCST90425871,8bfe3bce26022d99204e289fcd1ed0c8
X3766.51,3766-51,Q16623,STX1A,Syntaxin-1A,GCST90425872,ed1199d1a6ab6ff4334a23920e32ae31
X3773.15,3773-15,Q02763,TEK,"Angiopoietin-1 receptor, soluble",GCST90425873,99b8ade75225ccca23426830ded534a4
X3795.6,3795-6,Q13443,ADAM9,Disintegrin and metalloproteinase domain-containing protein 9,GCST90425874,cd02328b33f5ad5dc2e30d819d475cf9
X3796.79,3796-79,Q9BY76,ANGPTL4,Angiopoietin-related protein 4,GCST90425875,4df72fa7c52794b8d49223e2206b0782
X3797.1,3797-1,P19022,CDH2,Cadherin-2,GCST90425876,4cfb3e734fb723d7cbfd44f852a28a99
X3798.71,3798-71,Q16790,CA9,Carbonic anhydrase 9,GCST90425877,9bcf007ce3941384bc0f3c07a30a3dc6
X3799.11,3799-11,P07451,CA3,Carbonic anhydrase 3,GCST90425878,6c968b54d5278ba829606e2a306d128a
X3800.71,3800-71,P12277,CKB,Creatine kinase B-type,GCST90425879,2c322e9ec9561a3209340da8dc06dc9c
X3805.16,3805-16,Q9NQ30,ESM1,Endothelial cell-specific molecule 1,GCST90425880,29acae80c3b5d042bf63c402b5f52f06
X3806.55,3806-55,P54756,EPHA5,Ephrin type-A receptor 5,GCST90425881,e50b2cbd85936a3a57e129d8416682ba
X3807.1,3807-1,Q9GZV9,FGF23,Fibroblast growth factor 23,GCST90425882,6f5dcc183dff7be393150fd372a71fd7
X3808.76,3808-76,P21802,FGFR2,Fibroblast growth factor receptor 2,GCST90425883,f6dbc348f47829584bcbea9c48531035
X3809.1,3809-1,P22607,FGFR3,Fibroblast growth factor receptor 3:Cytoplasmic domain,GCST90425884,96cf4f1ccd5e9eeb80562ff94cececd2
X3810.50,3810-50,P09769,FGR,Tyrosine-protein kinase Fgr,GCST90425885,78954f6fc76c52a506e5061ed7fd86b3
X3813.3,3813-3,P06241,FYN,Tyrosine-protein kinase Fyn,GCST90425886,846c2023eee9aca0ad07081396bb8f25
X3814.63,3814-63,Q14626,IL11RA,Interleukin-11 receptor subunit alpha,GCST90425887,bd29eec7daad220b3ece0730db63ab5d
X3815.14,3815-14,Q99665,IL12RB2,Interleukin-12 receptor subunit beta-2,GCST90425888,7d1056d936b54ebcc9ab225d729c029f
X3817.18,3817-18,Q04759,PRKCQ,Protein kinase C theta type,GCST90425889,a691720a31210b2397b21ad589ad4c95
X3820.68,3820-68,P49137,MAPKAPK2,MAP kinase-activated protein kinase 2,GCST90425890,d4b0f31cbaf19cc4f3b2a1667eccafbc
X3821.28,3821-28,Q8IW41,MAPKAPK5,MAP kinase-activated protein kinase 5,GCST90425891,dc1f1ead4085ee8327b53df3e853d690
X3822.54,3822-54,Q16644,MAPKAPK3,MAP kinase-activated protein kinase 3,GCST90425892,6dcefa09ea18e66bce1d1fbea6fa09ee
X3823.9,3823-9,P42679,MATK,Megakaryocyte-associated tyrosine-protein kinase,GCST90425893,dea5166bd0aa4cf806a37c54f2e87266
X3825.18,3825-18,P45983,MAPK8,Mitogen-activated protein kinase 8,GCST90425894,a61b119cd5d6dfa73bad36853fd7b1b3
X3827.22,3827-22,Q9NQU5,PAK6,Serine/threonine-protein kinase PAK 6,GCST90425895,a56e3643d5701bbf1034ee811931c8dd
X3828.54,3828-54,Q9NRA1,PDGFC,Platelet-derived growth factor C,GCST90425896,87f4dbf0b222bdad610623129da94851
X3831.21,3831-21,P60484,PTEN,"Phosphatidylinositol 3,4,5-trisphosphate 3-phosphatase and dual-specificity protein phosphatase PTEN",GCST90425897,d7e1261d0642de514307a0b550a60371
X3832.51,3832-51,Q13882,PTK6,Protein-tyrosine kinase 6,GCST90425898,b282177b7c3e163465d0acec9776739d
X3835.11,3835-11,O60603,TLR2,Toll-like receptor 2,GCST90425899,0f930ff79928665508331ce974695e8d
X3836.51,3836-51,P61960,UFM1,Ubiquitin-fold modifier 1,GCST90425900,3ffe930d6fa1e07a0e0b96598ea5105e
X3837.6,3837-6,P43403,ZAP70,Tyrosine-protein kinase ZAP-70,GCST90425901,2b575d0dbc4411002c2fd39d14a8e256
X3839.60,3839-60,O00170,AIP,AH receptor-interacting protein,GCST90425902,13826bd02ef5ecc304dd46eb3d2b557a
X3844.2,3844-2,P62937,PPIA,Peptidyl-prolyl cis-trans isomerase A,GCST90425903,abba335535c197a44a2e70ef0667d91a
X3845.51,3845-51,Q9NP97,DYNLRB1,Dynein light chain roadblock-type 1,GCST90425904,5b8c7220a2bacfad1728a92cd162e27a
X3847.56,3847-56,O95571,ETHE1,"Persulfide dioxygenase ETHE1, mitochondrial",GCST90425905,9c0802d37973010880aced525e97d2cc
X3852.19,3852-19,P25685,DNAJB1,DnaJ homolog subfamily B member 1,GCST90425906,2f6f9992f446a0e6f23f7fa3e0ce6aa1
X3853.56,3853-56,P40925,MDH1,"Malate dehydrogenase, cytoplasmic",GCST90425907,7bb9c7281152c51f7ea6cdbdc30a4670
X3854.24,3854-24,Q13765,NACA,Nascent polypeptide-associated complex subunit alpha,GCST90425908,2288ac4a1e7ddceb71e5da8675cfbc8b
X3855.56,3855-56,Q06830,PRDX1,Peroxiredoxin-1,GCST90425909,1292592520aaa55be70247277ffd918a
X3858.5,3858-5,P24666,ACP1,Low molecular weight phosphotyrosine protein phosphatase,GCST90425910,019d8c3eb535bd9d27d4dad8958ad9cd
X3859.50,3859-50,P25786,PSMA1,Proteasome subunit alpha type-1,GCST90425911,ecfb3dad496d9ad508defbdace5d813f
X3860.7,3860-7,P60900,PSMA6,Proteasome subunit alpha type-6,GCST90425912,0cd72b33e7cc1411c4dd2e09eb400da2
X3864.5,3864-5,P62081,RPS7,40S ribosomal protein S7,GCST90425913,dc5747738610fb241a1575a699b46159
X3866.7,3866-7,Q9Y3A5,SBDS,Ribosome maturation protein SBDS,GCST90425914,41bf223ab69067e36927bae219067edc
X3867.49,3867-49,Q6UXD5,SEZ6L2,Seizure 6-like protein 2,GCST90425915,b5c81fd94d4b600b3a9c54ac213c6762
X3868.8,3868-8,O43765,SGTA,Small glutamine-rich tetratricopeptide repeat-containing protein alpha,GCST90425916,d8b6b8b62527d6a83dfa40861c7433db
X3872.2,3872-2,P13693,TPT1,Translationally-controlled tumor protein,GCST90425917,fb27ddfa967acd2e81cf546139bd9ae4
X3873.51,3873-51,P07202,TPO,Thyroid peroxidase,GCST90425918,d6346ccc6d4e0fdead422b57c9c2cbcd
X3874.8,3874-8,P68036,UBE2L3,Ubiquitin-conjugating enzyme E2 L3,GCST90425919,6976c122aa0e41b06e782e8c9427600a
X3875.62,3875-62,Q99856,ARID3A,AT-rich interactive domain-containing protein 3A,GCST90425920,a271ad9734dbdec0b20b45608e391844
X3879.50,3879-50,Q16543,CDC37,Hsp90 co-chaperone Cdc37,GCST90425921,c1a9e93e2d3a7fadb56494ef19133006
X3881.49,3881-49,P63167,DYNLL1,"Dynein light chain 1, cytoplasmic",GCST90425922,13ddbd9eba73a44ca63f890cd5ca382b
X3887.90,3887-90,Q14974,KPNB1,Importin subunit beta-1,GCST90425923,2b97f2ffd0b9d19b5007d9602ea5bf7a
X3888.8,3888-8,Q9UK53,ING1,Inhibitor of growth protein 1,GCST90425924,8b9720622d100007f1ea3bb425c5c019
X3889.64,3889-64,P20700,LMNB1,Lamin-B1,GCST90425925,bd8896fd01d4a213c3a5e0eccd717d33
X3890.8,3890-8,P07195,LDHB,L-lactate dehydrogenase B chain,GCST90425926,58698c8e139770450afd313deb261f01
X3891.56,3891-56,O95243,MBD4,Methyl-CpG-binding domain protein 4,GCST90425927,16b11310d0f31ecbe76a3690f112cc36
X3892.21,3892-21,Q15648,MED1,Mediator of RNA polymerase II transcription subunit 1,GCST90425928,f1dc9d61ff248895c8ed7bfba9fa674c
X3893.64,3893-64,Q13421,MSLN,Mesothelin,GCST90425929,7e90d5081a6b9b3670a892a087602629
X3894.15,3894-15,Q9UJ70,NAGK,N-acetyl-D-glucosamine kinase,GCST90425930,9a50711318a8522437dbad9a3b9f460e
X3896.5,3896-5,P18669,PGAM1,Phosphoglycerate mutase 1,GCST90425931,b521a9c4963b76644091978d9450963a
X3897.61,3897-61,Q96GD0,PDXP,Pyridoxal phosphate phosphatase,GCST90425932,ae0fe9ffdc7641fe264b62b7df8b32d0
X3898.5,3898-5,P51665,PSMD7,26S proteasome non-ATPase regulatory subunit 7,GCST90425933,4ce302715e704f4359128ff6ded214a9
X3902.21,3902-21,P63208,SKP1,S-phase kinase-associated protein 1,GCST90425934,9e2c5663e8a127dd156fe27f038e8e0a
X3903.49,3903-49,O95219,SNX4,Sorting nexin-4,GCST90425935,30ee5a64196da8ab8684271f7aea2326
X3905.62,3905-62,P61088,UBE2N,Ubiquitin-conjugating enzyme E2 N,GCST90425936,3f159ef88685870cb87c30c3918b7ba1
X4122.12,4122-12,Q08345,DDR1,Epithelial discoidin domain-containing receptor 1,GCST90425937,eaa34cd90c0674767044dda8a258e56b
X4123.60,4123-60,P08620,FGF4,Fibroblast growth factor 4,GCST90425938,632327df995e5e81ad0202efc951dcf4
X4124.24,4124-24,P0DMV8,HSPA1A,Heat shock 70 kDa protein 1A,GCST90425939,a8e7b161fba785b0977605c501174793
X4125.52,4125-52,Q15109,AGER,"Advanced glycosylation end product-specific receptor, soluble",GCST90425940,6380c74d8eccf717e74e5201f2332348
X4126.22,4126-22,P17213,BPI,Bactericidal permeability-increasing protein,GCST90425941,332816f654d3460cd31079256dcb73ed
X4127.75,4127-75,P13671,C6,Complement component C6,GCST90425942,5b91725f3849ff03ddbf337343ab28c3
X4128.27,4128-27,O00175,CCL24,C-C motif chemokine 24,GCST90425943,7a20d356f9a23b378cf7ce4399d72e41
X4129.72,4129-72,P00751,CFB,Complement factor B,GCST90425944,074605ffe29b0be2785abd44340f3a93
X4130.71,4130-71,P10767,FGF6,Fibroblast growth factor 6,GCST90425945,6c3811bf39fd9e0775c1b7b1d1171d24
X4132.27,4132-27,P19883,FST,Follistatin,GCST90425946,8fec3d867a6547b4c115fcd4be2360f8
X4133.54,4133-54,P10144,GZMB,Granzyme B,GCST90425947,62b091aa28332ac2720b177b66d86547
X4135.84,4135-84,P01854,IGHE,Immunoglobulin E,GCST90425948,05097e4cd6ef2c0e8dbd1a6d4f263d07
X4136.40,4136-40,Q8TAD2,IL17D,Interleukin-17D,GCST90425949,5f6d6fd399fdad3e9eaabe65895d227e
X4137.57,4137-57,Q9H293,IL25,Interleukin-25,GCST90425950,5457be85ac2e5c12b132ca0b8abef6be
X4138.25,4138-25,Q9NYY1,IL20,Interleukin-20,GCST90425951,2caba87f640ad1c24eeb9bcdaa0c4169
X4139.71,4139-71,P08887,IL6R,Interleukin-6 receptor subunit alpha,GCST90425952,1f88ab88c3678c12ba91b519bd001c5a
X4140.3,4140-3,P13232,IL7,Interleukin-7,GCST90425953,75ad89bf7bdadaeff7413d701d974c2f
X4143.74,4143-74,P47992,XCL1,Lymphotactin,GCST90425954,5550ddec4e47d524271e75ef7b1cfeed
X4144.13,4144-13,Q99616,CCL13,C-C motif chemokine 13,GCST90425955,23ede5bb3196ac126a3fd546fb62158e
X4145.58,4145-58,P20783,NTF3,Neurotrophin-3,GCST90425956,62739d57a03da1919f00633d7453a256
X4146.58,4146-58,P34130,NTF4,Neurotrophin-4,GCST90425957,8ff029efa89e661ac85f92daf8a8cf85
X4148.49,4148-49,Q13219,PAPPA,Pappalysin-1,GCST90425958,5dcd4fbcfc82232ee59adf538458b284
X4149.8,4149-8,P01127,PDGFB,Platelet-derived growth factor subunit B,GCST90425959,7d38a67da5c964eb87e99dd89d48daac
X4150.75,4150-75,P00747,PLG,Plasmin,GCST90425960,36638ae6e90b645bd5f543faa6803ee0
X4151.6,4151-6,P00747,PLG,Plasminogen,GCST90425961,1564e7c180031b464ba07db303c958ea
X4152.58,4152-58,P03952,KLKB1,Plasma kallikrein,GCST90425962,3c4ec92d2ca1d0b184a26e3b0c4b301f
X4153.11,4153-11,P01011,SERPINA3,Alpha-1-antichymotrypsin complex,GCST90425963,fbac02bc447babb0024926f8737e7e37
X4154.57,4154-57,P16109,SELP,P-selectin,GCST90425964,155cb070eee41b887325bf3a10bbf69b
X4155.3,4155-3,P24821,TNC,Tenascin,GCST90425965,bceb8273e37d2a7c9ac6535a2310ca56
X4156.74,4156-74,P61812,TGFB2,Transforming growth factor beta-2,GCST90425966,df9efc2bd1732624aaf2a9c73575a5fe
X4158.54,4158-54,P00749,PLAU,Urokinase-type plasminogen activator,GCST90425967,48bc9e0da21c6cd2432a0c20bc74c3a9
X4159.130,4159-130,P08603,CFH,Complement factor H,GCST90425968,93ea867666d193cfb0ccb393f7494c45
X4160.49,4160-49,P08253,MMP2,72 kDa type IV collagenase,GCST90425969,8a7f7c1ab96796c856758da166c87bb2
X4162.54,4162-54,P02787,TF,Serotransferrin,GCST90425970,db4c538059a86daac781b82970532399
X4163.5,4163-5,P0C0S5,H2AZ1,Histone H2A.z,GCST90425971,2d502e784587e0e6d86b965bd0966589
X4179.57,4179-57,P61981,YWHAG,14-3-3 protein gamma,GCST90425972,ccb36c38d2422b0e2fd7c8be5f1792d2
X4184.43,4184-43,Q13542,EIF4EBP2,Eukaryotic translation initiation factor 4E-binding protein 2,GCST90425973,f71101dfd26d43312efc1269ad4e88c1
X4187.49,4187-49,P52209,PGD,"6-phosphogluconate dehydrogenase, decarboxylating",GCST90425974,215f882ddcdbb31b98aefa136306ba84
X4188.1,4188-1,O43488,AKR7A2,Aflatoxin B1 aldehyde reductase member 2,GCST90425975,b82336a60365c553c5c2cc9bd1fd45a0
X4192.10,4192-10,P14550,AKR1A1,Alcohol dehydrogenase [NADP(+)],GCST90425976,e6572165c7384405bc8f8d82128132b6
X4194.26,4194-26,Q92688,ANP32B,Acidic leucine-rich nuclear phosphoprotein 32 family member B,GCST90425977,e3a47e2f7f3e2dba0f95c099a068d624
X4203.50,4203-50,P23528,CFL1,Cofilin-1,GCST90425978,8736dfd576e6c13aab5c0e56ceae4175
X4209.60,4209-60,Q9NP79,VTA1,Vacuolar protein sorting-associated protein VTA1 homolog,GCST90425979,0a2a396eabbe3f2b011df3cdcbffbe51
X4212.5,4212-5,Q9UBC2,EPS15L1,Epidermal growth factor receptor substrate 15-like 1,GCST90425980,c45040eff2e8e6e39ebf5ed2b3a62f2d
X4217.49,4217-49,Q99714,HSD17B10,3-hydroxyacyl-CoA dehydrogenase type-2,GCST90425981,7a7e00266468149dd4f62fca0743d7c7
X4220.39,4220-39,P16591,FER,Tyrosine-protein kinase Fer,GCST90425982,30dda8e66e5f0ea71bef82dbeb89a2e4
X4224.7,4224-7,O60506,SYNCRIP,Heterogeneous nuclear ribonucleoprotein Q,GCST90425983,32ba1de53fc86947d202a2bdfaf7d69e
X4230.1,4230-1,P78344,EIF4G2,Eukaryotic translation initiation factor 4 gamma 2,GCST90425984,3c8eed81d41688383394e8b83ae08e2c
X4232.19,4232-19,P08069,IGF1R,Insulin-like growth factor 1 receptor,GCST90425985,f74d7b65b63a8cb444e3a0cea4127344
X4234.8,4234-8,Q01638,IL1RL1,Interleukin-1 receptor-like 1,GCST90425986,b2a79a56ba97c2ae9663545e65756219
X4237.70,4237-70,Q9UIC8,LCMT1,Leucine carboxyl methyltransferase 1,GCST90425987,0b61facbb9d3cb7039a1177f63202894
X4238.4,4238-4,Q9HAP6,LIN7B,Protein lin-7 homolog B,GCST90425988,4c9534c24ff49f8bdad41d8743939e2d
X4240.31,4240-31,P14618,PKM,Pyruvate kinase PKM,GCST90425989,4bab84a31b672587744bb6041630dfe6
X4245.80,4245-80,Q00987,MDM2,E3 ubiquitin-protein ligase Mdm2,GCST90425990,4e00b86d9bceb2795eb8cd89360af8dc
X4246.40,4246-40,P32004,L1CAM,Neural cell adhesion molecule L1,GCST90425991,c96b1ac36e6d7fc592a69235127708c9
X4250.23,4250-23,Q9UNZ2,NSFL1C,NSFL1 cofactor p47,GCST90425992,df6493d1db0da856518e8088eec8b72d
X4254.6,4254-6,Q8IVD9,NUDCD3,NudC domain-containing protein 3,GCST90425993,9f055e3ed27898743ad2b19b0831f344
X4258.15,4258-15,Q9UQ80,PA2G4,Proliferation-associated protein 2G4,GCST90425994,453cbb6092219ddff9db6b2f03c43b16
X4261.55,4261-55,P27169,PON1,Serum paraoxonase/arylesterase 1,GCST90425995,a3bc94b66125af93d629d1ebb1e9c15d
X4267.81,4267-81,O00541,PES1,Pescadillo homolog,GCST90425996,3bd1ed976f5721f0043e5cb7b6059b41
X4271.75,4271-75,Q99471,PFDN5,Prefoldin subunit 5,GCST90425997,154c8fdcab8c0e98fb681fd9e818d441
X4272.46,4272-46,P06744,GPI,Glucose-6-phosphate isomerase,GCST90425998,cda7ca487ca8d634e30caaa0329d1a56
X4276.10,4276-10,P30086,PEBP1,Phosphatidylethanolamine-binding protein 1,GCST90425999,2e4fe8796bfea1989ac5f1218f465f49
X4278.14,4278-14,P07237,P4HB,Protein disulfide-isomerase,GCST90426000,4dce6b50cd775e75bb756e6757f9b745
X4280.47,4280-47,P25787,PSMA2,Proteasome subunit alpha type-2,GCST90426001,758fe8e8c03c588ae6a05e8cb094edc8
X4282.3,4282-3,P62826,RAN,GTP-binding nuclear protein Ran,GCST90426002,a1eb29f3c7d94b122a7206e4281e475c
X4284.18,4284-18,Q14498,RBM39,RNA-binding protein 39,GCST90426003,9e49464218560cbc256743ca51ead584
X4292.5,4292-5,P54920,NAPA,Alpha-soluble NSF attachment protein,GCST90426004,58594561162658af23d417884fe3816a
X4294.16,4294-16,Q9NYA1,SPHK1,Sphingosine kinase 1,GCST90426005,7a9ad536a2cc253b7477b8b72f3de73e
X4301.58,4301-58,P04183,TK1,"Thymidine kinase, cytosolic",GCST90426006,52534d032971ba874c920f663ba365a4
X4304.18,4304-18,Q8N3X6,LCORL,Ligand-dependent nuclear receptor corepressor-like protein,GCST90426007,b9abe10e139839ffb7d01c9c8af52886
X4306.4,4306-4,P29401,TKT,Transketolase,GCST90426008,3099ac886670fdc9e12fdc413d07167e
X4309.59,4309-59,P60174,TPI1,Triosephosphate isomerase,GCST90426009,cffa2ad4f75bbe5171c4853c67a007de
X4314.12,4314-12,Q9H773,DCTPP1,dCTP pyrophosphatase 1,GCST90426010,8d99083a47d8701cc8b858bd51953fea
X4318.12,4318-12,P29350,PTPN6,Tyrosine-protein phosphatase non-receptor type 6,GCST90426011,3a780a6ead0e263676b223286e5005be
X4322.28,4322-28,Q9BXJ7,AMN,Protein amnionless,GCST90426012,302e98853a136045a30b2a2eef298d96
X4328.2,4328-2,Q9BWV1,BOC,Brother of CDO,GCST90426013,1c05aa921ff3956cbc14eaf20b7b1f9a
X4330.4,4330-4,P07288,KLK3,Prostate-specific antigen,GCST90426014,4e5ce4d0703547606a8065edb97cfb16
X4332.6,4332-6,Q9P126,CLEC1B,C-type lectin domain family 1 member B,GCST90426015,6cae6b782e6c189299baede717a5d026
X4336.2,4336-2,P0DJI8,SAA1,Serum amyloid A-1 protein,GCST90426016,31e1f18d2dc77e3e07172cd21cd45333
X4337.49,4337-49,P02741,CRP,C-reactive protein,GCST90426017,0f76bbdcf376d6107970e070edd78fbd
X4342.10,4342-10,P05362,ICAM1,Intercellular adhesion molecule 1,GCST90426018,3a348339b1c59029734d02c31d878f35
X4355.13,4355-13,Q9UIK4,DAPK2,Death-associated protein kinase 2,GCST90426019,3b7c327c8cb78d3a5c5d7d7d499a8405
X4359.87,4359-87,O43781,DYRK3,Dual specificity tyrosine-phosphorylation-regulated kinase 3,GCST90426020,de965338abd104a18f23b427e2ce5a3a
X4374.45,4374-45,Q99988,GDF15,Growth/differentiation factor 15,GCST90426021,29054b49582333321e5a981190bb5e70
X4383.97,4383-97,P08476|P09529,INHBA|INHBB,Inhibin beta A chain:Inhibin beta B chain heterodimer,GCST90426022,2ef22aa124a9be8a83d1d567d22a26a3
X4389.2,4389-2,O43323,DHH,Desert hedgehog protein N-product,GCST90426023,f2c0f49653e056db7a8914e8b81c5195
X4392.54,4392-54,P61328,FGF12,Fibroblast growth factor 12,GCST90426024,ec03b8eff4499457fd635ecce5b0a3cb
X4393.3,4393-3,O43320,FGF16,Fibroblast growth factor 16,GCST90426025,5702bc8aa1ca9f84ae3d3929c2912359
X4394.71,4394-71,P55075,FGF8,Fibroblast growth factor 8 isoform A,GCST90426026,ebc7aa44051d0594825a9d63c3363a54
X4396.54,4396-54,Q8IU54,IFNL1,Interferon lambda-1,GCST90426027,34cb6d8f1e6fba99d1f252bc96b1f893
X4397.26,4397-26,Q8IZJ0,IFNL2,Interferon lambda-2,GCST90426028,585b64cf52911de8c5cb73d3f5aa512a
X4407.10,4407-10,P26927,MST1,Hepatocyte growth factor-like protein,GCST90426029,c69d0256a11f35774c70efecb88e6d95
X4413.3,4413-3,P03973,SLPI,Antileukoproteinase,GCST90426030,813684286a408ac6e2dea5bf11df1d02
X4420.7,4420-7,O43184,ADAM12,Disintegrin and metalloproteinase domain-containing protein 12,GCST90426031,961ea74856f5fa64afed5dadda14e70f
X4423.77,4423-77,Q07817,BCL2L1,Bcl-2-like protein 1,GCST90426032,333cf96d1eacbd9634af08877f342497
X4428.1,4428-1,Q9Y4C5,CHST2,Carbohydrate sulfotransferase 2,GCST90426033,ef0d0d3a1782db77df59f347dff2092f
X4429.51,4429-51,Q9GZX3,CHST6,Carbohydrate sulfotransferase 6,GCST90426034,0982845d061d46ca7440ab73cb5a1cc5
X4435.66,4435-66,Q6UWV6,ENPP7,Ectonucleotide pyrophosphatase/phosphodiesterase family member 7,GCST90426035,f777c53368c77e1abf5c54ae86e6a987
X4436.1,4436-1,O75355,ENTPD3,Ectonucleoside triphosphate diphosphohydrolase 3,GCST90426036,72bae1d68edca2d3fc8855e6ced7171b
X4437.56,4437-56,O75356,ENTPD5,Ectonucleoside triphosphate diphosphohydrolase 5,GCST90426037,090d28611b687cdb76a8b2c3ea7f7776
X4440.15,4440-15,Q96P31,FCRL3,Fc receptor-like protein 3,GCST90426038,08321a1bc9b20627f0a2b1db910b0bb6
X4450.26,4450-26,Q99729,HNRNPAB,Heterogeneous nuclear ribonucleoprotein A/B,GCST90426039,3c12d43ea3cbdd01f480c7efe8fdff1c
X4452.9,4452-9,Q86UE6,LRRTM1,Leucine-rich repeat transmembrane neuronal protein 1,GCST90426040,6168c0b3b08174307229b73033198cac
X4453.83,4453-83,Q86VH5,LRRTM3,Leucine-rich repeat transmembrane neuronal protein 3,GCST90426041,b7f832797f7023ea714525c1eab11a86
X4455.89,4455-89,Q08431,MFGE8,Lactadherin,GCST90426042,555ae2bcfc07f861d54a9790f4379a59
X4459.68,4459-68,Q16549,PCSK7,Proprotein convertase subtilisin/kexin type 7,GCST90426043,edf9ad76d7198463d065db3cfa9395c9
X4460.8,4460-8,O15530,PDPK1,3-phosphoinositide-dependent protein kinase 1,GCST90426044,cb805cd1a6b194d339e48def34b46f0a
X4464.10,4464-10,Q9BZZ2,SIGLEC1,Sialoadhesin,GCST90426045,f741a34ccc9d58a3af29cd1acab37291
X4467.49,4467-49,Q14515,SPARCL1,SPARC-like protein 1,GCST90426046,5a200eef735701b7a53558f0b82455c6
X4468.21,4468-21,Q9NRA0,SPHK2,Sphingosine kinase 2,GCST90426047,8d482eb0fd955861ca36e75ad05b8f02
X4469.78,4469-78,Q7LFX5,CHST15,Carbohydrate sulfotransferase 15,GCST90426048,eb96a41004f3f4c2a335eb54dc50ae9e
X4472.5,4472-5,P07951,TPM2,Tropomyosin beta chain,GCST90426049,351060173a1564281feffd321c2743c8
X4474.19,4474-19,P62979,RPS27A,Ubiquitin,GCST90426050,617bb8dfc7d1a643ebf27e553595705f
X4479.14,4479-14,P05155,SERPING1,Plasma protease C1 inhibitor,GCST90426051,cf0989091cac89cdc09a084928cf3160
X4480.59,4480-59,P01024,C3,Complement C3b,GCST90426052,7065dddfd8cc3f96c1c39ee6d4b80fa0
X4481.34,4481-34,P0C0L4|P0C0L5,C4A|C4B,Complement C4,GCST90426053,61c44d22d27a54f53cf6e343dd2c5dfe
X4482.66,4482-66,P01031|P13671,C5|C6,Complement C5b-C6 complex,GCST90426054,0b1c1a4d18de74fc5829caa974968cec
X4487.1,4487-1,P21781,FGF7,Fibroblast growth factor 7,GCST90426055,504f41a4ae5cd50e1e08c416a702034a
X4491.4,4491-4,Q01344,IL5RA,Interleukin-5 receptor subunit alpha,GCST90426056,c3c30e03f42d7d8fe6b6d5429f246273
X4493.92,4493-92,P20809,IL11,Interleukin-11,GCST90426057,b78ed41c631299ebfeb9fe4448afef58
X4496.60,4496-60,P39900,MMP12,Macrophage metalloelastase,GCST90426058,dc119bc457ae1ae840917992efa10775
X4498.62,4498-62,P13591,NCAM1,"Neural cell adhesion molecule 1, 120 kDa isoform",GCST90426059,c444f69a0050a2c927ccb006ed536928
X4499.21,4499-21,P04085,PDGFA,Platelet-derived growth factor subunit A,GCST90426060,29a2d09c599eb8705bb126ee19cae221
X4500.50,4500-50,Q9Y240,CLEC11A,Stem cell growth factor-alpha,GCST90426061,385beffb2801fc5c9343da48bb26acbd
X4533.76,4533-76,Q8TE58,ADAMTS15,A disintegrin and metalloproteinase with thrombospondin motifs 15,GCST90426062,8f42d6897f5f8c55dd78b4c5ba2666e6
X4534.10,4534-10,Q9GZN4,PRSS22,Brain-specific serine protease 4,GCST90426063,9ca024dd2c273e9360bb894901b18491
X4535.50,4535-50,Q10588,BST1,ADP-ribosyl cyclase/cyclic ADP-ribose hydrolase 2,GCST90426064,d8515d89c679eed1ea6f309e6fe427fa
X4540.11,4540-11,P45973,CBX5,Chromobox protein homolog 5,GCST90426065,3d1e425a1baef12224b505fc90371603
X4541.49,4541-49,Q4KMG0,CDON,Cell adhesion molecule-related/down-regulated by oncogenes,GCST90426066,0cc6d068aa23b4d9bbacbd938a6c05fc
X4542.24,4542-24,P10909,CLU,Clusterin,GCST90426067,ad1b084691c410ba4f1dec273919e60d
X4543.65,4543-65,Q86Y22,COL23A1,Collagen alpha-1(XXIII) chain,GCST90426068,6614afa80cde8743a76907cc88e5353a
X4544.4,4544-4,P02775,PPBP,Connective tissue-activating peptide III,GCST90426069,13f4ac16932e5e5c98d52e6373240297
X4545.53,4545-53,Q96DA6,DNAJC19,Mitochondrial import inner membrane translocase subunit TIM14,GCST90426070,910ab46e39d44bc553333d4c80ab6e6b
X4546.27,4546-27,Q9UHX3,ADGRE2,Adhesion G protein-coupled receptor E2,GCST90426071,8bd7e48ed0f4a92cabcfa39039c4a267
X4547.59,4547-59,Q9NZU1,FLRT1,Leucine-rich repeat transmembrane protein FLRT1,GCST90426072,c0d5a399a6c4770c34020e07c399c66f
X4548.4,4548-4,P21217,FUT3,Galactoside 3(4)-L-fucosyltransferase,GCST90426073,799eebb95f96f8d13eb30ab03de42691
X4549.78,4549-78,Q11128,FUT5,"Alpha-(1,3)-fucosyltransferase 5",GCST90426074,fb6c210489984b2da97858195b5bede8
X4551.72,4551-72,Q8IZF4,ADGRG5,Adhesion G-protein coupled receptor G5,GCST90426075,4882b20762fa5afe0a71a4780f30e5ec
X4553.65,4553-65,Q7Z4V5,HDGFL2,Hepatoma-derived growth factor-related protein 2,GCST90426076,de3170bcfcec1fc410cb7fd562b8fed1
X4556.10,4556-10,Q6ZMJ4,IL34,Interleukin-34,GCST90426077,8ebcad1a674fac171d41bcdab421148c
X4557.61,4557-61,Q8IZU9,KIRREL3,Kin of IRRE-like protein 3,GCST90426078,d97cc95167490b52d965e54fe8ce73ed
X4559.64,4559-64,Q16719,KYNU,Kynureninase,GCST90426079,1076f95e999bf4d514e5f36419c02e0e
X4560.34,4560-34,P06239,LCK,Tyrosine-protein kinase Lck,GCST90426080,5c698b617aa5494796c88b6cfbed2569
X4562.1,4562-1,P58417,NXPH1,Neurexophilin-1,GCST90426081,38c27c1b64ea2f1643c20c833548cd7b
X4563.61,4563-61,P19174,PLCG1,"1-phosphatidylinositol 4,5-bisphosphate phosphodiesterase gamma-1",GCST90426082,ce1ac0414e3af6bd06375222745c0874
X4564.2,4564-2,O60486,PLXNC1,Plexin-C1,GCST90426083,15238f50513be48a81947d8daa9a599b
X4566.24,4566-24,Q6UXX9,RSPO2,R-spondin-2,GCST90426084,20e5a24f19cb8a8980edc240efc077e0
X4567.82,4567-82,O60880,SH2D1A,SH2 domain-containing protein 1A,GCST90426085,3a695710884f6aec6d85425169819552
X4568.17,4568-17,O94991,SLITRK5,SLIT and NTRK-like protein 5,GCST90426086,de4855d6e82654342a7828c9c981da64
X4569.52,4569-52,Q96PQ0,SORCS2,VPS10 domain-containing receptor SorCS2,GCST90426087,b6da299488ae7277ca0bdb6ffa7d4a7c
X4588.1,4588-1,P01298,PPY,Pancreatic hormone,GCST90426088,d021b059ebc7be69a14d0f19804de6ce
X4594.22,4594-22,P18509,ADCYAP1,Pituitary adenylate cyclase-activating polypeptide 38,GCST90426089,dee78175d2664ccc1d8f48743a559cbe
X4673.13,4673-13,P05231,IL6,Interleukin-6,GCST90426090,14bbdb3d162607e6431678836bf1b1d5
X4693.72,4693-72,P31937,HIBADH,"3-hydroxyisobutyrate dehydrogenase, mitochondrial",GCST90426091,e3744eed0bf3c246e98f42c936fa70f3
X4696.2,4696-2,P05413,FABP3,"Fatty acid-binding protein, heart",GCST90426092,571513dde82f5af95d7e325eec3bb489
X4697.59,4697-59,P04141,CSF2,Granulocyte-macrophage colony-stimulating factor,GCST90426093,dc4f51bbab971ed1e60fb698cbe1effc
X4703.87,4703-87,P01374,LTA,Lymphotoxin-alpha,GCST90426094,4d786b061831eaa46ea5c90bf2a39646
X4706.17,4706-17,P11171,EPB41,Protein 4.1,GCST90426095,860926ce86341ec957fdaf553cfbea9c
X4707.50,4707-50,Q04917,YWHAH,14-3-3 protein eta,GCST90426096,d654a93ef1c6c21c137dcb879eba566d
X4708.3,4708-3,P14061,HSD17B1,Estradiol 17-beta-dehydrogenase 1,GCST90426097,7ca50de9d7b87faac6066256f9d4b919
X4712.28,4712-28,P05090,APOD,Apolipoprotein D,GCST90426098,1a8b40056a7242235a854882e18c0e0d
X4717.55,4717-55,P08700,IL3,Interleukin-3,GCST90426099,0418ce8af9ed2548e400749fe3d8c8f0
X4718.5,4718-5,P23284,PPIB,Peptidyl-prolyl cis-trans isomerase B,GCST90426100,0a409c6ab071d7dfb2c2782fc0590076
X4719.58,4719-58,P30101,PDIA3,Protein disulfide-isomerase A3,GCST90426101,af1f1c798a7ee092950ca4b2eb890921
X4721.54,4721-54,Q07654,TFF3,Trefoil factor 3,GCST90426102,4b81043c8bb66668dae0d95831f96165
X4763.31,4763-31,P43652,AFM,Afamin,GCST90426103,36dcd0069ee7ac82f605f8a41383fabb
X4771.10,4771-10,Q92484,SMPDL3A,Acid sphingomyelinase-like phosphodiesterase 3a,GCST90426104,52cc6760b2929aa570483f521ab086fb
X4775.34,4775-34,P06396,GSN,Gelsolin,GCST90426105,ff73f6c2454e74710b611f737de03544
X4785.30,4785-30,P08185,SERPINA6,Corticosteroid-binding globulin,GCST90426106,2ea1ec0826fae21bf2703d2b2706c443
X4792.51,4792-51,Q70626,env,"gp41 C34 peptide, HIV",GCST90426107,f2adb47e16e2041641de8f73356a26a7
X4801.13,4801-13,P22079,LPO,Lactoperoxidase,GCST90426108,624bf84edb616a72cdaad3c8262b6025
X4807.13,4807-13,P27658,COL8A1,Collagen alpha-1(VIII) chain,GCST90426109,86bc1d50522d11c5e5b3f4d4bbf85630
X4811.33,4811-33,Q14624,ITIH4,Inter-alpha-trypsin inhibitor heavy chain H4,GCST90426110,8ad873c8fb45e99495f601b7e545525c
X4815.25,4815-25,O95881,TXNDC12,Thioredoxin domain-containing protein 12,GCST90426111,e68178814c42481e32bd897a61fef35d
X4829.43,4829-43,P31947,SFN,14-3-3 protein sigma,GCST90426112,af5a267ffbb0f9a0aee0c1c4e20e4cbf
X4831.4,4831-4,P14151,SELL,L-Selectin,GCST90426113,aae5480613e7f4b8cfb57f0befaaaf1e
X4832.75,4832-75,O00220,TNFRSF10A,Tumor necrosis factor receptor superfamily member 10A,GCST90426114,c9dde8c844058ee30d7cb0b3c630ab1d
X4834.61,4834-61,P29317,EPHA2,Ephrin type-A receptor 2,GCST90426115,7ae4301bf08c5eea1d28815045ef89bc
X4840.73,4840-73,P09919,CSF3,Granulocyte colony-stimulating factor,GCST90426116,bb4f6166e67d89838b76e9c6b51351f4
X4842.62,4842-62,P51654,GPC3,Glypican-3,GCST90426117,8a5312d4863968843a77dcce4af3ba3c
X4851.25,4851-25,P01583,IL1A,Interleukin-1 alpha,GCST90426118,5c23f88e80477aeb0b4382485dd987c8
X4859.6,4859-6,P36894,BMPR1A,Bone morphogenetic protein receptor type-1A,GCST90426119,645e98a31db19084f33d6bf7d58df73e
X4862.63,4862-63,Q13873,BMPR2,Bone morphogenetic protein receptor type-2,GCST90426120,3cb6ed8ef217670d1555d2ee0b898859
X4866.59,4866-59,Q16620,NTRK2,BDNF/NT-3 growth factors receptor,GCST90426121,fc84002a34b01d0f761d6d80a57979b4
X4867.15,4867-15,P15692,VEGFA,"Vascular endothelial growth factor A, isoform 121",GCST90426122,69e5dc928aa03340f91c9a2df571081e
X4874.3,4874-3,P03950,ANG,Angiogenin,GCST90426123,4f744509c84ec75197ee55b90f3b2df0
X4876.32,4876-32,P00740,F9,Coagulation factor IX,GCST90426124,af4cf4d5a8c5b32554ddceebd1790d42
X4878.3,4878-3,P00742,F10,Coagulation Factor X,GCST90426125,f07da902097d137a267e16c674042936
X4880.21,4880-21,Q9UK05,GDF2,Growth/differentiation factor 2,GCST90426126,868ac4a993f26276323d6ce300da1fb5
X4883.56,4883-56,P01308,INS,Insulin,GCST90426127,8e75c8fd47138c5bb2364988a61fd088
X4886.3,4886-3,P80098,CCL7,C-C motif chemokine 7,GCST90426128,ee88ee8c54eb29373d36e266695d64fe
X4889.82,4889-82,O00755,WNT7A,Protein Wnt-7a,GCST90426129,01ca38f3066ade69d99a83e9ed0b8c78
X4890.10,4890-10,P01189,POMC,Corticotropin,GCST90426130,3ec5cb70beb53ed2fc561c76a16df61c
X4891.50,4891-50,P01275,GCG,Glucagon,GCST90426131,d95b96612db9a212c8197f01111ec405
X4900.8,4900-8,P01024,C3,C3a anaphylatoxin,GCST90426132,6d721d82d8531c2da6fc95dda8708aa6
X4903.72,4903-72,Q08209|P63098,PPP3CA|PPP3R1,Calcineurin,GCST90426133,0c13f188724bf8013e367eca8ef35cd9
X4904.7,4904-7,P42575,CASP2,Caspase-2,GCST90426134,fe700e3fb2777b33e339b5600b04f389
X4905.63,4905-63,Q14019,COTL1,Coactosin-like protein,GCST90426135,1409a2bec7a59c24a1bb158614086c83
X4906.35,4906-35,P12259,F5,Coagulation Factor V,GCST90426136,c1b570a9f328af6a4d02979063ca49a2
X4907.56,4907-56,P02671|P02675|P02679,FGA|FGB|FGG,D-dimer,GCST90426137,6a94de85314ba9a6bdb7c876421039a7
X4908.6,4908-6,P17813,ENG,Endoglin,GCST90426138,f34691bb4ff243cad6965643d4af5fc4
X4909.68,4909-68,O00214,LGALS8,Galectin-8,GCST90426139,ab1ac5a79b87c40b7cc09809fbc38a20
X4910.21,4910-21,P04054,PLA2G1B,Phospholipase A2,GCST90426140,93b02c228816ba48dcd6c50607887225
X4911.49,4911-49,P09211,GSTP1,Glutathione S-transferase P,GCST90426141,fae55c20f2c88391e97d5c6d6dbd179c
X4913.78,4913-78,O15467,CCL16,C-C motif chemokine 16,GCST90426142,05c106751fba4113bfd54a4db72027e8
X4915.64,4915-64,P69905|P68871,HBA1|HBB,Hemoglobin,GCST90426143,bea5d704d9c00b01b2a3f62aca0516ba
X4916.2,4916-2,P01880,IGHD,Immunoglobulin D,GCST90426144,ba046c32047be01d2a2461ca18754582
X4917.62,4917-62,P06756|P18084,ITGAV|ITGB5,Integrin alpha-V: beta-5 complex,GCST90426145,a70873265fdf9755e2df4ab05482ee01
X4918.21,4918-21,P01042,KNG1,Kininogen-1,GCST90426146,7d76efe5dcca9e8917b137daf2921fd2
X4920.10,4920-10,P61626,LYZ,Lysozyme C,GCST90426147,d5f7abd503774217f7918ccd466b3a4d
X4922.13,4922-13,Q99731,CCL19,C-C motif chemokine 19,GCST90426148,4be8efb080698baa2bf09b87938f0378
X4923.79,4923-79,P03971,AMH,Muellerian-inhibiting factor,GCST90426149,18ab1fc85abe26f18596e109bb3b4614
X4924.32,4924-32,P03956,MMP1,Interstitial collagenase,GCST90426150,ddb811c89a924b2c2dbd4a2a8b45f751
X4925.54,4925-54,P45452,MMP13,Collagenase 3,GCST90426151,2820e4034fcb165aae15340d7d9d86d0
X4929.55,4929-55,P04278,SHBG,Sex hormone-binding globulin,GCST90426152,11c18899380174c4772ee598bc535c75
X4930.21,4930-21,P52823,STC1,Stanniocalcin-1,GCST90426153,ab663ecd5542c718cfe75b4c7dd0e936
X4931.59,4931-59,P13726,F3,Tissue Factor,GCST90426154,486689a1abac8f5cb8ea9d06fe357154
X4956.2,4956-2,O14944,EREG,Epiregulin,GCST90426155,1fe07bf9f7d29eccba1bd774a5b9ec6c
X4959.2,4959-2,O95994,AGR2,Anterior gradient protein 2 homolog,GCST90426156,345eb6e8f8be0ef1c6e3dabbdcdd3f65
X4960.72,4960-72,P04083,ANXA1,Annexin A1,GCST90426157,032fcf3b504344f68d024a579e1f03a8
X4961.17,4961-17,P07355,ANXA2,Annexin A2,GCST90426158,0c770eb3d129a5db8158660b3e0990ac
X4962.52,4962-52,Q49AH0,CDNF,Cerebral dopamine neurotrophic factor,GCST90426159,ea177305851df4cb750a1e056f39316f
X4963.19,4963-19,P56211,ARPP19,cAMP-regulated phosphoprotein 19,GCST90426160,61a88db0511167ada69a288aa5bb8b35
X4964.67,4964-67,Q9NZ08,ERAP1,Endoplasmic reticulum aminopeptidase 1,GCST90426161,736d9712161534ad4231fc607eab50cd
X4965.27,4965-27,P06576,ATP5F1B,"ATP synthase subunit beta, mitochondrial",GCST90426162,4d9a795c540cb874cd20956609ce50bf
X4967.1,4967-1,Q07021,C1QBP,"Complement component 1 Q subcomponent-binding protein, mitochondrial",GCST90426163,7268e095c5d72ed839966d074402b8c6
X4968.50,4968-50,P40121,CAPG,Macrophage-capping protein,GCST90426164,c7fc1892de3302eebd8ac13b094c27c3
X4969.2,4969-2,P00915,CA1,Carbonic anhydrase 1,GCST90426165,0e8d71dbed9824e31cbc9b3f6134f8fd
X4970.55,4970-55,P00918,CA2,Carbonic anhydrase 2,GCST90426166,e2b6f8a90df834184843c38112bc0ea2
X4971.1,4971-1,Q9UBR2,CTSZ,Cathepsin Z,GCST90426167,0f1b79b5a316812189f897142c295466
X4973.18,4973-18,Q13489,BIRC3,Baculoviral IAP repeat-containing protein 3,GCST90426168,197147cfb67b11a97a3046a4f72fe81a
X4976.57,4976-57,P46108,CRK,Adapter molecule crk,GCST90426169,274d6dc690ef0b5594e96c37b0632fd1
X4978.54,4978-54,Q9UJU6,DBNL,Drebrin-like protein,GCST90426170,4ed27103ee8571170d8ea6f4cb984eaa
X4979.34,4979-34,Q07507,DPT,Dermatopontin,GCST90426171,79e08f3833bc306fb8576b5bf78ee1b4
X4981.6,4981-6,Q14574,DSC3,Desmocollin-3,GCST90426172,cfdbe167a2b1f20cbedd8c33ad72a3a7
X4982.54,4982-54,P19957,PI3,Elafin,GCST90426173,e5737c7ead4132e687f109a70a50ee4b
X4983.6,4983-6,P30040,ERP29,Endoplasmic reticulum resident protein 29,GCST90426174,45d582c4e2bba8ecd4ce15e8064d1860
X4984.83,4984-83,P10768,ESD,S-formylglutathione hydrolase,GCST90426175,84acf55fe76f3d6a6bca685e52bb7715
X4985.11,4985-11,Q01469,FABP5,"Fatty acid-binding protein, epidermal",GCST90426176,524d4d987ec059853daffb30c1983e8d
X4986.59,4986-59,Q05397,PTK2,Focal adhesion kinase 1,GCST90426177,d0938fa9c65f7372ceaa27a1e72d873f
X4987.17,4987-17,P24071,FCAR,Immunoglobulin alpha Fc receptor,GCST90426178,9bc4b5973797623b6744870546b720d3
X4988.49,4988-49,P22455,FGFR4,Fibroblast growth factor receptor 4,GCST90426179,9d0a49fbcf06194f7af85e3122b95885
X4989.7,4989-7,P02679,FGG,Fibrinogen gamma chain,GCST90426180,ccedbd3b11cbef6e7bcb275136274911
X4990.87,4990-87,P07359,GP1BA,Platelet glycoprotein Ib alpha chain,GCST90426181,f8b396b2386c7a14264ff29dbc6e6bf4
X4991.12,4991-12,P78333,GPC5,Glypican-5,GCST90426182,1e9576e0bddd2af15dff423304e0966a
X4992.49,4992-49,P28799,GRN,Granulins,GCST90426183,d4f048abd8b9070739c9c3611e2a082d
X4993.16,4993-16,Q16772,GSTA3,Glutathione S-transferase A3,GCST90426184,556463f90105ec3ddac8ad965d2562fd
X4995.16,4995-16,P15428,HPGD,15-hydroxyprostaglandin dehydrogenase [NAD(+)],GCST90426185,d12f8a614032f2e4f776004af309680c
X4996.66,4996-66,P04196,HRG,Histidine-rich glycoprotein,GCST90426186,fd553744373f1f44e0b874252b5f254a
X4997.19,4997-19,P38919,EIF4A3,Eukaryotic initiation factor 4A-III,GCST90426187,fd1e7ae93985d381da083b5cd6855f06
X5001.6,5001-6,O75556,SCGB2A1,Mammaglobin-B,GCST90426188,0741a6049697f4b84f6bc92d3b020956
X5002.76,5002-76,P50281,MMP14,Matrix metalloproteinase-14,GCST90426189,a4fe09d220a50b8b4b8a77ed2f5b9b74
X5004.69,5004-69,Q15759,MAPK11,Mitogen-activated protein kinase 11,GCST90426190,65e826f197a66776632695cacc2cd329
X5005.4,5005-4,P53778,MAPK12,Mitogen-activated protein kinase 12,GCST90426191,5b6603850191a03f9a89bd337b732f43
X5006.71,5006-71,O15264,MAPK13,Mitogen-activated protein kinase 13,GCST90426192,7b659c7f2c4ad0675d2c0818290f0750
X5007.1,5007-1,Q16539,MAPK14,Mitogen-activated protein kinase 14,GCST90426193,63d43fac508f249e6208c2ed54142bd0
X5008.51,5008-51,P04179,SOD2,"Superoxide dismutase [Mn], mitochondrial",GCST90426194,8610f36cc47fc6e473062d3aa941fc11
X5009.11,5009-11,P26038,MSN,Moesin,GCST90426195,db5f76d221e6ff765cbfee9b6c9239e0
X5011.11,5011-11,P43490,NAMPT,Nicotinamide phosphoribosyltransferase,GCST90426196,53f5fe45a307d0671dacb895d609c977
X5012.67,5012-67,P00568,AK1,Adenylate kinase isoenzyme 1,GCST90426197,f3f9d13d340599c9c84a641311ac29ba
X5013.2,5013-2,O00299,CLIC1,Chloride intracellular channel protein 1,GCST90426198,891e7cb76e1a66d738e68f05402974a3
X5014.49,5014-49,P16333,NCK1,Cytoplasmic protein NCK1,GCST90426199,e76292235d0ae754c398854588c7a27f
X5015.15,5015-15,Q13093,PLA2G7,Platelet-activating factor acetylhydrolase,GCST90426200,81fd315974285d0282687c47308a0bf1
X5017.19,5017-19,P30044,PRDX5,"Peroxiredoxin-5, mitochondrial",GCST90426201,3a10535c13788c80f6df69a4ff62ed42
X5018.68,5018-68,P30041,PRDX6,Peroxiredoxin-6,GCST90426202,3a192934003f96c3523c9d847e2aa9d0
X5019.16,5019-16,P09936,UCHL1,Ubiquitin carboxyl-terminal hydrolase isozyme L1,GCST90426203,fc357f4be56f636b1e1c4f304a1ee3c4
X5020.50,5020-50,P00558,PGK1,Phosphoglycerate kinase 1,GCST90426204,05dafe81c893afd7c01ca942fe30d821
X5021.13,5021-13,Q15181,PPA1,Inorganic pyrophosphatase,GCST90426205,0465ae734c0e33fd69041a91bad1d21d
X5023.23,5023-23,P30566,ADSL,Adenylosuccinate lyase,GCST90426206,1acbee8dcd525ebc9b305c768c07aa1f
X5024.67,5024-67,P06400,RB1,Retinoblastoma-associated protein,GCST90426207,31a37bf3f907cf1d0e02f830926c3a21
X5026.66,5026-66,P23396,RPS3,40S ribosomal protein S3,GCST90426208,0b84f0eb4f1105b3600ebb36a285e4ce
X5028.59,5028-59,Q86VB7,CD163,Scavenger receptor cysteine-rich type 1 protein M130,GCST90426209,7afa7ec24b2c37bcbd00a35992cd4679
X5029.3,5029-3,Q12884,FAP,Prolyl endopeptidase FAP,GCST90426210,9c29f8210adfd7fbe6ceccac88c85dff
X5030.52,5030-52,Q8IXJ6,SIRT2,NAD-dependent protein deacetylase sirtuin-2,GCST90426211,59d1e6debdc1168eb0abc80581157bbe
X5031.10,5031-10,Q13813,SPTAN1,"Spectrin alpha chain, non-erythrocytic 1",GCST90426212,6eada03809aa6cf4ac303f78f7d417ec
X5032.64,5032-64,Q08945,SSRP1,FACT complex subunit SSRP1,GCST90426213,58f6d4be36039c15a75f31590f665b03
X5033.27,5033-27,P09493,TPM1,Tropomyosin alpha-1 chain,GCST90426214,f9167274e00c1d15eb379f346bfc0339
X5034.79,5034-79,P07478,PRSS2,Trypsin-2,GCST90426215,fca7b4bda842303fac0e7057ec66c955
X5035.7,5035-7,P04818,TYMS,Thymidylate synthase,GCST90426216,92b216f18d168d045f792c8a894d004b
X5036.50,5036-50,P98066,TNFAIP6,Tumor necrosis factor-inducible gene 6 protein,GCST90426217,d529292b816514f9f8e19f6075ef9c81
X5060.62,5060-62,Q9NZQ7,CD274,Programmed cell death 1 ligand 1,GCST90426218,6850af8030488db3034f6ae8f49c29dd
X5061.27,5061-27,O75144,ICOSLG,ICOS ligand,GCST90426219,aa0726dfebccd6971ed2d0cdb14233ea
X5062.60,5062-60,Q15762,CD226,CD226 antigen,GCST90426220,16f8950bb2c0fcac12f8755b4f27f875
X5063.12,5063-12,Q9BZW8,CD244,Natural killer cell receptor 2B4,GCST90426221,edbf1ef2c0893f398decf88220d45db2
X5065.8,5065-8,Q01151,CD83,CD83 antigen,GCST90426222,0e26daa897a978bcb8792e1784a5e0f9
X5066.134,5066-134,Q08708,CD300C,CMRF35-like molecule 6,GCST90426223,a376fada409b764014b0b78d7e6cb51c
X5069.9,5069-9,P08174,CD55,Complement decay-accelerating factor,GCST90426224,01e066cb8dce1631e50ba00668284ae9
X5070.76,5070-76,O95407,TNFRSF6B,Tumor necrosis factor receptor superfamily member 6B,GCST90426225,76e9e5ef60bbd65d455cd9949077215b
X5076.53,5076-53,Q5JZY3,EPHA10,Ephrin type-A receptor 10,GCST90426226,99e4fb2de547c51c21a5e20d10ab6251
X5078.82,5078-82,O15197,EPHB6,Ephrin type-B receptor 6,GCST90426227,37c2ba93167ee405878dbc99ef48f4e1
X5080.131,5080-131,Q14956,GPNMB,Transmembrane glycoprotein NMB:Extracellular domain,GCST90426228,026f7897a82a134713d8fa96b63fee4a
X5082.51,5082-51,Q9NP60,IL1RAPL2,X-linked interleukin-1 receptor accessory protein-like 2,GCST90426229,58fa049a35b7aa341c027bf580c88df4
X5084.154,5084-154,Q9NRM6,IL17RB,Interleukin-17 receptor B,GCST90426230,9149bdb8684dc65b77e5c140fecd6ee7
X5085.18,5085-18,Q9UHF4,IL20RA,Interleukin-20 receptor subunit alpha,GCST90426231,a689712b3b2140bcf16d42853da4dfea
X5087.5,5087-5,Q969J5,IL22RA2,Interleukin-22 receptor subunit alpha-2,GCST90426232,ed6ddb3e8bf7e0078371fc21cd7aaed2
X5088.175,5088-175,Q5VWK5,IL23R,Interleukin-23 receptor,GCST90426233,fef09ba9d71b2ccb2a3a304df6d4f070
X5089.11,5089-11,P16871,IL7R,Interleukin-7 receptor subunit alpha,GCST90426234,d4fd85c11ff3a1e73f908fda0b0de60b
X5090.49,5090-49,Q8NHL6,LILRB1,Leukocyte immunoglobulin-like receptor subfamily B member 1,GCST90426235,5305d55ac58d8e55cde0263e0f11d8f8
X5091.28,5091-28,Q8N423,LILRB2,Leukocyte immunoglobulin-like receptor subfamily B member 2,GCST90426236,a12ccbd52299c10be5ccd00b2580635f
X5092.51,5092-51,P78504,JAG1,Protein jagged-1:Extracellular domain,GCST90426237,9065186390322559d6d92afa97eecb63
X5093.47,5093-47,Q9Y219,JAG2,Protein jagged-2,GCST90426238,57aba58e7b4d6215b8db79479140dc14
X5094.62,5094-62,Q86YT9,JAML,Junctional adhesion molecule-like,GCST90426239,4117f7b9c7d75e5c6077cf6c2d316679
X5095.21,5095-21,Q99706,KIR2DL4,Killer cell immunoglobulin-like receptor 2DL4,GCST90426240,c810b8a1e9d0a786924c3aa8eca5683b
X5096.51,5096-51,P43630,KIR3DL2,Killer cell immunoglobulin-like receptor 3DL2,GCST90426241,6668028b75a7a32bdc273d9bc669f714
X5097.14,5097-14,Q14943,KIR3DS1,Killer cell immunoglobulin-like receptor 3DS1,GCST90426242,4b036464ac5505333d7c4e95592ee351
X5098.79,5098-79,Q9NZS2,KLRF1,Killer cell lectin-like receptor subfamily F member 1,GCST90426243,f520146efcb9dfaf6117618eb9ad841e
X5099.14,5099-14,P18627,LAG3,Lymphocyte activation gene 3 protein,GCST90426244,33174b08d32749c48f63c4e5583a2d20
X5100.53,5100-53,Q14108,SCARB2,Lysosome membrane protein 2,GCST90426245,5c0509d6d626d38df13b805edab2864a
X5102.55,5102-55,Q29980,MICB,MHC class I polypeptide-related sequence B,GCST90426246,b6ffa243b976407164fe3d0defa548be
X5103.30,5103-30,Q8TD46,CD200R1,"Cell surface glycoprotein CD200 receptor 1:Isoform 4, Extracellular Domain",GCST90426247,23840e2b9b7b4a8110342a8ab7889efa
X5104.57,5104-57,O76036,NCR1,Natural cytotoxicity triggering receptor 1,GCST90426248,4ecf5aa244c2ae197216ebe0ecd8a718
X5105.2,5105-2,Q9BZR6,RTN4R,Reticulon-4 receptor,GCST90426249,51903317f874983273f50938c397043a
X5106.52,5106-52,Q04721,NOTCH2,Neurogenic locus notch homolog protein 2,GCST90426250,2f2703a034517638c5e78a8d5744cc52
X5107.7,5107-7,P46531,NOTCH1,Neurogenic locus notch homolog protein 1,GCST90426251,a26f68cc1f2e3334a6e1134937c028d3
X5108.72,5108-72,Q9UM47,NOTCH3,Neurogenic locus notch homolog protein 3,GCST90426252,baffcae6ee5b52ff1f3df0d238f3a5c2
X5109.24,5109-24,Q92823,NRCAM,Neuronal cell adhesion molecule,GCST90426253,4e11d4af8f571f429d886be921acc242
X5110.84,5110-84,P58400,NRXN1,Neurexin-1-beta,GCST90426254,9f058087aa01a60a06d586c99708e4b4
X5111.15,5111-15,Q9HDB5,NRXN3,Neurexin-3-beta,GCST90426255,3d480e97125804a505b74a798ab7520d
X5112.73,5112-73,P41217,CD200,OX-2 membrane glycoprotein,GCST90426256,401dc9bd14557562e31fd853f3cbeecb
X5114.65,5114-65,P16471,PRLR,Prolactin receptor,GCST90426257,286317518a96cd10115c160db05d01a8
X5115.31,5115-31,Q969Z4,RELT,Tumor necrosis factor receptor superfamily member 19L,GCST90426258,124e367e50f6b4f4dff31c89b53afaaa
X5116.62,5116-62,Q9HCK4,ROBO2,Roundabout homolog 2,GCST90426259,3d89882efb6a1198ec4ea65299dcb7a7
X5117.14,5117-14,Q96MS0,ROBO3,Roundabout homolog 3,GCST90426260,ff8da48837ff3b30f7925524b093c47a
X5121.3,5121-3,Q9H3T3,SEMA6B,Semaphorin-6B,GCST90426261,67353d61953469798334fc324d977fc6
X5122.92,5122-92,Q9H2E6,SEMA6A,Semaphorin-6A,GCST90426262,975ee621dc309c050f5785167ccf558a
X5124.62,5124-62,Q9UMF0,ICAM5,Intercellular adhesion molecule 5,GCST90426263,aebe2ab7c865c45e7c9bc0c82d31e8c3
X5124.69,5124-69,Q9UMF0,ICAM5,Intercellular adhesion molecule 5,GCST90426264,9c22ef4734e67e70cbc182795d57d987
X5125.6,5125-6,Q08ET2,SIGLEC14,Sialic acid-binding Ig-like lectin 14,GCST90426265,8455f54e1718d17cc96c195e386b8baf
X5128.53,5128-53,Q96DU3,SLAMF6,SLAM family member 6,GCST90426266,4a40ca037f671d2db94058c61c5baf6d
X5129.12,5129-12,Q14162,SCARF1,Scavenger receptor class F member 1,GCST90426267,bcfb76d11c8bb5831f5d6241aaed93ce
X5131.15,5131-15,Q9NS68,TNFRSF19,Tumor necrosis factor receptor superfamily member 19,GCST90426268,685a5af8033f04ed8b693367e5fb27c2
X5132.71,5132-71,Q6UWB1,IL27RA,Interleukin-27 receptor subunit alpha,GCST90426269,580a3d5d8488a99b6423fbed26929190
X5133.17,5133-17,P37173,TGFBR2,TGF-beta receptor type-2,GCST90426270,d662c8de7bade707eaaed8aac6edc874
X5134.52,5134-52,Q8TDQ0,HAVCR2,Hepatitis A virus cellular receptor 2,GCST90426271,f3aace10871900c409f0dcd794b286f4
X5138.50,5138-50,Q9NP84,TNFRSF12A,Tumor necrosis factor receptor superfamily member 12A,GCST90426272,0a4041e790ff09197689896fa30fd884
X5139.32,5139-32,O95185,UNC5C,Netrin receptor UNC5C,GCST90426273,cab20d77cb6499daace94d6ad13b01b8
X5140.56,5140-56,Q6UXZ4,UNC5D,Netrin receptor UNC5D,GCST90426274,999d24046b40f6a63184f9a573f7e886
X5178.5,5178-5,Q13946,PDE7A,"High affinity cAMP-specific 3',5'-cyclic phosphodiesterase 7A",GCST90426275,cf74a1fe95ac694f022752a71440a148
X5183.53,5183-53,Q13131|Q9Y478|P54619,PRKAA1|PRKAB1|PRKAG1,AMP Kinase (alpha1beta1gamma1),GCST90426276,060c4888cb664461a3d3a7deed90785c
X5193.51,5193-51,P01116,KRAS,GTPase KRas,GCST90426277,bee21bbbb59c70923456dc23e601eebd
X5196.7,5196-7,P30419,NMT1,Glycylpeptide N-tetradecanoyltransferase 1,GCST90426278,fcced2506d59418e7daa33abbbab5329
X5201.50,5201-50,O76083,PDE9A,"High affinity cGMP-specific 3',5'-cyclic phosphodiesterase 9A",GCST90426279,00c62da5d427e2e074382a4af9f3e9f8
X5202.4,5202-4,Q08752,PPID,Peptidyl-prolyl cis-trans isomerase D,GCST90426280,5eff7751db4b519fc56c6ec7e0ee91f2
X5204.13,5204-13,P61289,PSME3,Proteasome activator complex subunit 3,GCST90426281,89e6fc9b04b0b1dfca5eb01868e82f60
X5223.59,5223-59,Q14397,GCKR,Glucokinase regulatory protein,GCST90426282,f9837e38b58eef46219fd51036bf9028
X5225.50,5225-50,P68400|P67870,CSNK2A1|CSNK2B,Casein kinase II 2-alpha:2-beta heterotetramer,GCST90426283,ef22797e06fad7d9f328c3591154f146
X5226.36,5226-36,P19784|P67870,CSNK2A2|CSNK2B,Casein kinase II 2-alpha':2-beta heterotetramer,GCST90426284,686b3af5740aa9a1d8ce5ac07d08308c
X5228.25,5228-25,Q02241,KIF23,Kinesin-like protein KIF23,GCST90426285,5203260d19bcbad1b2bcf9d85d6352e6
X5229.90,5229-90,P20839,IMPDH1,Inosine-5'-monophosphate dehydrogenase 1,GCST90426286,2ff707cb0464b1facf9adcbe03cdb941
X5230.99,5230-99,P04035,HMGCR,3-hydroxy-3-methylglutaryl-coenzyme A reductase,GCST90426287,96389cdb7ad59ee748e2390ffe85b8f9
X5231.79,5231-79,Q8NBP7,PCSK9,Proprotein convertase subtilisin/kexin type 9,GCST90426288,77e10a2951655036d35b274d8cbbd541
X5236.2,5236-2,P20393,NR1D1,Nuclear receptor subfamily 1 group D member 1,GCST90426289,3b214b5d441d933f91bdd7adf11d4959
X5238.26,5238-26,Q9UNP9,PPIE,Peptidyl-prolyl cis-trans isomerase E,GCST90426290,0a5231c5e5079f046ffa9d8bc5c4909d
X5242.37,5242-37,P45985,MAP2K4,Dual specificity mitogen-activated protein kinase kinase 4,GCST90426291,fdc210e4505f770844d65d28f018889e
X5245.40,5245-40,P54646|O43741|P54619,PRKAA2|PRKAB2|PRKAG1,AMP Kinase (alpha2beta2gamma1),GCST90426292,d833f288d5d824682607cf5a801888e4
X5246.64,5246-64,O00408,PDE2A,"cGMP-dependent 3',5'-cyclic phosphodiesterase",GCST90426293,f3cf9611c2b9ee58b5d9b68db95f6b3b
X5248.68,5248-68,P30405,PPIF,"Peptidyl-prolyl cis-trans isomerase F, mitochondrial",GCST90426294,cca38179857449a7d952f269aefd428d
X5249.31,5249-31,O94768,STK17B,Serine/threonine-protein kinase 17B,GCST90426295,bcef1437f95e6f7c6522d0a821a8c7c0
X5250.53,5250-53,P12268,IMPDH2,Inosine-5'-monophosphate dehydrogenase 2,GCST90426296,951cbd5cf3415e17db6ae730f95a6e3e
X5252.33,5252-33,Q9HCR9,PDE11A,"Dual 3',5'-cyclic-AMP and -GMP phosphodiesterase 11A",GCST90426297,795037937cc3a8b1087bb834f67ffed9
X5253.1,5253-1,P54750,PDE1A,"Calcium/calmodulin-dependent 3',5'-cyclic nucleotide phosphodiesterase 1A",GCST90426298,f34474b3dcf458d238b56143c518031b
X5254.69,5254-69,Q14432,PDE3A,"cGMP-inhibited 3',5'-cyclic phosphodiesterase A",GCST90426299,b75841ddb2c4ea1011c3a756b254ffec
X5255.22,5255-22,Q08499,PDE4D,"cAMP-specific 3',5'-cyclic phosphodiesterase 4D",GCST90426300,1de78838d6ce8cea429041883083d7ae
X5256.86,5256-86,O76074,PDE5A,"cGMP-specific 3',5'-cyclic phosphodiesterase",GCST90426301,f0abd0f6a72ad579c406c6528409138a
X5259.2,5259-2,O43318|Q15750,MAP3K7|TAB1,Mitogen-activated protein kinase kinase kinase 7:TGF-beta-activated kinase 1 and MAP3K7-binding protein 1 fusion,GCST90426302,7628b8f7285bd1d2aa3cf4b155831f50
X5260.80,5260-80,P29597,TYK2,Non-receptor tyrosine-protein kinase TYK2,GCST90426303,7e26f1f9e49a9aabe3947e0859d413e6
X5261.13,5261-13,P42684,ABL2,Abelson tyrosine-protein kinase 2,GCST90426304,50bca046fa88c2979028d79118b2de26
X5262.57,5262-57,O75815,BCAR3,Breast cancer anti-estrogen resistance protein 3:Src Homology domain,GCST90426305,91fc4d43ace69b8984215fe045355cd9
X5264.65,5264-65,P27797,CALR,Calreticulin,GCST90426306,2f955a9884ecfa908bf5e182540ea990
X5265.12,5265-12,O75791,GRAP2,GRB2-related adapter protein 2,GCST90426307,a1ef3667fcc9786e31a0a8e881d45f63
X5268.49,5268-49,P51512,MMP16,Matrix metalloproteinase-16,GCST90426308,093267ebcf2452021131fb4fedf8470e
X5272.55,5272-55,P29353,SHC1,SHC-transforming protein 1:Src Homology domain,GCST90426309,17d536a4a7f02fd6a601157a3dbac36e
X5275.28,5275-28,P15498,VAV1,Proto-oncogene vav,GCST90426310,5b44ec67c64d48727dc440482fc0ec3f
X5280.68,5280-68,Q9H1K4,SLC25A18,Mitochondrial glutamate carrier 2,GCST90426311,2d09084de1c8a8ff82a83bad3e8f3b8b
X5301.7,5301-7,P51671,CCL11,Eotaxin,GCST90426312,30f9c05ff814d078d0f805c4727144e3
X5307.12,5307-12,P00740,F9,Coagulation factor IXab,GCST90426313,708aaa48ca6b789b99ddaee12af6762e
X5312.49,5312-49,P02649,APOE,Apolipoprotein E (isoform E2),GCST90426314,88d2b8b3bfcab773bedb03e97f3af7d3
X5315.22,5315-22,P45379,TNNT2,"Troponin T, cardiac muscle",GCST90426315,4157dcc96193b811e3542f4817833173
X5316.54,5316-54,P00734,F2,Prothrombin,GCST90426316,93571a5d3ae6fa04771eb75b7926ca88
X5337.64,5337-64,P42081,CD86,T-lymphocyte activation antigen CD86,GCST90426317,ee610e9a2ce5eda647650c14c1545ef2
X5339.49,5339-49,P06702,S100A9,Protein S100-A9,GCST90426318,755a75c64579b6460798bceab4c6a207
X5340.24,5340-24,Q92851,CASP10,Caspase-10:region 1,GCST90426319,82a8d62d3196492a9a429733644d161e
X5343.74,5343-74,P16870,CPE,Carboxypeptidase E,GCST90426320,fe9a28b3416d1aed0342517885ba6db7
X5346.24,5346-24,Q99829,CPNE1,Copine-1:Ca2+-dependent membrane-targeting module domains 1 and 2,GCST90426321,a20e326d81c1926df053fd98e331df3b
X5347.59,5347-59,P14635,CCNB1,G2/mitotic-specific cyclin-B1,GCST90426322,4f77fe1ac559e1f22df8338fbda87be1
X5349.69,5349-69,O00548,DLL1,Delta-like protein 1,GCST90426323,3bbd0f0a2ac88e35dacf97b1f1fe74f6
X5350.14,5350-14,Q9Y625,GPC6,Glypican-6,GCST90426324,10a9cf04fdf560f685ef303e09a2e89d
X5351.52,5351-52,P22626,HNRNPA2B1,Heterogeneous nuclear ribonucleoproteins A2/B1,GCST90426325,b6ec914788bc3504a1d618a3418b4d52
X5352.11,5352-11,Q92956,TNFRSF14,Tumor necrosis factor receptor superfamily member 14,GCST90426326,188042146a05f482dd8f45e79b06c9e8
X5354.11,5354-11,P05783,KRT18,"Keratin, type I cytoskeletal 18",GCST90426327,5e5045780a15cdcdc24d5201c149ca1c
X5355.69,5355-69,O43557,TNFSF14,Tumor necrosis factor ligand superfamily member 14,GCST90426328,1dec81dfcf906ae55ff71736943b4a92
X5356.2,5356-2,P14174,MIF,Macrophage migration inhibitory factor,GCST90426329,190dbfa3b221cb458e9e45d22a1235a2
X5357.60,5357-60,Q8N0W4,NLGN4X,"Neuroligin-4, X-linked",GCST90426330,a4b7a7add246f7d7dcff7eef8a28b1fc
X5358.3,5358-3,Q99983,OMD,Osteomodulin,GCST90426331,022ac606a7acb455c4c29017f8d55e48
X5359.65,5359-65,P11309,PIM1,Serine/threonine-protein kinase pim-1,GCST90426332,c4aa35a62761b3a1dbef29bd3c5a2439
X5360.9,5360-9,P31751,AKT2,RAC-beta serine/threonine-protein kinase,GCST90426333,fd7c4b1214aa10bd2a1f246f94d81bc0
X5363.51,5363-51,O15041,SEMA3E,Semaphorin-3E,GCST90426334,221af76e3c804d9e7bc116ca93feedf3
X5364.7,5364-7,Q01105,SET,Protein SET,GCST90426335,54311ebc95526ba94b905ce4918f2755
X5383.14,5383-14,Q96RJ3,TNFRSF13C,Tumor necrosis factor receptor superfamily member 13C,GCST90426336,2db47f732c89a8d93f40f2e86f7a3c18
X5384.67,5384-67,Q92994,BRF1,Transcription factor IIIB 90 kDa subunit,GCST90426337,c00174c83b71b73c259ad5dec78a84df
X5392.73,5392-73,P25445,FAS,Tumor necrosis factor receptor superfamily member 6,GCST90426338,78f16ab1edfe614aca5582bd16993bc8
X5400.52,5400-52,P48357,LEPR,"Leptin receptor, soluble",GCST90426339,bc01340e7093cbb97be455601bbf7f7b
X5404.53,5404-53,O75509,TNFRSF21,Tumor necrosis factor receptor superfamily member 21,GCST90426340,16d4792bbc89bd658a0281bc69607d07
X5410.53,5410-53,P55291,CDH15,Cadherin-15:Extracellular domain,GCST90426341,489b38ee6b27e057e547fc7b66e749d1
X5412.53,5412-53,P26842,CD27,CD27 antigen,GCST90426342,69089883b3d51b33dc3a608ece0d6ec0
X5424.55,5424-55,Q9Y6Q6,TNFRSF11A,Tumor necrosis factor receptor superfamily member 11A,GCST90426343,318b56e792f34fe89ed65c7fd85482a2
X5430.66,5430-66,P78324,SIRPA,Tyrosine-protein phosphatase non-receptor type substrate 1,GCST90426344,35c0e3d2fa6e085835479696387fae55
X5437.63,5437-63,P05413,FABP3,"Fatty acid-binding protein, heart",GCST90426345,bee7b6c74980e91dce9c38ca032b1150
X5440.26,5440-26,P48788,TNNI2,"Troponin I, fast skeletal muscle",GCST90426346,6a8cbae4ca2fb6252868e8f6ace70481
X5441.67,5441-67,P19429,TNNI3,"Troponin I, cardiac muscle",GCST90426347,5d409077a2acb55eb4341b3c6a51c030
X5443.62,5443-62,P01160,NPPA,Atrial natriuretic factor,GCST90426348,a8ac89d12d5c9a65fded9f46f1bde215
X5451.1,5451-1,Q13740,ALCAM,CD166 antigen,GCST90426349,9bd0f16de22f430211ac019748509c8f
X5452.71,5452-71,P07306,ASGR1,Asialoglycoprotein receptor 1,GCST90426350,3bb776080fbac97f4c7ad2a68d22911a
X5456.59,5456-59,Q96KN2,CNDP1,Beta-Ala-His dipeptidase,GCST90426351,30ed7e2a5ec86a6f4ae5e1e874d1895b
X5457.5,5457-5,Q5KU26,COLEC12,Collectin-12,GCST90426352,a489d1c460cc8f389afc5a633ae6b4c3
X5460.60,5460-60,Q9UMR2,DDX19B,ATP-dependent RNA helicase DDX19B,GCST90426353,779fd1568ec5d1e86503b668ea300fa1
X5462.62,5462-62,O75636,FCN3,Ficolin-3,GCST90426354,af41185b96355cbce83b474e36dd3c7c
X5463.22,5463-22,P54826,GAS1,Growth arrest-specific protein 1,GCST90426355,45408d7d1369605e6e9da047b6f67382
X5464.52,5464-52,P62993,GRB2,Growth factor receptor-bound protein 2,GCST90426356,f8f852b5bbee1d80fa42863099030425
X5465.32,5465-32,O60243,HS6ST1,Heparan-sulfate 6-O-sulfotransferase 1,GCST90426357,01c711f6be850d5f0858d984466a2f0d
X5467.15,5467-15,P08238,HSP90AB1,Heat shock protein HSP 90-beta,GCST90426358,8d7cd9e4091fda6798c727cee06ede3b
X5468.67,5468-67,Q8NAC3,IL17RC,Interleukin-17 receptor C,GCST90426359,4c9ba3cd50fcaa62b8e6de2f264990e7
X5475.10,5475-10,P05771,PRKCB,Protein kinase C beta type (splice variant beta-II),GCST90426360,0236186f7a6425552038a7704f55c3e8
X5476.66,5476-66,P05129,PRKCG,Protein kinase C gamma type,GCST90426361,e9e0e9decb0e042e12da86c89113a9c8
X5478.50,5478-50,Q04609,FOLH1,Glutamate carboxypeptidase 2,GCST90426362,3b613b1ed4a3aa1c3d037c2cf82d57b6
X5480.49,5480-49,P13501,CCL5,C-C motif chemokine 5,GCST90426363,e98e88d16074d7f9a623e4a35ac626a5
X5481.16,5481-16,P20936,RASA1,Ras GTPase-activating protein 1,GCST90426364,645c25d4e630b64685bbe0cce668cf1d
X5483.1,5483-1,Q96B86,RGMA,Repulsive guidance molecule A,GCST90426365,460f0fe2f4dcf3aa79a1b3003de1e717
X5484.63,5484-63,P61247,RPS3A,40S ribosomal protein S3a,GCST90426366,9829eaf992bd5beade6e658c7a42ab0b
X5486.73,5486-73,P13598,ICAM2,Intercellular adhesion molecule 2,GCST90426367,72824bc14fdf48be413ea9ed1a763d07
X5487.7,5487-7,Q9NQ25,SLAMF7,SLAM family member 7,GCST90426368,2c20e3ff32eada16a703e5195e7048d7
X5488.74,5488-74,P12931,SRC,Proto-oncogene tyrosine-protein kinase Src isoform 2,GCST90426369,7bd33c367f1239d14cc8889165ff7ff6
X5490.53,5490-53,Q08629,SPOCK1,Testican-1,GCST90426370,b3849859d414aef802b5ee000df51794
X5491.12,5491-12,Q92563,SPOCK2,Testican-2,GCST90426371,e9e9ec42f03626e14bd47eefadc90c02
X5493.17,5493-17,Q9BYP7,WNK3,Serine/threonine-protein kinase WNK3,GCST90426372,c576b68b2af0217012809cdac5d58f2a
X5494.52,5494-52,P62306,SNRPF,Small nuclear ribonucleoprotein F,GCST90426373,55e10a648ef732730b27570b13cd46aa
X5496.49,5496-49,Q9HCB6,SPON1,Spondin-1,GCST90426374,1ec979fbe4262c30e06edb8bf515c5f4
X5508.62,5508-62,P07339,CTSD,Cathepsin D,GCST90426375,4e8ff92e8adb2972a915a354ff470ee3
X5509.7,5509-7,P01133,EGF,Epidermal growth factor:Extracellular domain,GCST90426376,509cdcea27c9165e91958ca1a69a984c
X5526.53,5526-53,Q9Y5U5,TNFRSF18,Tumor necrosis factor receptor superfamily member 18,GCST90426377,7a33ebd94cec308b8160a23c64cca58a
X5532.53,5532-53,P11362,FGFR1,Fibroblast growth factor receptor 1,GCST90426378,198d28a5f43dfe7230536098cc6a2559
X5534.49,5534-49,O14763,TNFRSF10B,"Tumor necrosis factor receptor superfamily member 10B:Extracellular domain, TNFR-Cys domains 1-3",GCST90426379,03740bdc8df80475902a2b3d21a79068
X5542.22,5542-22,O14786,NRP1,Neuropilin-1,GCST90426380,57e4b2902c382f46fb51564dc5c7cd32
X5581.28,5581-28,Q08830,FGL1,Fibrinogen-like protein 1,GCST90426381,537882317708744156c363890c80a6bf
X5583.62,5583-62,P34925,RYK,Tyrosine-protein kinase RYK,GCST90426382,f1176c5968e708de965fefb40b7fe9db
X5584.21,5584-21,P20062,TCN2,Holo-Transcobalamin-2,GCST90426383,ae1893894da59565f1b8fedcced29839
X5586.66,5586-66,Q9UNW1,MINPP1,Multiple inositol polyphosphate phosphatase 1,GCST90426384,cc00105616819f2de91c0315e9077f81
X5587.3,5587-3,Q9H6E4,CCDC134,Coiled-coil domain-containing protein 134,GCST90426385,a0ba4754808ae2633652cf3b9fbb2333
X5590.11,5590-11,Q8TCW7,ZPLD1,Zona pellucida-like domain-containing protein 1,GCST90426386,5c1320ed16b1bc8fee37c31b64d90b43
X5593.11,5593-11,Q14554,PDIA5,Protein disulfide-isomerase A5,GCST90426387,23522796c96f323773b0aad2a2082ff7
X5594.87,5594-87,Q14696,MESD,LDLR chaperone MESD,GCST90426388,3e93c9c7d2c8bde11bd3b85bf1f29f58
X5596.75,5596-75,P06127,CD5,T-cell surface glycoprotein CD5:Extracellular domain,GCST90426389,2d33879d0d627deb4d90a3ab1194ce56
X5598.3,5598-3,Q9H772,GREM2,Gremlin-2,GCST90426390,803057256d56f7b552da7bcd9d7584e6
X5599.88,5599-88,Q8NBM8,PCYOX1L,Prenylcysteine oxidase-like,GCST90426391,caccaebcbf9c944615a74f2236f05051
X5601.2,5601-2,Q96PD5,PGLYRP2,N-acetylmuramoyl-L-alanine amidase,GCST90426392,938945fec301d3a08d49f8582996a749
X5602.62,5602-62,Q5GAN6,RNASE10,Inactive ribonuclease-like protein 10,GCST90426393,bf94a64093a0ce379c888df9dad3e397
X5604.30,5604-30,Q9Y251,HPSE,Heparanase,GCST90426394,2c67297bee688bf40fdb241280d0dd7f
X5605.77,5605-77,O00587,MFNG,"Beta-1,3-N-acetylglucosaminyltransferase manic fringe",GCST90426395,ad8a30d32fe88256b612d7850c947d1f
X5606.24,5606-24,P55081,MFAP1,Microfibrillar-associated protein 1,GCST90426396,9e08da6cd116f132dfdfa76346d82f72
X5609.92,5609-92,Q7Z5A7,TAFA5,Protein FAM19A5,GCST90426397,218f53f9779ffcf507b4ddaa4c071b7b
X5610.32,5610-32,Q5VUB5,FAM171A1,Protein FAM171A1,GCST90426398,4bd089d7dffb2e3210415f1f14ceb500
X5611.56,5611-56,Q8NET1,DEFB108B,Beta-defensin 108B,GCST90426399,66ce7dfabee2c1b73d0cc25ea60376de
X5612.16,5612-16,Q9BX68,HINT2,"Histidine triad nucleotide-binding protein 2, mitochondrial",GCST90426400,3d6cc460d2b90ad09ba4aec95425a895
X5613.75,5613-75,Q9GZY6,LAT2,Linker for activation of T-cells family member 2,GCST90426401,886cd6ea6880e128c14fb3365d9992ce
X5614.44,5614-44,P06850,CRH,Corticoliberin,GCST90426402,83a1d2d37cfcf8df576007ceb8ef7bec
X5615.62,5615-62,Q8WUF8,FAM172A,Protein FAM172A,GCST90426403,d5b9763ec3607695f476e52a91151e71
X5617.41,5617-41,O15130,NPFF,Pro-FMRFamide-related neuropeptide FF,GCST90426404,fc6e2640089c66d5e1a3d5e40443bf8b
X5618.50,5618-50,P58499,FAM3B,Protein FAM3B,GCST90426405,c2b7362a5e53fa7d355fbd0bc9a62644
X5620.13,5620-13,P19021,PAM,Peptidyl-glycine alpha-amidating monooxygenase,GCST90426406,22b0fa63a66c0f20651fade1d0249caa
X5621.64,5621-64,Q9NS62,THSD1,Thrombospondin type-1 domain-containing protein 1,GCST90426407,e875fa194e08c49109721a04e9874fd1
X5623.11,5623-11,Q8TDQ1,CD300LF,CMRF35-like molecule 1,GCST90426408,e1be72ba6fb097a5c97f85fa91610109
X5624.66,5624-66,P41439,FOLR3,Folate receptor gamma,GCST90426409,c6c2f249f9c266f91773bfca5f3d2c4c
X5626.20,5626-20,Q99895,CTRC,Chymotrypsin-C,GCST90426410,106c9818e96c12319fb3ca25ca34a572
X5627.53,5627-53,P01148,GNRH1,Progonadoliberin-1,GCST90426411,a5a7e3368c7ddbb85e459e30d67ebc78
X5628.21,5628-21,Q9NS98,SEMA3G,Semaphorin-3G,GCST90426412,202c11801ec2428d84ae18c1bea2b4dc
X5629.58,5629-58,P26715,KLRC1,NKG2-A/NKG2-B type II integral membrane protein,GCST90426413,2b4bd4bf1e0386a8ed34f4e9aa442b4b
X5630.48,5630-48,Q9UGN4,CD300A,CMRF35-like molecule 8,GCST90426414,91466bc799023deb96af5cdb51b7b00b
X5631.83,5631-83,P12872,MLN,Promotilin,GCST90426415,af9f284789f47f914c57270abbadf89e
X5632.6,5632-6,Q9NQ79,CRTAC1,Cartilage acidic protein 1,GCST90426416,75b28ced320fb0e9ca5c6de43e3721dd
X5633.65,5633-65,Q8N423,LILRB2,Leukocyte immunoglobulin-like receptor subfamily B member 2,GCST90426417,a1782ba58fc1a9459a4b468dcd804014
X5634.39,5634-39,Q9H488,POFUT1,GDP-fucose protein O-fucosyltransferase 1,GCST90426418,34ccaa3dbd76cfb571d05dab1be4513b
X5635.66,5635-66,Q9NZC2,TREM2,Triggering receptor expressed on myeloid cells 2,GCST90426419,477691708171b7b919e25050cd3a6448
X5637.81,5637-81,Q9Y2I2,NTNG1,Netrin-G1,GCST90426420,bcf0fd23e9f7a299cf006397879fd6cb
X5638.23,5638-23,Q8NBJ5,COLGALT1,Procollagen galactosyltransferase 1,GCST90426421,5f26612c1df9e8979168c0d92f316682
X5639.49,5639-49,Q8TDF5,NETO1,Neuropilin and tolloid-like protein 1,GCST90426422,6db494ac391013e71422521ac4e60fb7
X5643.2,5643-2,Q6JVE9,LCN8,Epididymal-specific lipocalin-8,GCST90426423,3e11e4410aa733f8ce475184c7999f30
X5644.60,5644-60,P34096,RNASE4,Ribonuclease 4,GCST90426424,eb83b19a293294c71ac2d68ac34aa4ec
X5646.20,5646-20,Q93091,RNASE6,Ribonuclease K6,GCST90426425,f510907a623d2de5a4203b7e9ab9c547
X5648.28,5648-28,Q6GPI1,CTRB2,Chymotrypsinogen B2,GCST90426426,42231ce2b6ae693dd7a9027269f833f5
X5649.83,5649-83,Q00888,PSG4,Pregnancy-specific beta-1-glycoprotein 4,GCST90426427,cb68f8cbc01fd999b3c801090d8ba5fc
X5650.9,5650-9,Q15084,PDIA6,Protein disulfide-isomerase A6,GCST90426428,8d2f797a40bea81bb3b758c47c3764e6
X5651.50,5651-50,Q13046,PSG7,Putative pregnancy-specific beta-1-glycoprotein 7,GCST90426429,d438dcfe6da4785052174d4064bcd052
X5653.23,5653-23,A4D1T9,PRSS37,Probable inactive serine protease 37,GCST90426430,d2f33e084c920d18b8fed451c06e44d6
X5654.70,5654-70,Q96JJ7,TMX3,Protein disulfide-isomerase TMX3,GCST90426431,a021923a265b90589efcc803abdac1cb
X5656.53,5656-53,P21128,ENDOU,Poly(U)-specific endoribonuclease,GCST90426432,4979d9c81a60c28f3a249109a7482d03
X5657.28,5657-28,Q11201,ST3GAL1,"CMP-N-acetylneuraminate-beta-galactosamide-alpha-2,3-sialyltransferase 1",GCST90426433,abf66812fe57386899853f421c26d8f6
X5658.64,5658-64,P05160,F13B,Coagulation factor XIII B chain,GCST90426434,49d293baddb165aedc656a2162430102
X5659.11,5659-11,P20396,TRH,Pro-Thyrotropin-releasing hormone,GCST90426435,7ee81beac08b8f3310cbdd25f1486b78
X5660.51,5660-51,P08294,SOD3,Extracellular superoxide dismutase [Cu-Zn],GCST90426436,0f8c0647dede8bc38b25372eda6546b7
X5661.15,5661-15,Q14116,IL18,Interleukin-18,GCST90426437,eaeff0ff717984826b4eadc5b2883349
X5663.18,5663-18,P10720,PF4V1,Platelet factor 4 variant,GCST90426438,1086d5a91816a9243e342263fd8a6dba
X5664.57,5664-57,Q8N104,DEFB106A,Beta-defensin 106,GCST90426439,06c923e140b448c662d2f09875f1d13c
X5666.64,5666-64,P27930,IL1R2,Interleukin-1 receptor type 2,GCST90426440,d31f1e5c00da842ed69ee841a37ef842
X5667.3,5667-3,Q13214,SEMA3B,Semaphorin-3B,GCST90426441,31f30ef435e36bfae64acfcd729de735
X5668.49,5668-49,Q8TD06,AGR3,Anterior gradient protein 3,GCST90426442,40f09e95c46caafb1f4510dbebbe0b3a
X5669.26,5669-26,Q5JXA9,SIRPB2,Signal-regulatory protein beta-2,GCST90426443,15a70e6e520b81876a7ac9aa77de9794
X5671.1,5671-1,P17538,CTRB1,Chymotrypsinogen B,GCST90426444,16b3077ea62b248bce2a66b589f86501
X5675.6,5675-6,P24821,TNC,Tenascin,GCST90426445,17a12446bf7d3eb8cde5f6eefd349318
X5676.54,5676-54,P42127,ASIP,Agouti-signaling protein,GCST90426446,40658e91cb978b021b99e41a5e1503ba
X5677.15,5677-15,Q6UXQ4,C2orf66,Uncharacterized protein C2orf66,GCST90426447,3eb1089d74e321d16782a2a85a2d1577
X5679.16,5679-16,P81534,DEFB103A,Beta-defensin 103,GCST90426448,e7702bb3d65092e79055513fcf6acb79
X5680.54,5680-54,Q9NPH6,OBP2B,Odorant-binding protein 2b,GCST90426449,c7f8ffff8baf496614bb0d2e887b963b
X5682.13,5682-13,Q6EMK4,VASN,Vasorin,GCST90426450,d8245ffafc805f3213815730cc17f385
X5687.5,5687-5,P14314,PRKCSH,Glucosidase 2 subunit beta,GCST90426451,4d429b02179bee7f66ccfddeb0421265
X5688.65,5688-65,Q9NTU7,CBLN4,Cerebellin-4,GCST90426452,185fcf275af87c057a1c1988bd387214
X5689.1,5689-1,Q30KQ8,DEFB112,Beta-defensin 112,GCST90426453,2dbd2017bee46efc90b326b3e2642a97
X5691.2,5691-2,Q9H0B8,CRISPLD2,Cysteine-rich secretory protein LCCL domain-containing 2,GCST90426454,0e6c6df7d2c06b660d331b66cd3203b0
X5692.79,5692-79,P01375,TNF,Tumor necrosis factor,GCST90426455,d8cbb1f4ef83ba84e3590e9d456ba6ce
X5693.6,5693-6,P48304,REG1B,Lithostathine-1-beta,GCST90426456,2053c9dd9786b906fb09cc7ce56a09fd
X5694.57,5694-57,Q9H4F8,SMOC1,SPARC-related modular calcium-binding protein 1,GCST90426457,f74ae722a107eb32792c0101e4d1fc3a
X5695.5,5695-5,Q96DR5,BPIFA2,BPI fold-containing family A member 2,GCST90426458,19d8bc7709a08b41e76aa5a54aa92ec4
X5698.60,5698-60,P22105,TNXB,Tenascin-X,GCST90426459,1bbf18bdadaf363b35aa539178f7321c
X5699.19,5699-19,Q15884,FAM189A2,Protein FAM189A2,GCST90426460,b4102eba2ce438897a5116ee2450d9b1
X5701.81,5701-81,P05452,CLEC3B,Tetranectin,GCST90426461,73cce3d911bb2bcddc56a2291468e954
X5703.26,5703-26,Q99784,OLFM1,Noelin,GCST90426462,9dfb4f3cde9384e4c05f7cd3d8dee57e
X5704.74,5704-74,P51124,GZMM,Granzyme M,GCST90426463,9e49ea5e1be100ce1327bbfb5274281c
X5707.55,5707-55,P41970,ELK3,ETS domain-containing protein Elk-3,GCST90426464,1046ae09acba43ef128f167899e3b63a
X5708.1,5708-1,Q969E1,LEAP2,Liver-expressed antimicrobial peptide 2,GCST90426465,ceaf5e718f5ff43ec3c80496bcde94b8
X5713.9,5713-9,Q8IZI9,IFNL3,Interferon lambda-3,GCST90426466,657f1a4e22171055f13a3ebbdbbc142d
X5714.88,5714-88,P05013,IFNA6,Interferon alpha-6,GCST90426467,3d41af61f839ad828405d498c97f6819
X5715.4,5715-4,Q9BUJ0,ABHD14A,Protein ABHD14A,GCST90426468,fa1b844fc1c8e6f7a6e6130457fd9944
X5716.49,5716-49,Q6PB30,CSAG1,Putative chondrosarcoma-associated gene 1 protein,GCST90426469,dcb98f8ce2eefb78cc7fc464ef98c7a9
X5717.2,5717-2,O75339,CILP,Cartilage intermediate layer protein 1,GCST90426470,34445f4b94529f687a4dd94c0872eca4
X5719.66,5719-66,Q15884,FAM189A2,Protein FAM189A2,GCST90426471,43525a7e2a7932c0eee258e7205de4b4
X5721.1,5721-1,Q15762,CD226,CD226 antigen,GCST90426472,93aa10f2770d6f8969a481e8fd691722
X5722.78,5722-78,P42785,PRCP,Lysosomal Pro-X carboxypeptidase,GCST90426473,9a2a8c9a2415188d3a41e3c0e1532546
X5723.4,5723-4,P51460,INSL3,Insulin-like 3,GCST90426474,9092c2605c7234e95bd75d1c1b5d98d2
X5724.58,5724-58,Q6UWP8,SBSN,Suprabasin,GCST90426475,eff04ad1c765ecc067733e0733c2c44e
X5725.1,5725-1,Q99983,OMD,Osteomodulin,GCST90426476,be878358008479a682b97fc6f074965a
X5726.49,5726-49,Q6PDA7,SPAG11A,Sperm-associated antigen 11A,GCST90426477,8da1c5a147070fcb04a80f9994a734c3
X5727.35,5727-35,Q6Y288,B3GLCT,"Beta-1,3-glucosyltransferase",GCST90426478,e981110aa2d1a72ff8cb8663e5f37f86
X5728.60,5728-60,Q96LA6,FCRL1,Fc receptor-like protein 1,GCST90426479,0c03d51efa4411d47e82558a38ac0e7d
X5729.27,5729-27,Q9BQB4,SOST,Sclerostin,GCST90426480,14d0934e808146b0fc39146a5fafb60f
X5730.60,5730-60,O95715,CXCL14,C-X-C motif chemokine 14,GCST90426481,6bdd8bf9c2246a7ce63cc771f56f25b1
X5731.1,5731-1,Q6UWN8,SPINK6,Serine protease inhibitor Kazal-type 6,GCST90426482,0ef4192abed4adf5468dbe690991638f
X5733.61,5733-61,P01566,IFNA10,Interferon alpha-10,GCST90426483,062ab2bfcbe9f0b7c8b6a8581c6e0bb4
X5734.13,5734-13,Q96NY8,NECTIN4,Nectin-4,GCST90426484,ce2e6f3450739b4beb79f66732f7666e
X5735.54,5735-54,Q96EU7,C1GALT1C1,C1GALT1-specific chaperone 1,GCST90426485,f2d2f41ec7089ee82ffa8638f0f35bca
X5736.1,5736-1,Q5T2D2,TREML2,Trem-like transcript 2 protein,GCST90426486,1cf0ef8aada4d3465bd2d3277b4fc7b4
X5737.61,5737-61,Q92854,SEMA4D,Semaphorin-4D,GCST90426487,3c4dda7e713ded12e46517f052676be7
X5738.25,5738-25,P24821,TNC,Tenascin,GCST90426488,1df8f5382d4a551cd171f7c86bd8169d
X5739.75,5739-75,P60985,KRTDAP,Keratinocyte differentiation-associated protein,GCST90426489,89369afbed4fd537eee57aafeb8ee760
X5740.17,5740-17,Q9Y6N7,ROBO1,Roundabout homolog 1,GCST90426490,c8f69f6719582335588559ef7dfa7fe8
X5741.55,5741-55,P12724,RNASE3,Eosinophil cationic protein,GCST90426491,1a49a7339a5312900b0cfc38ab2cbeed
X5742.14,5742-14,Q9NPH0,ACP6,Lysophosphatidic acid phosphatase type 6,GCST90426492,a1d47f50f75045253f12d88bffda8d18
X5743.82,5743-82,Q16568,CARTPT,Cocaine- and amphetamine-regulated transcript protein,GCST90426493,44513ede92a861520d22051278517cf8
X5744.12,5744-12,Q9BUN1,MENT,Protein MENT,GCST90426494,d725afe6b37557554790eb522a21575e
X5745.64,5745-64,O43692,PI15,Peptidase inhibitor 15,GCST90426495,e0e82788413e0f1ab486987b9969d735
X5746.37,5746-37,P98172,EFNB1,Ephrin-B1,GCST90426496,375774f5ae2dc39201d83976d55242d8
X5747.67,5747-67,P02818,BGLAP,Osteocalcin,GCST90426497,481b0c19e5de6139ef99c1d2bb9cfb28
X5748.20,5748-20,Q13510,ASAH1,Acid ceramidase,GCST90426498,4f428bf45b9aedb30b39a6b9a6ae997e
X5749.53,5749-53,P04118,CLPS,Colipase,GCST90426499,2296cc837d56874e879fb602cb1033c3
X5751.14,5751-14,Q6P1Q0,LETMD1,LETM1 domain-containing protein 1,GCST90426500,b008a88463b0dad13598a819ed410cf2
X5752.63,5752-63,Q96L08,SUSD3,Sushi domain-containing protein 3,GCST90426501,535c94b2dda4bb8b90948e0becc74093
X5754.76,5754-76,Q9Y581,INSL6,Insulin-like peptide INSL6,GCST90426502,4e4203d8187671876dcb094889327a71
X5755.29,5755-29,P09681,GIP,Gastric inhibitory polypeptide,GCST90426503,0cbc4a825cc582513426d1db44515fbc
X5756.66,5756-66,Q9BXP8,PAPPA2,Pappalysin-2,GCST90426504,48109d24f2407faa58f78fe31df93985
X5757.45,5757-45,O95467,GNAS,Neuroendocrine secretory protein 55,GCST90426505,7326af2968b3ed4ca1ec099ca751f189
X5758.49,5758-49,Q9UKQ9,KLK9,Kallikrein-9,GCST90426506,d5a994c334e8a2f7ec8f15f1b57d2b55
X5759.10,5759-10,P52797,EFNA3,Ephrin-A3,GCST90426507,0752f173382a3ae5114b813aba3c321b
X5762.35,5762-35,Q08648,SPAG11B,Sperm-associated antigen 11B,GCST90426508,b07f4a5780fccb33861a4c630f2b95f7
X5763.67,5763-67,Q8WTQ1,DEFB104A,Beta-defensin 104,GCST90426509,918ee803772742a66defcf4f369dec69
X5764.4,5764-4,Q10471,GALNT2,Polypeptide N-acetylgalactosaminyltransferase 2,GCST90426510,502ef58f6366086f5cf66490048e3131
X5765.53,5765-53,Q5J5C9,DEFB121,Beta-defensin 121,GCST90426511,0cbfa9f3ff7ae63a119464feb84b18ef
X5792.8,5792-8,P02771,AFP,alpha-Fetoprotein,GCST90426512,104dbc1c2d86c6857579ab6dfc9b2452
X5798.3,5798-3,P55957,BID,BH3-interacting domain death agonist,GCST90426513,bda02dc54a0f92f59571e1b6914f9f02
X5801.72,5801-72,P01138,NGF,beta-nerve growth factor,GCST90426514,0dfe7293eb89b0c6293a3546b6a3d0d1
X5803.24,5803-24,P01024,C3,Complement C3d fragment,GCST90426515,7c4079f1948815ff1c9427a5b61f5c69
X5807.77,5807-77,P32970,CD70,CD70 antigen,GCST90426516,624e5a6c69ab554b4e74605fc8990e73
X5810.25,5810-25,P13385,TDGF1,Teratocarcinoma-derived growth factor 1,GCST90426517,cba6393d2ababf3f5f7001c70290e18b
X5813.58,5813-58,P01588,EPO,Erythropoietin,GCST90426518,c6801d758b0e6e0959ba609253a85f11
X5822.22,5822-22,P39905,GDNF,Glial cell line-derived neurotrophic factor,GCST90426519,bca5c3e2d23859bb7c84d3c90ad3bf48
X5825.49,5825-49,P15260,IFNGR1,Interferon gamma receptor 1,GCST90426520,5e868ce2afd7a42f90df121c2aa19076
X5834.18,5834-18,P15248,IL9,Interleukin-9,GCST90426521,301bead3eb3ed2bffff891dd9051602a
X5837.49,5837-49,P42702,LIFR,Leukemia inhibitory factor receptor,GCST90426522,0df73129b1c23c5ad890e08d8a74c62e
X5843.60,5843-60,Q96KQ7,EHMT2,Histone-lysine N-methyltransferase EHMT2,GCST90426523,684bbf0ad996ce699bc2328656e53814
X5846.24,5846-24,Q13253,NOG,Noggin,GCST90426524,30c304a22f0ce1f07ba0134b57d53955
X5852.6,5852-6,P80511,S100A12,Protein S100-A12,GCST90426525,53d5f51ce3d681857ffa67334dfbf3e0
X5854.60,5854-60,P10636,MAPT,Microtubule-associated protein tau,GCST90426526,704a775e5b2df1048c3df8f499880a60
X5858.6,5858-6,P63104,YWHAZ,14-3-3 protein zeta/delta,GCST90426527,23d382245f3e39f771492dace82467dc
X5861.78,5861-78,P46952,HAAO,"3-hydroxyanthranilate 3,4-dioxygenase",GCST90426528,751163de793867476f574b37c3a035cf
X5864.10,5864-10,P04075,ALDOA,Fructose-bisphosphate aldolase A,GCST90426529,7e65b0e97b65f46e9abfd770ccaa9729
X5870.23,5870-23,Q92934,BAD,Bcl2-associated agonist of cell death,GCST90426530,b5fb47bf6d40c831f77457694157ce89
X5879.51,5879-51,Q13561,DCTN2,Dynactin subunit 2,GCST90426531,65d01e61e6efa609803dabd8b1f96e60
X5882.34,5882-34,P24534,EEF1B2,Elongation factor 1-beta,GCST90426532,02048ed15f99dd27af20aeebb516e7ea
X5885.55,5885-55,Q15056,EIF4H,Eukaryotic translation initiation factor 4H,GCST90426533,e3d6c291953e45e22765577460c40bfc
X5888.29,5888-29,P63241,EIF5A,Eukaryotic translation initiation factor 5A-1,GCST90426534,cf448d70624952bfcc6c9038f4f2a2a5
X5897.58,5897-58,P07492,GRP,Gastrin-releasing peptide,GCST90426535,9309c71a2d7b3cab0575bdcec65c6da7
X5900.11,5900-11,P49773,HINT1,Histidine triad nucleotide-binding protein 1,GCST90426536,1e7303d752a57b0a831d5556a0e26d61
X5903.91,5903-91,P11142,HSPA8,Heat shock cognate 71 kDa protein,GCST90426537,1fc2c42b284c561cac6e94870f3290da
X5909.51,5909-51,P15531,NME1,Nucleoside diphosphate kinase A,GCST90426538,fe672803d0b6ea413909941700e09e95
X5915.58,5915-58,P50542,PEX5,Peroxisomal targeting signal 1 receptor,GCST90426539,974567244e3dafb63502de1583cde594
X5918.5,5918-5,Q06323,PSME1,Proteasome activator complex subunit 1,GCST90426540,18085906620d7700fefc00333ec26299
X5927.4,5927-4,O95389,CCN6,WNT1-inducible-signaling pathway protein 3,GCST90426541,c04dc32277ecfba285ca9de1790170c2
X5930.54,5930-54,P19429,TNNI3,"Troponin I, cardiac muscle",GCST90426542,d1150f028bb3048ab6b7fa6a5218f7ea
X5934.1,5934-1,P02794|P02792,FTH1|FTL,Ferritin,GCST90426543,fc9ce7a15cd785b3b7ae0c1d7794fc2a
X5936.53,5936-53,P01375,TNF,Tumor necrosis factor,GCST90426544,7ece522d88411526f692e7adf2ffa908
X5939.42,5939-42,O43508,TNFSF12,Tumor necrosis factor ligand superfamily member 12,GCST90426545,003eb501d59bded561c5e929cc3905ef
X5947.90,5947-90,P40225,THPO,Thrombopoietin,GCST90426546,3e5f4add0702051544310d2564a7f2ee
X5954.62,5954-62,P01270,PTH,Parathyroid hormone,GCST90426547,2c3f58fc3cacf2175c8002edaf16732c
X5957.30,5957-30,P61278,SST,Somatostatin-28,GCST90426548,5414b1fffb603f69491ab87348b4e78c
X5963.9,5963-9,Q6E0U4,DMKN,Dermokine,GCST90426549,68bf704e042d3eec1431fed6ef066641
X5970.61,5970-61,O14960,LECT2,Leukocyte cell-derived chemotaxin-2,GCST90426550,5c15ec1b93e14ce8febeea5d8c894d71
X5980.55,5980-55,Q53S33,BOLA3,BolA-like protein 3,GCST90426551,230c64fb4a57ca1114b7cdb82c53fae0
X5981.6,5981-6,P30042,P30042,"ES1 protein homolog, mitochondrial",GCST90426552,4fb4506606290023694c20e673c0d365
X5982.50,5982-50,Q03591,CFHR1,Complement factor H-related protein 1,GCST90426553,b7c41db4d8bcac252a2fac2693ec2655
X5988.49,5988-49,O43557,TNFSF14,Tumor necrosis factor ligand superfamily member 14,GCST90426554,20d70db199a6bf5bc8e20f20b05ce995
X5992.50,5992-50,P01732,CD8A,T-cell surface glycoprotein CD8 alpha chain,GCST90426555,6bbea058d2d954b428a27e9eae552566
X6003.28,6003-28,Q99519,NEU1,Sialidase-1,GCST90426556,4d17a8fa211ecf12342333afcabd6de4
X6019.12,6019-12,P0C862,C1QTNF9,Complement C1q and tumor necrosis factor-related protein 9A,GCST90426557,b9b022fa0d9821976fa54a928f4d522e
X6020.52,6020-52,O95399,UTS2,Urotensin-2,GCST90426558,e21ffa52f574a466d1add39ad3a3513b
X6022.57,6022-57,Q99435,NELL2,Protein kinase C-binding protein NELL2,GCST90426559,13c48692a7c3ce3325004e78a7e97d26
X6024.68,6024-68,P16870,CPE,Carboxypeptidase E,GCST90426560,f5f41fc1ed0950eab9c50811d28b440f
X6027.31,6027-31,Q8WXF3,RLN3,Relaxin-3,GCST90426561,538d9029dd0edc2c5f7071118f8965a7
X6035.2,6035-2,P15907,ST6GAL1,"Beta-galactoside alpha-2,6-sialyltransferase 1",GCST90426562,8e5bb6b01c1da3e62179dab8542f4d10
X6036.78,6036-78,Q5JZY3,EPHA10,Ephrin type-A receptor 10,GCST90426563,fddf3c4c2037ab1a0507a8539fd29a55
X6039.24,6039-24,P24387,CRHBP,Corticotropin-releasing factor-binding protein,GCST90426564,fbf8a45fe5479355adfd42143457bba9
X6042.52,6042-52,P24821,TNC,Tenascin,GCST90426565,c8f862e14411074d2e7cd486b761dada
X6049.64,6049-64,Q13332,PTPRS,Receptor-type tyrosine-protein phosphatase S,GCST90426566,5bb7652b0e72f729415269ef2a95e55a
X6054.6,6054-6,O95157,NXPH3,Neurexophilin-3,GCST90426567,5b5ebe0c57443f97e49d283f3b7f94d2
X6055.53,6055-53,P17181,IFNAR1,Interferon alpha/beta receptor 1,GCST90426568,d92e5096494645eb561c3cf9c9aab209
X6064.4,6064-4,Q9BS26,ERP44,Endoplasmic reticulum resident protein 44,GCST90426569,0e64b5a5a5a7fc4b1d6cb9530dd53951
X6069.71,6069-71,Q8NBJ7,SUMF2,Sulfatase-modifying factor 2,GCST90426570,0483b7457f8cd390da33367323cce1cc
X6075.61,6075-61,P07686,HEXB,Beta-hexosaminidase subunit beta,GCST90426571,6726bab3caf8aa471d262142460c6512
X6077.63,6077-63,Q9NZK5,ADA2,Adenosine deaminase CECR1,GCST90426572,32c9535c779a80404c2f04cebc44d149
X6079.59,6079-59,Q8TE99,PXYLP1,2-phosphoxylose phosphatase 1,GCST90426573,3d12703b88ac95976e09ba11524717f2
X6081.52,6081-52,Q9UKZ9,PCOLCE2,Procollagen C-endopeptidase enhancer 2,GCST90426574,bd6d15959349703073a48ff90351a95c
X6086.15,6086-15,Q6WN34,CHRDL2,Chordin-like protein 2,GCST90426575,ab04072b3851ff5f9159cc21430ab046
X6103.70,6103-70,Q96RD9,FCRL5,Fc receptor-like protein 5,GCST90426576,057dd2bb02ff607ca03ea3f76b974742
X6104.1,6104-1,Q8N441,FGFRL1,Fibroblast growth factor receptor-like 1,GCST90426577,2a864b439f226604438a3e04c85eb473
X6107.3,6107-3,Q9UNI1,CELA1,Chymotrypsin-like elastase family member 1,GCST90426578,9df0ba2680f012719a1bb091a6c55c2b
X6113.31,6113-31,P14138,EDN3,Endothelin-3,GCST90426579,68aaafaa889a9fad799b721ee6140fae
X6117.4,6117-4,P16519,PCSK2,Neuroendocrine convertase 2,GCST90426580,4c4d3ce8e714221502a9d4622c9e289d
X6119.14,6119-14,Q7Z304,MAMDC2,MAM domain-containing protein 2,GCST90426581,3e84af23653279afb39325868331792a
X6123.69,6123-69,P04637,TP53,Cellular tumor antigen p53,GCST90426582,713ee5b0fa9613b4c95fc54d253173c7
X6151.18,6151-18,P46734,MAP2K3,Dual specificity mitogen-activated protein kinase kinase 3,GCST90426583,75a56ca6e75c31946cc969b53433a0d3
X6168.11,6168-11,P04637,TP53,Cellular tumor antigen p53 R175H mutant,GCST90426584,1f2bcbd2e853ea5344238b80accc757f
X6172.7,6172-7,P0CG48,UBC,PolyUbiquitin K63-linked,GCST90426585,6965bc8fa745dec9685306a33e16f7db
X6207.10,6207-10,P07602,PSAP,Prosaposin,GCST90426586,6467c47a135d327abb10d8024ecde4b9
X6209.2,6209-2,P19801,AOC1,Amiloride-sensitive amine oxidase [copper-containing],GCST90426587,462088db11160a4b9e8e3485c9895029
X6210.100,6210-100,P01569,IFNA5,Interferon alpha-5,GCST90426588,03937cf4eb54fd59b3a32bb410b040d4
X6213.10,6213-10,Q6NT52,CGB2,Choriogonadotropin subunit beta variant 2,GCST90426589,451e24aa8d570c2af0fb9131d7e79ce1
X6214.84,6214-84,P32881,IFNA8,Interferon alpha-8,GCST90426590,6ac07a2ad729c24cc3c5602557ea69b0
X6217.23,6217-23,O00391,QSOX1,Sulfhydryl oxidase 1,GCST90426591,85303e9fd59d38246fc86090180b0875
X6219.14,6219-14,Q5EBL8,PDZD11,PDZ domain-containing protein 11,GCST90426592,9926561093c87e04eae56baa75819bd8
X6221.1,6221-1,Q9BRR6,ADPGK,ADP-dependent glucokinase,GCST90426593,9300c01d03cc285863b3b04388c81b9f
X6223.5,6223-5,Q16661,GUCA2B,Guanylate cyclase activator 2B,GCST90426594,1c889cf74e03a81e72b4f2a40678736e
X6225.3,6225-3,Q16651,PRSS8,Prostasin,GCST90426595,59e2a89379706d20c68eea273cc7c8ab
X6226.69,6226-69,Q8IYU8,MICU2,"Calcium uptake protein 2, mitochondrial",GCST90426596,4dd39daf2f967c6f6ddd469a490997c6
X6227.1,6227-1,O43240,KLK10,Kallikrein-10,GCST90426597,194c5bd669172423a1a9ddfc964a2a53
X6228.58,6228-58,Q9HBV2,SPACA1,Sperm acrosome membrane-associated protein 1,GCST90426598,d8aaca285093c11f8943ff7e4fab249a
X6229.13,6229-13,P0DML2|P0DML3,CSH1|CSH2,Chorionic somatomammotropin hormone,GCST90426599,be333b97e54c125145134074ee1420f6
X6230.56,6230-56,O95813,CER1,Cerberus,GCST90426600,fc4281ae9a810e03576ca516b7673296
X6231.46,6231-46,O76061,STC2,Stanniocalcin-2,GCST90426601,57382094c8191a749a3cb1b29462ec25
X6232.54,6232-54,P42081,CD86,T-lymphocyte activation antigen CD86,GCST90426602,4263ce3194f05f98596721d391cb700b
X6234.74,6234-74,Q6UXI7,VIT,Vitrin,GCST90426603,5e0238a73c72c659e5d7374e0f518ca6
X6236.51,6236-51,Q96CG8,CTHRC1,Collagen triple helix repeat-containing protein 1,GCST90426604,23f2e66843a6297ad4de8e49c42d2eaa
X6237.11,6237-11,Q8N441,FGFRL1,Fibroblast growth factor receptor-like 1,GCST90426605,75f4d3820508b41622948ec942674c3f
X6238.55,6238-55,Q9UQ74,PSG8,Pregnancy-specific beta-1-glycoprotein 8,GCST90426606,f98b088f71047b809e77af1264d7383f
X6240.70,6240-70,Q2MKA7,RSPO1,R-spondin-1,GCST90426607,5a31e9c40ba91a7172aec799f5bbe9a9
X6245.4,6245-4,Q92692,NECTIN2,Nectin-2,GCST90426608,ef6c2a656a306e045cbdd2e81c42e6fd
X6247.9,6247-9,O00241,SIRPB1,Signal-regulatory protein beta-1,GCST90426609,8ced9e5d0fd6e0cb415b0bab12b138f2
X6248.68,6248-68,P25445,FAS,Tumor necrosis factor receptor superfamily member 6,GCST90426610,41559af45d0929fe98a51d5519d41a98
X6252.62,6252-62,Q96QR1,SCGB3A1,Secretoglobin family 3A member 1,GCST90426611,113b0bf512e96cd02d7de8dbb27e2f01
X6255.74,6255-74,Q96SM3,CPXM1,Probable carboxypeptidase X1,GCST90426612,316cc550594a097e31827f8b90b95999
X6256.9,6256-9,O95867,LY6G6C,Lymphocyte antigen 6 complex locus protein G6c,GCST90426613,4ff1f62b9bbd70ac0b413b2fd1d2382d
X6257.56,6257-56,Q99674,CGREF1,Cell growth regulator with EF hand domain protein 1,GCST90426614,383947f61be75b8d43e1659f1782961f
X6259.60,6259-60,P24821,TNC,Tenascin,GCST90426615,56d4a168aec09069f43f64ac212e5388
X6260.14,6260-14,P24821,TNC,Tenascin,GCST90426616,65f5b0bf70555a6843d160dba0ca7c20
X6262.14,6262-14,Q9NRM6,IL17RB,Interleukin-17 receptor B,GCST90426617,bede40f7c66eb49e0a9186a36a65534f
X6263.77,6263-77,P55058,PLTP,Phospholipid transfer protein,GCST90426618,75f80f2072e4857d4cf07ebbc9d253df
X6264.9,6264-9,O00622,CCN1,Protein CYR61,GCST90426619,9efdbc2ac0385da7e5d32e4fee70adc4
X6267.51,6267-51,Q9H169,STMN4,Stathmin-4,GCST90426620,3c2444c6d4bf9e7ae61a382800c88afc
X6273.58,6273-58,Q32P28,P3H1,Prolyl 3-hydroxylase 1,GCST90426621,4b69783c8de2d80f54aa3012352d252e
X6274.15,6274-15,Q2TBF2,WSCD2,WSC domain-containing protein 2,GCST90426622,75f1b17d07aeb9988afbcf6db814b95c
X6276.16,6276-16,P09958,FURIN,Furin,GCST90426623,c3239dafe71ce1e5b76ed101e5302097
X6280.11,6280-11,O95206,PCDH8,Protocadherin-8,GCST90426624,3b93e7056ba1846aab7fbecb2ed7ca03
X6281.51,6281-51,Q16842,ST3GAL2,"CMP-N-acetylneuraminate-beta-galactosamide-alpha-2,3-sialyltransferase 2",GCST90426625,088afe24a6a070d458d0a8f726e4577d
X6283.60,6283-60,Q8IX19,MCEMP1,Mast cell-expressed membrane protein 1,GCST90426626,5ee9cc95e7391445267f18cadf0bb126
X6284.7,6284-7,Q6UX46,ALKAL2,ALK and LTK ligand 2,GCST90426627,cdde36b4929f3b275cdc166954961341
X6285.71,6285-71,Q14165,MLEC,Malectin,GCST90426628,769c3a5e0151b2781eda1430c1e63677
X6289.78,6289-78,Q6ZRI8,ARHGAP36,Rho GTPase-activating protein 36,GCST90426629,4b6ab1b708cc5c06a9075b45468c04ae
X6290.3,6290-3,Q765I0,UTS2B,Urotensin-2B,GCST90426630,7d4957eef46265fe607109db8d3e4ccd
X6291.55,6291-55,Q9BQT9,CLSTN3,Calsyntenin-3,GCST90426631,9b09dfa55c25ec1a239be13a1e5e0792
X6294.11,6294-11,Q86Y30,BAGE2,B melanoma antigen 2,GCST90426632,e1076706bc9220b87c464592776a7a3e
X6296.36,6296-36,Q8WWZ8,OIT3,Oncoprotein-induced transcript 3 protein,GCST90426633,15506ec74ec544c8e39cc3aef3b62bb1
X6304.8,6304-8,Q9BXJ1,C1QTNF1,Complement C1q tumor necrosis factor-related protein 1,GCST90426634,a7051794601fb8c6ff8bd256663c9392
X6315.58,6315-58,Q6P4A8,PLBD1,Phospholipase B-like 1,GCST90426635,67f1183b9561ffba4789449c09265dc7
X6321.65,6321-65,Q9Y5H3,PCDHGA10,Protocadherin gamma-A10,GCST90426636,da48c5d7b54d85b9ede27afc743b039d
X6324.11,6324-11,Q92874,DNASE1L2,Deoxyribonuclease-1-like 2,GCST90426637,73af560f77cb96868350390ff4d3378c
X6326.20,6326-20,P12644,BMP4,Bone morphogenetic protein 4,GCST90426638,077d59bf290f710371f6042c90de46a9
X6334.9,6334-9,P36268,GGT2,Inactive gamma-glutamyltranspeptidase 2,GCST90426639,51101bb3389a1308591df50aee4ca1d8
X6342.10,6342-10,Q6UXI9,NPNT,Nephronectin,GCST90426640,a3237a9b94272b5ffd7cead101589db0
X6350.43,6350-43,P02655,APOC2,Apolipoprotein C-II,GCST90426641,e6640d558d9203d1079e7fa8753673e4
X6351.55,6351-55,P40259,CD79B,B-cell antigen receptor complex-associated protein beta chain,GCST90426642,048505dacf457e4e61b10a30c3216bec
X6352.8,6352-8,P14616,INSRR,Insulin receptor-related protein,GCST90426643,f25298a7e6f1c39449127508b3825aa6
X6354.13,6354-13,Q6MZM0,HEPHL1,Hephaestin-like protein 1,GCST90426644,ca5a0c37dc3c2ccffc962a2fefa04441
X6356.3,6356-3,P15086,CPB1,Carboxypeptidase B,GCST90426645,2d6f2b7a5d66cf86ea87636e6b301e15
X6357.83,6357-83,P08861,CELA3B,Chymotrypsin-like elastase family member 3B,GCST90426646,567d6f74b4914ac50cbe279d4923e4d8
X6359.50,6359-50,Q8NAT1,POMGNT2,"Protein O-linked-mannose beta-1,4-N-acetylglucosaminyltransferase 2",GCST90426647,d4cc5168a6d7203c90764901d89bcde8
X6360.7,6360-7,Q7Z7B8,DEFB128,Beta-defensin 128,GCST90426648,033e9c3f4fbf6bcd58e89bc329030890
X6361.49,6361-49,Q15256,PTPRR,Receptor-type tyrosine-protein phosphatase R,GCST90426649,67d149354d202694514653a8dd947241
X6362.6,6362-6,Q9H1Z8,ECRG4,Augurin,GCST90426650,204e9a9311cee76daceb5f1d3a7285e2
X6364.7,6364-7,Q9BX59,TAPBPL,Tapasin-related protein,GCST90426651,8fe39685e4695252fd793ef36e8b3df1
X6367.66,6367-66,Q06828,FMOD,fibromodulin,GCST90426652,4bc04f344cb110cfa1255e5faade563c
X6368.9,6368-9,Q9H114,CSTL1,Cystatin-like 1,GCST90426653,cce63a8953d4a36f4a693645e08f58b2
X6369.82,6369-82,O75398,DEAF1,Deformed epidermal autoregulatory factor 1 homolog,GCST90426654,c29ce913963f678b756e3c3512d31cf1
X6371.50,6371-50,O43827,ANGPTL7,Angiopoietin-related protein 7,GCST90426655,afa262a0bf74e2b76837766d5f0711e9
X6372.7,6372-7,Q9Y2T7,YBX2,Y-box-binding protein 2,GCST90426656,f9514d0a820cdcd1878693d1da42a4bf
X6373.54,6373-54,P80370,DLK1,Protein delta homolog 1,GCST90426657,0acf59dc71446325d8cca67eeed68770
X6374.7,6374-7,O60882,MMP20,Matrix metalloproteinase-20,GCST90426658,d31be6a28a47aa9eb512ea684501878d
X6375.75,6375-75,Q8NBI6,XXYLT1,Xyloside xylosyltransferase 1,GCST90426659,589b7b35a80f5d5af59a278e6a6e681b
X6377.54,6377-54,Q7Z4W2,LYZL2,Lysozyme-like protein 2,GCST90426660,a21e9e400b2336dd6892a1cd93f3ca11
X6378.2,6378-2,Q86SI9,C5orf38,Protein CEI,GCST90426661,23e9b3854a45ccf93a343f7a88770c8c
X6379.62,6379-62,Q86TH1,ADAMTSL2,ADAMTS-like protein 2,GCST90426662,27fcc98e6094c410a6230b98b1763d28
X6380.23,6380-23,Q14197,MRPL58,"Peptidyl-tRNA hydrolase ICT1, mitochondrial",GCST90426663,323c9550d145c215c96eddc22dd3fa4a
X6382.17,6382-17,O00462,MANBA,Beta-mannosidase,GCST90426664,edc057cd9eebaef87f5784f99681be36
X6383.90,6383-90,O43897,TLL1,Tolloid-like protein 1,GCST90426665,d0d205ce838e4d5507070a323cfffd4f
X6384.19,6384-19,Q8IUB2,WFDC3,WAP four-disulfide core domain protein 3,GCST90426666,8767486fcfa68397bda1ed7862b5ed1d
X6385.63,6385-63,Q6PCB0,VWA1,von Willebrand factor A domain-containing protein 1,GCST90426667,95efd05da200a11a9c917d1bffde709b
X6387.61,6387-61,Q01523,DEFA5,Defensin-5,GCST90426668,38de0c58038a568c6b985e7fc0dad40e
X6388.21,6388-21,Q96EE4,CCDC126,Coiled-coil domain-containing protein 126,GCST90426669,3c76c495f6e08bf179be6d7ec5257b5e
X6390.18,6390-18,P0C0P6,NPS,Neuropeptide S,GCST90426670,26d97e855a0c935c45b337db9b38179c
X6391.52,6391-52,Q8N6C8,LILRA3,Leukocyte immunoglobulin-like receptor subfamily A member 3,GCST90426671,da2525c4c57a9b0651cd1a3c15e12950
X6392.7,6392-7,O76076,CCN5,WNT1-inducible-signaling pathway protein 2,GCST90426672,303198b59ff30bd1599e30c38eed93fd
X6393.63,6393-63,P14625,HSP90B1,Endoplasmin,GCST90426673,a5833a9325958b630a29c74dc24b1f6a
X6395.58,6395-58,Q96T91,GPHA2,Glycoprotein hormone alpha-2,GCST90426674,1b4e2bdc25bd14d9f0bbfec4c976025b
X6398.12,6398-12,P36776,LONP1,"Lon protease homolog, mitochondrial",GCST90426675,c77582cd72b674cd78cd29db07682c6c
X6399.52,6399-52,Q8IZN7,DEFB107A,Beta-defensin 107,GCST90426676,620d4d1fa3056d3446213bc23d81019e
X6400.33,6400-33,Q8NBR0,TP53I13,Tumor protein p53-inducible protein 13,GCST90426677,3e0e8ba06c5e1443ee530f7a76768dd9
X6402.8,6402-8,Q9UKJ1,PILRA,Paired immunoglobulin-like type 2 receptor alpha isoform FDF03-deltaTM,GCST90426678,7d7a6aad8d3ea63b706979b64e5d96f8
X6404.20,6404-20,O75973,C1QL1,C1q-related factor,GCST90426679,d3096859d069545909a54f4851ea1986
X6405.74,6405-74,P11465,PSG2,Pregnancy-specific beta-1-glycoprotein 2,GCST90426680,8f2f4504840c8030eae67202adb8a1e8
X6406.3,6406-3,Q9C002,NMES1,Normal mucosa of esophagus-specific gene 1 protein,GCST90426681,3e802b40f2892b4df6ddafd7e1a5a525
X6407.63,6407-63,O00515,LAD1,Ladinin-1,GCST90426682,9f9faa06e21c3e7bbaf5e684f4d74a1c
X6408.2,6408-2,P55103,INHBC,Inhibin beta C chain,GCST90426683,fcc1712267b2fb9b7aefdcd243820fd0
X6409.57,6409-57,Q8IZF2,ADGRF5,Adhesion G protein-coupled receptor F5,GCST90426684,32ac49abc94081a0cfa4cf866f96b54a
X6410.26,6410-26,Q14641,INSL4,Early placenta insulin-like peptide,GCST90426685,47cb96bc08f83f66a3292d5251fa5600
X6411.58,6411-58,Q30KP9,DEFB135,Beta-defensin 135,GCST90426686,55279b3c4070a642e5869469d6ca3eca
X6413.79,6413-79,Q5VXJ0,LIPK,Lipase member K,GCST90426687,9f57943304b883235b9122b5ff347a57
X6414.8,6414-8,Q86UD1,OAF,Out at first protein homolog,GCST90426688,e28865934aa8188a43c72d7de76766c2
X6415.90,6415-90,P22792,CPN2,Carboxypeptidase N subunit 2,GCST90426689,ca9cf16821575eb2384ff39855faf304
X6420.4,6420-4,Q9NX18,SDHAF2,"Succinate dehydrogenase assembly factor 2, mitochondrial",GCST90426690,e00ab1a1160cb3a043f3bc2a2cc3d38f
X6421.52,6421-52,P05015,IFNA16,Interferon alpha-16,GCST90426691,4fe87b640de6e23bba074446159232dd
X6423.66,6423-66,Q7Z5L3,C1QL2,Complement C1q-like protein 2,GCST90426692,778c6862b17c5e37f9021db7fc9cc4df
X6424.2,6424-2,Q5GAN3,RNASE13,Probable inactive ribonuclease-like protein 13,GCST90426693,11aff67a7aeb83f44efe072ce2c7b9eb
X6425.87,6425-87,Q99542,MMP19,Matrix metalloproteinase-19,GCST90426694,c6e07c61c3a0abbbbcb1c0fe4ecce3f3
X6430.36,6430-36,Q8N3H0,TAFA2,Protein FAM19A2,GCST90426695,9c18bc84a5aa97da13fcfd297d819cc7
X6431.68,6431-68,Q9UHG3,PCYOX1,Prenylcysteine oxidase 1,GCST90426696,ce53e6afb4571e868eece1d42d935739
X6433.57,6433-57,Q96MK3,FAM20A,Pseudokinase FAM20A,GCST90426697,e7e653b74e6eb70a6350585ad84a4a68
X6434.18,6434-18,O75106,AOC2,Retina-specific copper amine oxidase,GCST90426698,5a8ce188b8f552414882429f6dc59103
X6439.59,6439-59,Q9H972,C14orf93,Uncharacterized protein C14orf93,GCST90426699,7f8bb743f57e6641ba0150d34886befc
X6440.31,6440-31,Q13361,MFAP5,Microfibrillar-associated protein 5,GCST90426700,c99615db583848b98be48b1686e16e2d
X6441.62,6441-62,Q9UKP5,ADAMTS6,A disintegrin and metalloproteinase with thrombospondin motifs 6,GCST90426701,410a2a8bc984444e494448f646047c6b
X6442.6,6442-6,Q86Y29,BAGE3,B melanoma antigen 3,GCST90426702,93aa6cb646a5aefdd8de5413a7b60c41
X6444.15,6444-15,Q16557,PSG3,Pregnancy-specific beta-1-glycoprotein 3,GCST90426703,e0d1f84e3408816d8f246a978ff8d1b5
X6447.73,6447-73,P26022,PTX3,Pentraxin-related protein PTX3,GCST90426704,cb3f149585c3627e99f908fb95097154
X6448.36,6448-36,Q99985,SEMA3C,Semaphorin-3C,GCST90426705,4de3b5ed2ed5eea8813ccc27d01b02de
X6450.8,6450-8,P51161,FABP6,Gastrotropin,GCST90426706,96b44d710bc2895eb17a9cdc7b8c9518
X6451.64,6451-64,Q9BXN1,ASPN,Asporin,GCST90426707,c7e984aac40cc51d0d8bab9c8ee9d0cc
X6453.70,6453-70,Q8NHJ6,LILRB4,Leukocyte immunoglobulin-like receptor subfamily B member 4,GCST90426708,7d699523bd415557073f5c1e991b3200
X6454.38,6454-38,P52565,ARHGDIA,Rho GDP-dissociation inhibitor 1,GCST90426709,f574324d1f8ed4d2f3761dc25cb15c3b
X6455.52,6455-52,Q86UW8,HAPLN4,Hyaluronan and proteoglycan link protein 4,GCST90426710,57adb19f367bc2798786b258f3c80ef9
X6456.17,6456-17,Q00889,PSG6,Pregnancy-specific beta-1-glycoprotein 6,GCST90426711,8b5ebd4f18c9d14e481e9f1fe2056193
X6458.6,6458-6,P04843,RPN1,Dolichyl-diphosphooligosaccharide--protein glycosyltransferase subunit 1:Lumenal domain,GCST90426712,8e2418724da54b061cb4b4762da4abef
X6461.54,6461-54,P02656,APOC3,Apolipoprotein C-III,GCST90426713,282740c9b0a8dc2f0c397a560e25c95d
X6462.12,6462-12,Q99727,TIMP4,Metalloproteinase inhibitor 4,GCST90426714,ef1f21b4fe1edc94c540d4f58efed707
X6463.59,6463-59,P83859,QRFP,Orexigenic neuropeptide QRFP,GCST90426715,7081bb27970f889bb78f4e71a7ce1adc
X6464.40,6464-40,Q6DKI7,PVRIG,Transmembrane protein PVRIG,GCST90426716,8f436be98c2a984aa22195cf44033229
X6467.65,6467-65,Q8NBL1,POGLUT1,Protein O-glucosyltransferase 1,GCST90426717,d3f167d3e8ff58e577f6187b4cd6e361
X6468.37,6468-37,Q86UU9,TAC4,Tachykinin-4,GCST90426718,2d0349c749163678ba1e5c225313871c
X6469.62,6469-62,O95868,LY6G6D,Lymphocyte antigen 6 complex locus protein G6d,GCST90426719,2bc1fb8b6066b819a09272925b2b0b47
X6470.19,6470-19,P23142,FBLN1,Fibulin-1,GCST90426720,6dc0f822a9c2b18b44af2a16cb99996a
X6471.53,6471-53,Q92496,CFHR4,Complement factor H-related protein 4,GCST90426721,f6ce7cca7d510bf154de1fefab1b5245
X6472.40,6472-40,P40967,PMEL,Melanocyte protein PMEL,GCST90426722,4bf9a6b8d44751996bf8221f6d29a984
X6473.55,6473-55,Q9NP55,BPIFA1,BPI fold-containing family A member 1,GCST90426723,788f109c0d7abe320ca6f5aa910f4432
X6478.2,6478-2,A6NGN9,IGLON5,IgLON family member 5,GCST90426724,126e498f6c2f535b04db5733f76c66dc
X6480.1,6480-1,Q8WVQ1,CANT1,Soluble calcium-activated nucleotidase 1,GCST90426725,bd9bf72d29f2cb13cd51f4a93b719e13
X6485.59,6485-59,P15814,IGLL1,Immunoglobulin lambda-like polypeptide 1,GCST90426726,9ed2b7a267b41c08a6888913b1bf6bee
X6491.59,6491-59,Q9H2R5,KLK15,Kallikrein-15,GCST90426727,c26d0413e2444d342bc60d0382f1d50e
X6493.9,6493-9,Q66K79,CPZ,Carboxypeptidase Z,GCST90426728,33f644c3431d1f083a004283b1ee9e21
X6494.60,6494-60,Q96QH8,SPACA5,Sperm acrosome-associated protein 5,GCST90426729,2e2898c174ca4339585d501155336e75
X6495.14,6495-14,P05305,EDN1,Endothelin-1,GCST90426730,b7d8e8be3790db136f6a608ff1e54bfe
X6496.60,6496-60,P80370,DLK1,Protein delta homolog 1:Extracellular domain,GCST90426731,322baa9ee8249d1d720e47c04251bdec
X6497.10,6497-10,O15537,RS1,Retinoschisin,GCST90426732,5e237c6441eb97022dbbe66c2af16b72
X6502.50,6502-50,Q9NZV1,CRIM1,Cysteine-rich motor neuron 1 protein:Extracellular domain,GCST90426733,1f512ef998fa5cb811eba9cd4f878de5
X6504.65,6504-65,Q9Y4K0,LOXL2,Lysyl oxidase homolog 2,GCST90426734,d3b8da88362137ddbbd21ce7a759b4e1
X6506.54,6506-54,P49755,TMED10,Transmembrane emp24 domain-containing protein 10,GCST90426735,9fc6401a337ef3cfb150f71cae5dffab
X6507.16,6507-16,O15394,NCAM2,Neural cell adhesion molecule 2,GCST90426736,391447712cf98c47bd5059152b37e51f
X6508.68,6508-68,O95969,SCGB1D2,Secretoglobin family 1D member 2,GCST90426737,b6c3bf928cc239192f238462be4477b9
X6510.56,6510-56,Q8TEB7,RNF128,E3 ubiquitin-protein ligase RNF128:region 1,GCST90426738,87e97201ace16634cbd05702bef07643
X6511.17,6511-17,Q96LR4,TAFA4,Protein FAM19A4,GCST90426739,cf576d2074d42a00b2738885ad30ca96
X6512.68,6512-68,Q96MU8,KREMEN1,Kremen protein 1,GCST90426740,01052895bbcd977323133fddc8b2a38c
X6517.14,6517-14,P55107,GDF10,Growth/differentiation factor 10,GCST90426741,92ab1a8b629cfbafd8324d9c56e671a9
X6518.85,6518-85,Q9UBU3,GHRL,Appetite-regulating hormone,GCST90426742,992edd00743d04cc38b3eb61dd8a2973
X6520.87,6520-87,P08493,MGP,Matrix Gla protein,GCST90426743,ed9301a6dc035916c814175badeb7913
X6521.35,6521-35,P47972,NPTX2,Neuronal pentraxin-2,GCST90426744,7f2b686af3513f5ffa978eecd6f0fd0d
X6525.17,6525-17,Q6B8I1,DUSP13,Dual specificity protein phosphatase 13 isoform A,GCST90426745,108ac5ddb645cb728f946446d87cecdd
X6526.77,6526-77,Q9NY56,OBP2A,Odorant-binding protein 2a,GCST90426746,88312ebf750f1e53231db773420a5b5f
X6527.1,6527-1,Q7L0X0,TRIL,TLR4 interactor with leucine rich repeats:Extracellular domain,GCST90426747,b3b6d13687ddb057a7db5749e11426ff
X6528.95,6528-95,Q9UBQ6,EXTL2,Exostosin-like 2,GCST90426748,f08304d04ad292eef553b693e0820d5d
X6530.63,6530-63,Q99935,OPRPN,Opiorphin prepropeptide,GCST90426749,7aebe42036f47b66952079378ff6f506
X6531.29,6531-29,Q96A26,FAM162A,Protein FAM162A,GCST90426750,6f5d15bd3fa90ddd7ed9411aaf9be2b3
X6533.20,6533-20,Q8WZ79,DNASE2B,Deoxyribonuclease-2-beta,GCST90426751,d5fc093128f7c6510edadd027ddea079
X6536.54,6536-54,Q8NHP8,PLBD2,Putative phospholipase B-like 2,GCST90426752,5b2725d1669d3b9367210096986f5427
X6538.90,6538-90,Q8IYS2,KIAA2013,Uncharacterized protein KIAA2013,GCST90426753,f6c093805de5bffd230bf26410dd6cf1
X6543.182,6543-182,P81277,PRLH,Prolactin-releasing peptide,GCST90426754,32baf3d006ad85aff3aa2934aa07958b
X6544.33,6544-33,Q92832,NELL1,Protein kinase C-binding protein NELL1,GCST90426755,c07b9522854100bde74e06e738ff1bd5
X6545.58,6545-58,P04156,PRNP,Major prion protein,GCST90426756,ce8239cac40621ac537e14daca46b0e3
X6546.41,6546-41,Q9UBU2,DKK2,Dickkopf-related protein 2,GCST90426757,20f1d9118480bcf7d74636d6063058f6
X6547.83,6547-83,O60235,TMPRSS11D,Transmembrane protease serine 11D,GCST90426758,292a208d2fe56d0ce2f3ea61909c84c3
X6549.60,6549-60,Q96N03,VSTM2L,V-set and transmembrane domain-containing protein 2-like protein,GCST90426759,1aac785711c38449ec05636067438652
X6550.4,6550-4,Q14773,ICAM4,Intercellular adhesion molecule 4,GCST90426760,84fdbd6fca8743c4bf64f0fb01c26ed8
X6551.94,6551-94,Q8IW75,SERPINA12,Serpin A12,GCST90426761,45e59a9b5360105464759bace41adbe3
X6553.68,6553-68,Q9UL16,CFAP45,Cilia- and flagella-associated protein 45,GCST90426762,cf69fd68035f88176070975c8e129b73
X6555.58,6555-58,Q9UJZ1,STOML2,"Stomatin-like protein 2, mitochondrial",GCST90426763,8a2afba158ff589c677edf81f76f0eb5
X6556.5,6556-5,Q9UJA9,ENPP5,Ectonucleotide pyrophosphatase/phosphodiesterase family member 5,GCST90426764,008bcf827b279a7681ec028dadca4ffe
X6557.50,6557-50,Q8TF66,LRRC15,Leucine-rich repeat-containing protein 15,GCST90426765,f9d7fd6d919eab186c0c92b65003db9b
X6558.5,6558-5,Q9Y6Z7,COLEC10,Collectin-10,GCST90426766,759e1e0e7b2df55f8b0835b3e6e1d995
X6561.77,6561-77,P01602,IGKV1-5,Ig Kappa chain V-I region HK102- like,GCST90426767,538b9b5a5351c20b1d5286a5a2e78b5a
X6563.78,6563-78,P0DMV8,HSPA1A,Heat shock 70 kDa protein 1A,GCST90426768,aaa7c31f3069436a832bb3c048249fb0
X6565.68,6565-68,Q9H5V8,CDCP1,CUB domain-containing protein 1,GCST90426769,0984a280c80b30aa73b29647254f711f
X6568.18,6568-18,A8MVW5,HEPACAM2,"HEPACAM family member 2:Isoform 2, Extracellular domain",GCST90426770,1526bbcfff839c2e7852cfaac9543193
X6570.1,6570-1,Q5TAT6,COL13A1,Collagen alpha-1(XIII) chain,GCST90426771,1fbaa44bf4dea6faf7fed712baf69b0d
X6571.75,6571-75,Q8N4C9,C17orf78,Uncharacterized protein C17orf78:N-term,GCST90426772,442cd356960abc74c523cbc0442ffedf
X6572.10,6572-10,Q86VH4,LRRTM4,"Leucine-rich repeat transmembrane neuronal protein 4:Isoform 2, Extracellular domain",GCST90426773,3558cdca58b0c3164b7c7df63536ceb4
X6574.11,6574-11,O60667,FCMR,Fas apoptotic inhibitory molecule 3,GCST90426774,39e0c4750e09399dc81e5561e008bb6f
X6575.79,6575-79,Q8N6G6,ADAMTSL1,ADAMTS-like protein 1,GCST90426775,e5864ebfdea488dc83ec71b2d31a4eb8
X6576.1,6576-1,Q93070,ART4,Ecto-ADP-ribosyltransferase 4,GCST90426776,dfb6bd64fa462c333f5bf8aa2f41ef8f
X6577.64,6577-64,Q16363,LAMA4,Laminin subunit alpha-4,GCST90426777,1cb8f01ceaf6fb0423e50d7d14f4117f
X6578.29,6578-29,Q9H2S6,TNMD,Tenomodulin,GCST90426778,c9c0fa1a7f853a820d4d9197e77ed207
X6580.29,6580-29,P20742,PZP,Pregnancy zone protein,GCST90426779,96e3d03b4e6f5b80af3c3a24af2535a5
X6583.67,6583-67,Q9UK55,SERPINA10,Protein Z-dependent protease inhibitor,GCST90426780,98fd38ccf1ecf2a2337279e2d1bf5f14
X6584.1,6584-1,P23327,HRC,Sarcoplasmic reticulum histidine-rich calcium-binding protein,GCST90426781,f6c15da1197ca81168be90fe4df991e3
X6586.19,6586-19,O75078,ADAM11,Disintegrin and metalloproteinase domain-containing protein 11,GCST90426782,a6465b65a750c79795a0dc9f73d2ad5f
X6587.6,6587-6,Q96NI6,LRFN5,Leucine-rich repeat and fibronectin type-III domain-containing protein 5,GCST90426783,d529d493b4a761524f3bac2d0d36a581
X6590.54,6590-54,O60462,NRP2,Neuropilin-2,GCST90426784,4a6f8b1a09c2c1d609cdd82406ad2727
X6593.5,6593-5,Q14435,GALNT3,Polypeptide N-acetylgalactosaminyltransferase 3,GCST90426785,86165487fb8d57d949b4fe8585ef550f
X6594.64,6594-64,Q9NPB0,SAYSD1,SAYSvFN domain-containing protein 1,GCST90426786,3e3e1978c23ae31171001f27974d7efc
X6597.24,6597-24,Q8TBP5,FAM174A,Membrane protein FAM174A,GCST90426787,2d4ca33543369d1192faec2ed2978c2d
X6599.5,6599-5,Q8J025,APCDD1,Protein APCDD1,GCST90426788,5a5023103fe9b330dba4079c238955a5
X6600.70,6600-70,Q8NC24,RELL2,RELT-like protein 2,GCST90426789,68bebadfee3f97dfe19a45e86f17d633
X6603.18,6603-18,P23352,ANOS1,Anosmin-1,GCST90426790,59a4975b7ab04b4f602c621d60ea3e90
X6604.59,6604-59,Q8TB73,NDNF,Protein NDNF,GCST90426791,5cd08161ffdb0d9b10314f09614ea066
X6605.17,6605-17,P35858,IGFALS,Insulin-like growth factor-binding protein complex acid labile subunit,GCST90426792,898cfc7b30d5c95930f7a0705ee9a2f1
X6609.22,6609-22,P09543,CNP,"2',3'-cyclic-nucleotide 3'-phosphodiesterase",GCST90426793,56cbdd5fac0416c6ac938b7e9dc94f01
X6612.90,6612-90,Q6PL45,BRICD5,BRICHOS domain-containing protein 5,GCST90426794,8d5b4a9a280a003262ed38245b4abbfc
X6617.12,6617-12,Q6DN72,FCRL6,Fc receptor-like protein 6,GCST90426795,7d0a121cd326f15e91f6259ed720256d
X6620.82,6620-82,Q96FE5,LINGO1,Leucine-rich repeat and immunoglobulin-like domain-containing nogo receptor-interacting protein 1,GCST90426796,1b172a62c6202f81bea3b84c020ec0c5
X6622.90,6622-90,Q9ULZ1,APLN,Apelin,GCST90426797,de9bbbf42ae0cce0d3d2fc116d2c3f98
X6624.94,6624-94,O96014,WNT11,Protein Wnt-11,GCST90426798,3a9de439a70bd8eaf42c317430547c6e
X6625.31,6625-31,Q8NBU5,ATAD1,ATPase family AAA domain-containing protein 1,GCST90426799,1a19ecdb88b6ce6aaeefdbcf774e382c
X6626.81,6626-81,Q9NRB3,CHST12,Carbohydrate sulfotransferase 12,GCST90426800,7c0fbfbf84340b14bfed90bc07a286d7
X6627.25,6627-25,P54315,PNLIPRP1,Inactive pancreatic lipase-related protein 1,GCST90426801,7d1602ce2619c75ecd89f403900308fc
X6629.3,6629-3,P60022,DEFB1,Beta-defensin 1,GCST90426802,3c2b0f27865de4baa2674c4a86730a71
X6631.17,6631-17,P20849,COL9A1,Collagen alpha-1(IX) chain,GCST90426803,5934cbdbb12269ac131251d63faa85e1
X6633.43,6633-43,B0FP48,B0FP48,Uroplakin-3b-like protein,GCST90426804,4ae5fb4f634bf7f22ad12bea8a3d5926
X6641.60,6641-60,P0CG47,UBB,PolyUbiquitin K48-linked,GCST90426805,df93011b7d7baf3947613da3a917bf7b
X6645.53,6645-53,Q15063,POSTN,Periostin,GCST90426806,2f49103d02d0d3de9f795b1499e0ea85
X6647.55,6647-55,P0CG48,UBC,PolyUbiquitin K63-linked,GCST90426807,515a14246ae7626dabd19b5616ddb852
X6649.51,6649-51,O95631,NTN1,Netrin-1,GCST90426808,cbf501a5fa33204078cc3dd36907362c
X6651.74,6651-74,P0CG47,UBB,PolyUbiquitin K48-linked,GCST90426809,3896bb4216ff38846bf88bb07670b543
X6653.58,6653-58,Q08722,CD47,Leukocyte surface antigen CD47,GCST90426810,d0a106a7e100efce2aada9710ff0429a
X6706.18,6706-18,P10696,ALPG,"Alkaline phosphatase, placental-like",GCST90426811,3d16d37854d2c49b6355737c838f74ae
X6713.4,6713-4,Q86VZ4,LRP11,Low-density lipoprotein receptor-related protein 11,GCST90426812,7fb05da96934a15b07bc60b8d3132730
X6715.63,6715-63,P10696,ALPG,"Alkaline phosphatase, placental-like",GCST90426813,149a2b656e0815ac014adc27568c01ce
X6895.1,6895-1,P02786,TFRC,Transferrin receptor protein 1:Cytoplasmic domain,GCST90426814,2b678ad55474dae99b1ae7203b549a6b
X6896.3,6896-3,Q8NEQ5,C1orf162,Transmembrane protein C1orf162,GCST90426815,52769720dd17a2c5c3a78c3190e920cb
X6897.38,6897-38,O94766,B3GAT3,Galactosylgalactosylxylosylprotein 3-beta-glucuronosyltransferase 3,GCST90426816,69cf794f4b2b4cec5137f9a44547a974
X6899.37,6899-37,Q9H0N5,PCBD2,Pterin-4-alpha-carbinolamine dehydratase 2,GCST90426817,64fec69c915de78540b3dfda8364aa54
X6900.30,6900-30,Q9Y385,UBE2J1,Ubiquitin-conjugating enzyme E2 J1,GCST90426818,8c096b215bbfb605fce6de02793f9f2a
X6904.14,6904-14,O43300,LRRTM2,Leucine-rich repeat transmembrane neuronal protein 2,GCST90426819,b5ec147bee65e673b98665274996df89
X6907.17,6907-17,Q8N6Q1,TMCO5A,Transmembrane and coiled-coil domain-containing protein 5A,GCST90426820,2e7dc85cea7e389247905a17f006c48f
X6909.40,6909-40,Q10469,MGAT2,"Alpha-1,6-mannosyl-glycoprotein 2-beta-N-acetylglucosaminyltransferase",GCST90426821,67af5545a4446b2610a353d2fde0db19
X6911.103,6911-103,Q6EIG7,CLEC6A,C-type lectin domain family 6 member A,GCST90426822,d796c9178e8e7c3a1df1393c35e5eb2f
X6912.6,6912-6,Q86XE3,MICU3,"Calcium uptake protein 3, mitochondrial",GCST90426823,c5056a271584f2352615a99520cda934
X6913.189,6913-189,P26583,HMGB2,High mobility group protein B2,GCST90426824,87557d187374ae7ec8ce75e82347c12d
X6914.15,6914-15,Q86SJ2,AMIGO2,Amphoterin-induced protein 2,GCST90426825,04205f3c940573cb15d4a2dddcdc71a7
X6915.2,6915-2,Q6UWJ8,CD164L2,CD164 sialomucin-like 2 protein,GCST90426826,6ae643c155fb24bcd2099d935ae605f4
X6917.49,6917-49,Q9BY71,LRRC3,Leucine-rich repeat-containing protein 3,GCST90426827,7dfeff5750c92b6ffca6a8925e854991
X6918.183,6918-183,P06307,CCK,Cholecystokinin,GCST90426828,220539ad3aed6607fdd208a325c1c42f
X6919.3,6919-3,P02008,HBZ,Hemoglobin subunit zeta,GCST90426829,57f491d7d13527bc17502fb9947cdd2e
X6920.1,6920-1,Q6UXV0,GFRAL,GDNF family receptor alpha-like,GCST90426830,e9cedbae795ad2d7f7b7ce842de69cc2
X6921.24,6921-24,O60512,B4GALT3,"Beta-1,4-galactosyltransferase 3",GCST90426831,fc8f14db4b894d20f98f997cb28e7602
X6923.1,6923-1,O00469,PLOD2,"Procollagen-lysine,2-oxoglutarate 5-dioxygenase 2",GCST90426832,e663417bb0be3876b06086e5e7a712e7
X6925.26,6925-26,Q9Y5X2,SNX8,Sorting nexin-8,GCST90426833,a6b84d2b869fdee17426b5bc6ae45eb4
X6927.7,6927-7,P52848,NDST1,Bifunctional heparan sulfate N-deacetylase/N-sulfotransferase 1,GCST90426834,99042bad668c41119c470c1e51a6fbf3
X6929.10,6929-10,O43173,ST8SIA3,"Sia-alpha-2,3-Gal-beta-1,4-GlcNAc-R:alpha 2,8-sialyltransferase",GCST90426835,b29b5184568db1d3ffb6430118bbaf60
X6930.95,6930-95,P61647,ST8SIA6,"Alpha-2,8-sialyltransferase 8F",GCST90426836,84b3f33831d8a3f6805ede51ede820ea
X6931.10,6931-10,P78358,CTAG1A,Cancer/testis antigen 1,GCST90426837,dcc7a50fbaf20d11e4d60b51647c2543
X6932.42,6932-42,P08648,ITGA5,Integrin alpha-5,GCST90426838,f6fbfe41ecf998f8825e6a917d891d0a
X6933.20,6933-20,Q9BQ48,MRPL34,"39S ribosomal protein L34, mitochondrial",GCST90426839,fd9e5c8ccc597a59058ed08f799006ad
X6935.123,6935-123,Q13145,BAMBI,BMP and activin membrane-bound inhibitor homolog:Cytoplasmic domain,GCST90426840,af936f7b6a298dc5e5d01adf564de294
X6936.7,6936-7,Q969W9,PMEPA1,Protein TMEPAI,GCST90426841,7ef35bbb05daf669d9818fd2adb2c9cc
X6937.251,6937-251,Q9BWL3,C1orf43,Uncharacterized protein C1orf43,GCST90426842,c91abeae041af3c9a81f55571a22ea6a
X6938.21,6938-21,O60330,PCDHGA12,Protocadherin gamma-A12,GCST90426843,57f2cdc1cb8c8c27782bf0be77bd3d4f
X6940.18,6940-18,Q9HDC5,JPH1,Junctophilin-1,GCST90426844,0b7873438947b53c20db3b683ff2ee41
X6941.11,6941-11,Q8NBK3,SUMF1,Sulfatase-modifying factor 1,GCST90426845,1325a4804422f42448368402601e92fd
X6947.4,6947-4,Q9Y274,ST3GAL6,"Type 2 lactosamine alpha-2,3-sialyltransferase",GCST90426846,84afe4f5c194649a4dfa394bb4cac984
X6948.82,6948-82,Q92562,FIG4,Polyphosphoinositide phosphatase,GCST90426847,38af1588b4d02fd0d687638a1dd32b43
X6951.26,6951-26,Q96FT7,ASIC4,Acid-sensing ion channel 4,GCST90426848,c3c04883b7dd14ddc9979069f226f0f7
X6955.68,6955-68,Q13596,SNX1,Sorting nexin-1,GCST90426849,5ba2a49d1658d5a31e7b57b08491dd68
X6957.14,6957-14,P54317,PNLIPRP2,Pancreatic lipase-related protein 2,GCST90426850,69652a866f56deeb229a8bd64bb77364
X6961.14,6961-14,Q6UXB1,IGFL3,Insulin growth factor-like family member 3,GCST90426851,01d8d1553329ee1093d083cf7a80f770
X6962.5,6962-5,P79483,HLA-DRB3,"HLA class II histocompatibility antigen, DR beta 3 chain",GCST90426852,75417e638f72955f8968177a86f16e27
X6965.19,6965-19,Q9UHC6,CNTNAP2,Contactin-associated protein-like 2,GCST90426853,fe9de92f2c830005ab763ba79de4877d
X6966.144,6966-144,P61266,STX1B,Syntaxin-1B,GCST90426854,4c796f772e959c127da004b0eef72180
X6969.14,6969-14,Q8TCV5,WFDC5,WAP four-disulfide core domain protein 5,GCST90426855,fd4fa644e785c1d8cf9a5744c0be681a
X6973.111,6973-111,P01344,IGF2,"Insulin-like growth factor II:Isoform 3, Pro-form",GCST90426856,cffe5fe499f0cbe965b1d29009eb11e0
X6974.6,6974-6,P04233,CD74,HLA class II histocompatibility antigen gamma chain,GCST90426857,e107a030c23c7740ae5df527d82b5197
X6975.52,6975-52,O95295,SNAPIN,SNARE-associated protein Snapin,GCST90426858,421c50becab7ad5d4a2b211b6d01709c
X6984.6,6984-6,Q969P0,IGSF8,Immunoglobulin superfamily member 8,GCST90426859,ae468879c5ac2a31af10b7861e5b3101
X6986.17,6986-17,Q9Y662,HS3ST3B1,Heparan sulfate glucosamine 3-O-sulfotransferase 3B1,GCST90426860,ee79241667f9c734a30d52a0d57e5a09
X6990.44,6990-44,Q9HCN8,SDF2L1,Stromal cell-derived factor 2-like protein 1,GCST90426861,75ba4b0b971e9baa59196fd7abdd65bb
X6991.24,6991-24,Q9Y231,FUT9,"Alpha-(1,3)-fucosyltransferase 9",GCST90426862,415863d5b6067e73c05e4b7ec528ea53
X6992.67,6992-67,P02042,HBD,Hemoglobin subunit delta,GCST90426863,bfcf10671d6456dd317d4010e74e2a4d
X6993.8,6993-8,P21589,NT5E,5'-Nucleotidase,GCST90426864,6cb9195b572777c2766ef87ca1cef7ba
X6994.19,6994-19,Q9UK00,C3orf18,Uncharacterized protein C3orf18,GCST90426865,a9e30b27ab504b42004b143c9742556c
X6997.32,6997-32,Q9ULW5,RAB26,Ras-related protein Rab-26,GCST90426866,8f20dff1a138a68b67ab18a1b9934b30
X6998.106,6998-106,Q12797,ASPH,Aspartyl/asparaginyl beta-hydroxylase,GCST90426867,7b459726b9d4b35a22a6e062e2c87f9b
X7002.1,7002-1,Q9BRK3,MXRA8,Matrix-remodeling-associated protein 8:Cytoplasmic domain,GCST90426868,485fbb2653d0b3bfd6f448a2f1dc83f4
X7003.4,7003-4,Q86SR1,GALNT10,Polypeptide N-acetylgalactosaminyltransferase 10,GCST90426869,afc9b9814b1e1f271d0cac1febd7aeb0
X7006.4,7006-4,Q9BXS0,COL25A1,Collagen alpha-1(XXV) chain,GCST90426870,b8099fcc0141532788880a6b5d7738a4
X7007.24,7007-24,Q9Y296,TRAPPC4,Trafficking protein particle complex subunit 4,GCST90426871,7e2e7fcf09ea19abdf871a60fc80aabe
X7008.13,7008-13,P58658,EVA1C,Protein eva-1 homolog C:Cytoplasmic domain,GCST90426872,b592aa576bf8d47b594ff276d091a24d
X7009.6,7009-6,P21854,CD72,B-cell differentiation antigen CD72,GCST90426873,b1888298dc103b8486bf7c8637dbc48f
X7009.8,7009-8,P21854,CD72,B-cell differentiation antigen CD72,GCST90426874,a8bbbcd07ba959ed4bc174813b07b1cf
X7012.35,7012-35,O95498,VNN2,Vascular non-inflammatory molecule 2,GCST90426875,991efd8a319cae5d108c575884340781
X7015.8,7015-8,O75023,LILRB5,Leukocyte immunoglobulin-like receptor subfamily B member 5,GCST90426876,4b52c64b6c3616bdaf9d39d17e4b1d1d
X7016.12,7016-12,Q02742,GCNT1,"Beta-1,3-galactosyl-O-glycosyl-glycoprotein beta-1,6-N-acetylglucosaminyltransferase",GCST90426877,890117c16ff686d72154616830c4433e
X7018.10,7018-10,Q9UJK0,TSR3,Ribosome biogenesis protein TSR3 homolog,GCST90426878,251158bee47f621e74774780508b3c4c
X7019.13,7019-13,O75326,SEMA7A,Semaphorin-7A,GCST90426879,82bcac483661f3c5a860d0a544f9549f
X7020.13,7020-13,Q9GZS9,CHST5,Carbohydrate sulfotransferase 5,GCST90426880,6a442b1e429f1ed0cd99796504043704
X7038.45,7038-45,Q92187,ST8SIA4,"CMP-N-acetylneuraminate-poly-alpha-2,8-sialyltransferase",GCST90426881,42754ecfa099e1d0195bd7f67b09c376
X7045.4,7045-4,Q12983,BNIP3,BCL2/adenovirus E1B 19 kDa protein-interacting protein 3,GCST90426882,0748a102c114ee0fc226ff87b6640a47
X7046.6,7046-6,Q96LM9,C20orf173,Uncharacterized protein C20orf173,GCST90426883,8edd197a6ba264f2c627aaaa9efa09ce
X7048.4,7048-4,Q7Z692,CEACAM19,Carcinoembryonic antigen-related cell adhesion molecule 19,GCST90426884,2f6b9f0c94503a307a10374b371494ec
X7049.2,7049-2,O75077,ADAM23,Disintegrin and metalloproteinase domain-containing protein 23,GCST90426885,ea54fd6cf6f7a3e49aa7a412e998dfe2
X7050.5,7050-5,Q7Z3B1,NEGR1,Neuronal growth regulator 1,GCST90426886,3d6901bf94d672727ad419020c52b5eb
X7054.87,7054-87,Q9UHP7,CLEC2D,C-type lectin domain family 2 member D,GCST90426887,2c2bc3a2fb42ffb2fda5fedbd960e54c
X7056.16,7056-16,P08195,SLC3A2,4F2 cell-surface antigen heavy chain:Extracellular domain,GCST90426888,c8ebf2325747e4ccce5fa341ca200ea4
X7059.14,7059-14,Q6PI73,LILRA6,Leukocyte immunoglobulin-like receptor subfamily A member 6,GCST90426889,6e4b9b67ffec89ac0437fee1b7f2e8b7
X7060.2,7060-2,Q96HE7,ERO1A,ERO1-like protein alpha,GCST90426890,62b63652d0b64046e3605823a6c3bc15
X7064.2,7064-2,Q9BV40,VAMP8,Vesicle-associated membrane protein 8,GCST90426891,a8dba554d87308ff207b3c25026107ef
X7065.1,7065-1,O95866,MPIG6B,"Protein G6b:Isoform A, Extracellular domain",GCST90426892,667ef84114a21f32c2942b6faeed087c
X7066.199,7066-199,Q5JX69,FAM209B,Protein FAM209B,GCST90426893,5f86585bb10339883d7da1e65d626e6d
X7069.9,7069-9,Q96NA8,TSNARE1,t-SNARE domain-containing protein 1,GCST90426894,186ba030fa6bf76e38f9c0d13a77ce5f
X7070.25,7070-25,P23276,KEL,Kell blood group glycoprotein,GCST90426895,5b5d03831c67c5cff01feabf91a8666f
X7071.23,7071-23,Q9UKM7,MAN1B1,"Endoplasmic reticulum mannosyl-oligosaccharide 1,2-alpha-mannosidase",GCST90426896,26aebcef3cc8524e7e5498245a028782
X7073.69,7073-69,Q8WYQ4,C22orf15,Uncharacterized protein C22orf15,GCST90426897,c440c0fff328352d38d46208acd40952
X7076.17,7076-17,O95672,ECEL1,Endothelin-converting enzyme-like 1,GCST90426898,aeddb001f8a0089b1a560181eeadf145
X7082.2,7082-2,Q6ZMB0,B3GNT6,"UDP-GlcNAc:betaGal beta-1,3-N-acetylglucosaminyltransferase 6",GCST90426899,fbd00eb5f0742cfc655ae3890951571a
X7083.74,7083-74,O95460,MATN4,Matrilin-4,GCST90426900,82f708e863049462070de44d31c7db28
X7084.1,7084-1,Q8NBI3,DRAXIN,Draxin,GCST90426901,0affc4b974acac351b8eb0dd22567c68
X7085.81,7085-81,Q15517,CDSN,Corneodesmosin,GCST90426902,0e833220cffadc2905d6693cb254576e
X7089.42,7089-42,Q9BT88,SYT11,Synaptotagmin-11,GCST90426903,5f5efd76a0adb4c924a6e2e50c9253dc
X7090.17,7090-17,Q10472,GALNT1,Polypeptide N-acetylgalactosaminyltransferase 1,GCST90426904,d5c0996466e67cb55111d30b2388d5ad
X7092.7,7092-7,Q8N807,PDILT,Protein disulfide-isomerase-like protein of the testis,GCST90426905,b5a8bab858c0435d49f421d28b449cc2
X7096.30,7096-30,Q96DB5,RMDN1,Regulator of microtubule dynamics protein 1,GCST90426906,96734de7cff3fea33cfcb2dec2815d7b
X7097.8,7097-8,Q9Y6F8,CDY1,Testis-specific chromodomain protein Y 1,GCST90426907,51d28193108589bb09b9c2a2257c020f
X7099.33,7099-33,Q8N475,FSTL5,Follistatin-related protein 5,GCST90426908,defa79409a20cae6be149814abff8c16
X7100.31,7100-31,P06729,CD2,T-cell surface antigen CD2,GCST90426909,c720d937b6bafea9dd3be3d089bab915
X7104.71,7104-71,Q86V35,CABP7,Calcium-binding protein 7,GCST90426910,f41a37a773e4ed8891cd08bb29e5f835
X7105.7,7105-7,Q9BTV7,CABLES2,CDK5 and ABL1 enzyme substrate 2,GCST90426911,dd69e05cb883d929c085f7d7612e1dcd
X7106.37,7106-37,Q86WS3,OOSP2,Oocyte-secreted protein 2,GCST90426912,7b9650e4fd2e939bc077cb03b31a263a
X7108.7,7108-7,O75264,SMIM24,Small integral membrane protein 24,GCST90426913,23c0ce893c0abe717d8033570019ac21
X7110.2,7110-2,Q9UBS4,DNAJB11,DnaJ homolog subfamily B member 11,GCST90426914,91af3adc8f211c06ffcae501ad2062c0
X7113.1,7113-1,Q9HAV7,GRPEL1,"GrpE protein homolog 1, mitochondrial",GCST90426915,419aaf2e9b80217947a213e49120bcc4
X7115.5,7115-5,P04279,SEMG1,Semenogelin-1,GCST90426916,14fe9b13c7c665aa4198b50b60b44847
X7116.31,7116-31,Q8IYS5,OSCAR,Osteoclast-associated immunoglobulin-like receptor,GCST90426917,c1c6f4f04c799cf264fa7b1146880b5e
X7117.21,7117-21,O75830,SERPINI2,Serpin I2,GCST90426918,ce31e38f3b3c49eabf63445e108bdf23
X7118.24,7118-24,Q8IVU1,IGDCC3,Immunoglobulin superfamily DCC subclass member 3:Extracellular domain,GCST90426919,9794b76642b79ac72e220038d3979981
X7121.2,7121-2,O43581,SYT7,Synaptotagmin-7,GCST90426920,30988445324eae7e29d51cba58aec8e0
X7122.31,7122-31,O75473,LGR5,Leucine-rich repeat-containing G-protein coupled receptor 5,GCST90426921,7fff4a35eca482afeefe6febb9f4ec47
X7123.25,7123-25,Q86TS9,MRPL52,"39S ribosomal protein L52, mitochondrial",GCST90426922,539c0f9e81a67004225982aa369994e9
X7124.18,7124-18,Q9HBE4,IL21,Interleukin-21,GCST90426923,1cafc4beaf64b9e24d6fc9ba0e8baaaa
X7127.3,7127-3,P02652,APOA2,Apolipoprotein A-II,GCST90426924,f2471529749b080be435c3e24f2eea8e
X7128.9,7128-9,Q5GFL6,VWA2,von Willebrand factor A domain-containing protein 2,GCST90426925,a1e5fc5f227f9592aef784c191d19879
X7130.4,7130-4,Q6ISS4,LAIR2,Leukocyte-associated immunoglobulin-like receptor 2,GCST90426926,946dab5d819248d837fe77fadac75f19
X7131.207,7131-207,P24821,TNC,Tenascin,GCST90426927,75a7fd4ff2d1aa78f459104b53955194
X7131.8,7131-8,P11597,CETP,Cholesteryl ester transfer protein,GCST90426928,3b42d052485d08d8932181c044597e87
X7132.55,7132-55,Q86Z23,C1QL4,Complement C1q-like protein 4,GCST90426929,5cb2b5e97c066979178336048c8b683d
X7134.14,7134-14,Q92843,BCL2L2,Bcl-2-like protein 2,GCST90426930,020114dbbc0983499b9f1fc77bde297f
X7136.107,7136-107,P02100,HBE1,Hemoglobin subunit epsilon,GCST90426931,53fefacd91ad6273b3bbc85afef91588
X7137.8,7137-8,Q9UJ68,MSRA,Mitochondrial peptide methionine sulfoxide reductase,GCST90426932,af8b8b50b25bf9e410b7140517499492
X7139.14,7139-14,Q8IW52,SLITRK4,SLIT and NTRK-like protein 4,GCST90426933,af86841485395227c7edd74cee0eaa44
X7140.1,7140-1,P08217,CELA2A,Chymotrypsin-like elastase family member 2A,GCST90426934,fe487020a5fae4c34333d9354c324d33
X7141.21,7141-21,Q9UQ53,MGAT4B,"Alpha-1,3-mannosyl-glycoprotein 4-beta-N-acetylglucosaminyltransferase B",GCST90426935,1c9a6a9d325f9b80a4c39d91a60cc860
X7142.5,7142-5,P15169,CPN1,Carboxypeptidase N catalytic chain,GCST90426936,ca75c95d496b72d9400adccc4248d413
X7143.9,7143-9,Q8NFS9,Q8NFS9,"N-acetyllactosaminide beta-1,6-N-acetylglucosaminyl-transferase, isoform C",GCST90426937,362d954d3a1a5e67599a0e5e7db88593
X7144.234,7144-234,Q96I82,KAZALD1,Kazal-type serine protease inhibitor domain-containing protein 1,GCST90426938,b3c33e9b90c0bb6552cf33c4c92ec884
X7145.1,7145-1,Q06033,ITIH3,Inter-alpha-trypsin inhibitor heavy chain H3,GCST90426939,69a15a8cc01324aca3c36af47dab66a0
X7146.16,7146-16,P13667,PDIA4,Protein disulfide-isomerase A4,GCST90426940,8c5e5d3b4f6a7a31585b060e54896775
X7146.5,7146-5,P13667,PDIA4,Protein disulfide-isomerase A4,GCST90426941,5dfb46d5243bbdef45dd02b5bd5eef13
X7147.35,7147-35,Q8IUA0,WFDC8,WAP four-disulfide core domain protein 8,GCST90426942,ca2f74ac33cd44287f5ae3986e35130d
X7148.42,7148-42,Q9BQD7,ANTKMT,Protein FAM173A,GCST90426943,e59e215d2d68ce2b39d39d42a24a4cf6
X7152.5,7152-5,Q8TDQ0,HAVCR2,Hepatitis A virus cellular receptor 2,GCST90426944,53a67c7f82873cc33b4640eb2a486208
X7153.66,7153-66,Q9NPE2,NGRN,Neugrin,GCST90426945,4742f5ae8c8cd9bb930c695c0208a8ef
X7155.46,7155-46,P20851,C4BPB,C4b-binding protein beta chain,GCST90426946,6085bb1676e750da814f703767972bfe
X7156.2,7156-2,Q6P4F1,FUT10,"Alpha-(1,3)-fucosyltransferase 10",GCST90426947,284f43dce238fb5b86696ae67e071d6c
X7161.25,7161-25,O95479,H6PD,GDH/6PGL endoplasmic bifunctional protein,GCST90426948,5028b0a772782dad3992a0107857c536
X7167.102,7167-102,Q9P0L0,VAPA,Vesicle-associated membrane protein-associated protein A,GCST90426949,14ca444ae1c75811549ecf6bbb390b50
X7173.141,7173-141,Q8N3T6,TMEM132C,Transmembrane protein 132C:Extracellular domain,GCST90426950,e02ad83dfda501100ebcd93e3ffbebd7
X7174.15,7174-15,P28907,CD38,ADP-ribosyl cyclase/cyclic ADP-ribose hydrolase 1,GCST90426951,1fce15ce946fd2c73ad15d6fb81c68b9
X7175.4,7175-4,Q9Y5H1,PCDHGA2,Protocadherin gamma-A2,GCST90426952,9ce74a812e74d764a7b4f258def8290a
X7178.59,7178-59,Q9NTK1,DEPP1,Protein DEPP,GCST90426953,30702b5fbf01d989b11332788f8664de
X7179.69,7179-69,O94856,NFASC,Neurofascin,GCST90426954,47d8f5885c46c3c00ad97ca883a5d61e
X7180.114,7180-114,P01570,IFNA14,Interferon alpha-14,GCST90426955,7429ac8901246ffe367f65f4e8961d88
X7181.17,7181-17,O95292,VAPB,Vesicle-associated membrane protein-associated protein B/C,GCST90426956,13272b9b3b0a9ed13bf928f6cf46b3e6
X7182.1,7182-1,P23141,CES1,Liver carboxylesterase 1,GCST90426957,1bb2354359ff0e8da6d84975faea28ef
X7183.102,7183-102,Q6UXH0,ANGPTL8,Angiopoietin-like protein 8,GCST90426958,bec937fe969a9b14136c6a5a74d153e8
X7184.13,7184-13,Q14002,CEACAM7,Carcinoembryonic antigen-related cell adhesion molecule 7,GCST90426959,446af05761f0ac1973fc03e026965869
X7185.29,7185-29,P40197,GP5,Platelet glycoprotein V,GCST90426960,b1a3495ce2c6f12bff24cd24349d8147
X7186.111,7186-111,Q13277,STX3,Syntaxin-3,GCST90426961,b8f65aa816cc89985bb3355daf9ba6d8
X7187.3,7187-3,Q5SGD2,PPM1L,Protein phosphatase 1L,GCST90426962,9d40961302399220fb8bd0e32d619837
X7189.55,7189-55,Q7LGC8,CHST3,Carbohydrate sulfotransferase 3,GCST90426963,f0d01c0a699b89fa8623ceaca5b8896e
X7190.50,7190-50,P54764,EPHA4,Ephrin type-A receptor 4,GCST90426964,dd5af383a9bbc88a642707ddce7a7dfc
X7192.37,7192-37,Q8IU57,IFNLR1,Interferon lambda receptor 1,GCST90426965,be4a50d143d178eec5ff4f69fc97b7d1
X7193.98,7193-98,Q9H158,PCDHAC1,Protocadherin alpha-C1,GCST90426966,560f786754c71641a2028096e37d6318
X7194.36,7194-36,Q9Y639,NPTN,Neuroplastin,GCST90426967,a4b6ca6346ac80ece896a6bc68ea4a23
X7195.119,7195-119,Q15375,EPHA7,Ephrin type-A receptor 7,GCST90426968,7c5297c42d36505b0e771d3f8d7b6c89
X7196.21,7196-21,P05000,IFNW1,Interferon omega-1,GCST90426969,51752cfdff7640d37e91ef94f10efe0f
X7197.2,7197-2,Q9Y5T4,DNAJC15,DnaJ homolog subfamily C member 15,GCST90426970,4c00292e0134137013cfe720cfdd9cbe
X7198.197,7198-197,O75063,FAM20B,Glycosaminoglycan xylosylkinase,GCST90426971,4bad78a484127f406b69c56c6dc4d87a
X7199.3,7199-3,O14994,SYN3,Synapsin-3,GCST90426972,d6247435f954429362c3876c4d240d31
X7200.4,7200-4,Q9ULH4,LRFN2,Leucine-rich repeat and fibronectin type-III domain-containing protein 2,GCST90426973,94a294c6128cc6a9a668a8a9afa94b29
X7201.5,7201-5,Q9H1K1,ISCU,"Iron-sulfur cluster assembly enzyme ISCU, mitochondrial",GCST90426974,804337e92727841da93137b2f249c71c
X7202.107,7202-107,Q9H3T2,SEMA6C,Semaphorin-6C,GCST90426975,e20c79f29e03629d5b12a4c87f57aee8
X7203.125,7203-125,Q9Y644,RFNG,"Beta-1,3-N-acetylglucosaminyltransferase radical fringe",GCST90426976,fea4fb68a32f78ed0046a89c9e2912b8
X7204.1,7204-1,Q3KPI0,CEACAM21,Carcinoembryonic antigen-related cell adhesion molecule 21,GCST90426977,221887a0b5502b4ca3ab53404893766d
X7206.20,7206-20,P09467,FBP1,"Fructose-1,6-bisphosphatase 1",GCST90426978,449d8c0220cfeef1b835adef450430e9
X7207.4,7207-4,Q13123,IK,Protein Red,GCST90426979,8f917e8d422485a2b2e3ea5e4f0ba3e7
X7208.60,7208-60,Q9UBM8,MGAT4C,"Alpha-1,3-mannosyl-glycoprotein 4-beta-N-acetylglucosaminyltransferase C",GCST90426980,31b7cc888a8b115d6a2371c27f193a61
X7210.25,7210-25,P51693,APLP1,Amyloid-like protein 1,GCST90426981,21be5ba540a0e7ec052661cd1cc937f6
X7211.2,7211-2,P07998,RNASE1,Ribonuclease pancreatic,GCST90426982,dedef4dfe5d77a1450fcb8385c1007e4
X7215.18,7215-18,P00387,CYB5R3,NADH-cytochrome b5 reductase 3,GCST90426983,0d3e56a582165abbc375c2ed1826ebbb
X7218.87,7218-87,P14415,ATP1B2,Sodium/potassium-transporting ATPase subunit beta-2,GCST90426984,3a824e937b5b0bfa2a955bfb416be902
X7219.152,7219-152,P0DMV8,HSPA1A,Heat shock 70 kDa protein 1A,GCST90426985,9f3821bf23f023f20c62aaf3ca26fc74
X7221.56,7221-56,Q07065,CKAP4,Cytoskeleton-associated protein 4,GCST90426986,100097305758a0b62490bc63903d6d12
X7223.60,7223-60,Q99584,S100A13,Protein S100-A13,GCST90426987,97e373ead32d7d367a1e7f2be91209a4
X7224.11,7224-11,Q6PIZ9,TRAT1,T-cell receptor-associated transmembrane adapter 1,GCST90426988,949adf3ca613fd88bd12b14333ed35aa
X7225.51,7225-51,Q8N4V1,MMGT1,Membrane magnesium transporter 1,GCST90426989,88c47843a0a9e5ac3041ea17b3fbf61d
X7227.75,7227-75,O43405,COCH,Cochlin,GCST90426990,f22850f23d71f096a30d93d400d64d74
X7228.2,7228-2,Q969X2,ST6GALNAC6,"Alpha-N-acetylgalactosaminide alpha-2,6-sialyltransferase 6",GCST90426991,2780f4e23f409bef3eaf764c924195ec
X7231.37,7231-37,Q6ZMR5,TMPRSS11A,Transmembrane protease serine 11A,GCST90426992,cd8dce952c8d08b5abc9610bedaddf92
X7233.73,7233-73,O15547,P2RX6,P2X purinoceptor 6,GCST90426993,0d3f430fa01e56c6fc96dba128e034ad
X7234.12,7234-12,Q8IYK4,COLGALT2,Procollagen galactosyltransferase 2,GCST90426994,9625318f088f10b6b5538e03b2b54eb9
X7239.9,7239-9,P09488,GSTM1,Glutathione S-transferase Mu 1,GCST90426995,ac71a1e7c7dd2a97e96f54d8070bce43
X7240.2,7240-2,Q14703,MBTPS1,Membrane-bound transcription factor site-1 protease,GCST90426996,1783be94b182e67289d020fcf1bca81b
X7241.12,7241-12,P20963,CD247,T-cell surface glycoprotein CD3 zeta chain,GCST90426997,9b4991118e76e52b83ac6fd0491e51c1
X7242.14,7242-14,Q8IW00,VSTM4,V-set and transmembrane domain-containing protein 4,GCST90426998,3ba44cee5dcccc83b831de6a15d9029e
X7243.8,7243-8,P01574,IFNB1,Interferon beta,GCST90426999,d16e97723ce80b1b6fe92dadd8058fe1
X7244.16,7244-16,Q9H665,IGFLR1,IGF-like family receptor 1,GCST90427000,89fd33f25b3b0a57d637ba69ea279688
X7245.2,7245-2,O95319,CELF2,CUGBP Elav-like family member 2,GCST90427001,eccff47325618801eaf5da8f19c525a2
X7246.4,7246-4,Q5SZK8,FREM2,FRAS1-related extracellular matrix protein 2,GCST90427002,2810fc5a43f240487c1be2a973335603
X7247.1,7247-1,Q5T7V8,GORAB,RAB6-interacting golgin,GCST90427003,93e4b8116462041c5edb5353f33b6fd8
X7249.307,7249-307,Q9HD36,BCL2L10,Bcl-2-like protein 10,GCST90427004,9cbb331f323b58d63e03dbced53d20ef
X7249.37,7249-37,Q9HD36,BCL2L10,Bcl-2-like protein 10,GCST90427005,aa9a9986236b40ad14886fccc7cc10b2
X7251.64,7251-64,Q9BXJ4,C1QTNF3,Complement C1q tumor necrosis factor-related protein 3,GCST90427006,6505a9201008a02ade73a9a01ae29cc6
X7253.6,7253-6,Q96PU8,QKI,Protein quaking,GCST90427007,2b0fef8eaef6b0ebeb53afbd0038e5fd
X7257.18,7257-18,Q96A98,PTH2,Tuberoinfundibular peptide of 39 residues,GCST90427008,feb2cd992cadcf41899e60be87b3d76a
X7258.5,7258-5,P13727,PRG2,Bone marrow proteoglycan,GCST90427009,abc81b6576f6df8e0aee80415aab0812
X7262.191,7262-191,Q8NCH0,CHST14,Carbohydrate sulfotransferase 14,GCST90427010,e92487d724299ca26fe098caaa3db574
X7265.32,7265-32,P61366,OSTN,Osteocrin,GCST90427011,41143d2b752e02a333ce652b4328a3aa
X7266.4,7266-4,Q86WD7,SERPINA9,Serpin A9,GCST90427012,1d017ef597715365c5c708135cc171f7
X7267.2,7267-2,O15270,SPTLC2,Serine palmitoyltransferase 2,GCST90427013,e8754fb5e1b372489a5b71caec9b3c58
X7268.12,7268-12,P05014,IFNA4,Interferon alpha-4,GCST90427014,6aecda2a304da4684fc994751ce11e2e
X7551.33,7551-33,Q14392,LRRC32,Leucine-rich repeat-containing protein 32,GCST90427015,0fe30df162ba1f818e02e581cb79887b
X7624.19,7624-19,Q01484,ANK2,Ankyrin-2,GCST90427016,4f7bf386ec4e159c0065e0a6533e30bd
X7625.27,7625-27,P27348,YWHAQ,14-3-3 protein theta,GCST90427017,91e520a7b3da77a32ef5b440335196ff
X7628.40,7628-40,Q96HD1,CRELD1,Cysteine-rich with EGF-like domain protein 1,GCST90427018,9234c64afa28f13c0eb6c00d0479888b
X7638.30,7638-30,Q12907,LMAN2,Vesicular integral-membrane protein VIP36,GCST90427019,ca82d91e6fb8f5af3cd629394e97e3e0
X7648.9,7648-9,Q00872,MYBPC1,"Myosin-binding protein C, slow-type",GCST90427020,2a8dec3ae1858a1d33f7fa3697c265df
X7655.11,7655-11,P16860,NPPB,N-terminal pro-BNP,GCST90427021,075a90d28986d9d4df180195438b951d
X7660.21,7660-21,P67936,TPM4,Tropomyosin alpha-4 chain,GCST90427022,5ab8b6892b3a18385f62ff9a6a20a70f
X7693.13,7693-13,O14763,TNFRSF10B,Tumor necrosis factor receptor superfamily member 10B,GCST90427023,03bbd874c2a88554aa6ec9c3ef70a36a
X7695.106,7695-106,Q13501,SQSTM1,Sequestosome-1,GCST90427024,dadb2e213bda0b37383e9bbf1372fc26
X7696.3,7696-3,Q14596,NBR1,Next to BRCA1 gene 1 protein,GCST90427025,0aabc940e6ce5f7343180acf5a122408
X7713.102,7713-102,Q06787,FMR1,Fragile X mental retardation protein 1,GCST90427026,87d487bbf04f45697a91fc2a7ed012d8
X7713.50,7713-50,Q06787,FMR1,Fragile X mental retardation protein 1,GCST90427027,dac345a77d48af228728ac53158f9dd7
X7717.95,7717-95,P13569,CFTR,Cystic fibrosis transmembrane conductance regulator,GCST90427028,5930d9d6a47c268e01835a0bb53da792
X7721.81,7721-81,Q06787,FMR1,Fragile X mental retardation protein 1,GCST90427029,cf9bd8716edbfedeb9d8fa16d278e1d6
X7732.45,7732-45,O75379,VAMP4,Vesicle-associated membrane protein 4,GCST90427030,dfe95007b701a24dfb3204c6addc5d84
X7735.17,7735-17,P36955,SERPINF1,Pigment epithelium-derived factor,GCST90427031,db4c0e9b09722f297625a67f3396b7f7
X7736.28,7736-28,Q96PE5,OPALIN,Opalin,GCST90427032,4bc6f0cda009f86473852015a6923dad
X7737.76,7737-76,P18564,ITGB6,Integrin beta-6,GCST90427033,65d715cfcceed38c786e05fa6ea9a66a
X7738.299,7738-299,P32856,STX2,Syntaxin-2,GCST90427034,802b6c5409adb506e30a328db468f333
X7740.33,7740-33,Q969F0,FATE1,Fetal and adult testis-expressed transcript protein,GCST90427035,b12867bcd7e833047aa28d10b1f10547
X7741.111,7741-111,Q92541,RTF1,RNA polymerase-associated protein RTF1 homolog,GCST90427036,e42bc10d566dca69ea141d4191bf42a3
X7742.11,7742-11,Q8N7C7,RNF148,RING finger protein 148:region 1,GCST90427037,98bf99f8d9d5e89fe5429f0cba0efed1
X7743.5,7743-5,Q3ZCQ8,TIMM50,Mitochondrial import inner membrane translocase subunit TIM50,GCST90427038,b82c397ad8c2050d5e3390f4fd30d41e
X7744.10,7744-10,Q9Y561,LRP12,Low-density lipoprotein receptor-related protein 12,GCST90427039,00114bb0733d7a2316b0faeb83c578e9
X7745.3,7745-3,Q9NZ45,CISD1,CDGSH iron-sulfur domain-containing protein 1,GCST90427040,f1c5c09ae160ec84470e1683c08fd88c
X7747.47,7747-47,Q9NX14,NDUFB11,"NADH dehydrogenase [ubiquinone] 1 beta subcomplex subunit 11, mitochondrial",GCST90427041,2c16b3bf41317f4f1880c595c8f8610b
X7748.11,7748-11,P19404,NDUFV2,"NADH dehydrogenase [ubiquinone] flavoprotein 2, mitochondrial",GCST90427042,f7c631f702401070da18f624bd8e7f87
X7751.121,7751-121,Q96HF1,SFRP2,Secreted frizzled-related protein 2,GCST90427043,185861fc53dfd94490e5d91fb3a7f577
X7752.31,7752-31,Q8WXI8,CLEC4D,C-type lectin domain family 4 member D,GCST90427044,f781237e56e9a5ff6567276972e444ee
X7753.21,7753-21,Q9BUP3,HTATIP2,Oxidoreductase HTATIP2,GCST90427045,87e6e39ab55d3c19cb23fc02a860fb28
X7754.11,7754-11,P78504,JAG1,Protein jagged-1:Cytoplasmic domain,GCST90427046,de222f6b4facf9754a271baa6e9b328a
X7755.37,7755-37,P18084,ITGB5,Integrin beta-5,GCST90427047,153e67c951d4fcb9feca8a3e991e86a1
X7756.37,7756-37,Q9NZS2,KLRF1,Killer cell lectin-like receptor subfamily F member 1,GCST90427048,1d52c29b1367c3e00a86454420ee4012
X7757.5,7757-5,P01906,HLA-DQA2,"HLA class II histocompatibility antigen, DQ alpha 2 chain",GCST90427049,6842823febfd19c438c97f55373000da
X7758.217,7758-217,Q9Y6U7,RNF215,RING finger protein 215:Extracellular domain,GCST90427050,cf1d1fefda5a6b7efbec4ad0b1f22d28
X7761.125,7761-125,Q9Y259,CHKB,Choline/ethanolamine kinase,GCST90427051,386ee428bf0c888843aa2dc3bf256dd8
X7763.25,7763-25,P55287,CDH11,Cadherin-11:Cytoplasmic domain,GCST90427052,56b711a9e7c9c6d0e2ef117d5f6acb40
X7765.15,7765-15,O43736,ITM2A,Integral membrane protein 2A,GCST90427053,56d98bf9dc4dfd61e0d2e9fa0998f14c
X7766.25,7766-25,Q12836,ZP4,Zona pellucida sperm-binding protein 4,GCST90427054,5497adee56dccb7dc8411d7cc2898112
X7767.1,7767-1,Q6UWE3,CLPSL2,Colipase-like protein 2,GCST90427055,99433f8cba69dad7903182e10aebdfe3
X7768.10,7768-10,P14384,CPM,Carboxypeptidase M,GCST90427056,f215c86eb981533c8d431d7d5b8e2d47
X7769.29,7769-29,P78314,SH3BP2,SH3 domain-binding protein 2,GCST90427057,5b6fb3f5948ec47f34625a0b0b52e25e
X7770.25,7770-25,Q9UMS0,NFU1,"NFU1 iron-sulfur cluster scaffold homolog, mitochondrial",GCST90427058,6b1e94ef0a07c3d09d24915e2305e344
X7773.20,7773-20,P43627,KIR2DL2,Killer cell immunoglobulin-like receptor 2DL2,GCST90427059,096233944f9bb87d661d3d9053f91e14
X7775.15,7775-15,Q9UBX7,KLK11,Kallikrein-11,GCST90427060,6c7222c73de6427698690357ace750ee
X7776.20,7776-20,Q8IZJ1,UNC5B,Netrin receptor UNC5B,GCST90427061,5511ed9d257225ff6aeac024b457566a
X7778.104,7778-104,Q96LW7,CARD19,Caspase recruitment domain-containing protein 19,GCST90427062,7d3fb9d224896ff4b61ecdf72ee949ef
X7779.86,7779-86,Q9NPF2,CHST11,Carbohydrate sulfotransferase 11,GCST90427063,7fef34ae50872bd57ebe8ef8c44a00be
X7780.34,7780-34,Q8WU39,MZB1,Marginal zone B- and B1-cell-specific protein,GCST90427064,3ff91dc66c1283faf821c0b4276ae092
X7782.34,7782-34,P56851,EDDM3B,Epididymal secretory protein E3-beta,GCST90427065,d6f6f1c8878a5f5f8c8d92f6d84b3900
X7784.1,7784-1,P01042,KNG1,Kininogen-1,GCST90427066,be862a4b538b1e3ce072ffa99e9ee651
X7785.1,7785-1,Q15768,EFNB3,Ephrin-B3:Cytoplasmic domain,GCST90427067,d98e73c40beac3e890f944b0c371f4cb
X7786.83,7786-83,Q92478,CLEC2B,C-type lectin domain family 2 member B,GCST90427068,adcf78da187514aa14d63d3acbd130d7
X7787.25,7787-25,A6NI73,LILRA5,Leukocyte immunoglobulin-like receptor subfamily A member 5,GCST90427069,ad8b46b926653c62f447cbee7b4d3b33
X7788.1,7788-1,P18859,ATP5PF,"ATP synthase-coupling factor 6, mitochondrial",GCST90427070,dda247a282e7c9ca05f279dce612bd4d
X7789.182,7789-182,Q13162,PRDX4,Peroxiredoxin-4,GCST90427071,7a96fa0ab7baf78153aa4830e1c93bc0
X7790.21,7790-21,P15018,LIF,Leukemia inhibitory factor,GCST90427072,098463a1ad7a1f1a7c1e83f532348464
X7792.58,7792-58,Q9GZT6,CCDC90B,"Coiled-coil domain-containing protein 90B, mitochondrial",GCST90427073,01b0ece1027541b189c357d220bfc95f
X7795.14,7795-14,Q07444,KLRC3,"NKG2-E type II integral membrane protein:Isoform H, Cytoplasmic domain",GCST90427074,b814f03959a04e0fff492686b8b62179
X7796.10,7796-10,P11912,CD79A,B-cell antigen receptor complex-associated protein alpha chain,GCST90427075,89a3d0339af61e3385efda3718c76ebb
X7797.11,7797-11,Q9P0B6,CCDC167,Coiled-coil domain-containing protein 167,GCST90427076,4af390004c74fbd772eef57de6ce36e1
X7799.3,7799-3,Q8N109,KIR2DL5A,Killer cell immunoglobulin-like receptor 2DL5A,GCST90427077,522a4659164141c89dd5408081151c1e
X7803.4,7803-4,O43916,CHST1,Carbohydrate sulfotransferase 1,GCST90427078,4c807984e7ebd3ae43bf0dcb5763f92c
X7805.52,7805-52,O95249,GOSR1,Golgi SNAP receptor complex member 1,GCST90427079,6d4854c3a6d8d7bc0df3dd2c8e96d0f7
X7806.33,7806-33,Q9UBV7,B4GALT7,"Beta-1,4-galactosyltransferase 7",GCST90427080,1f1bcb6e8809ec54e2c66c41d45e06a4
X7808.5,7808-5,O94923,GLCE,D-glucuronyl C5-epimerase,GCST90427081,0fc595c8cb0222ddb181ddd1545f1be3
X7809.22,7809-22,Q9BWV2,SPATA9,Spermatogenesis-associated protein 9,GCST90427082,96ffa119a35c53f8b06be9f61095524b
X7810.20,7810-20,Q9BXJ0,C1QTNF5,Complement C1q tumor necrosis factor-related protein 5,GCST90427083,16d7a3b976550bc068fe653ae7899a4d
X7812.11,7812-11,P06702,S100A9,Protein S100-A9,GCST90427084,4813fa4318116702c5bf518feb0bdfcb
X7813.6,7813-6,P05187,ALPP,"Alkaline phosphatase, placental type",GCST90427085,284f987ed45c51b30eb47207bc22d201
X7815.49,7815-49,Q8WX77,IGFBPL1,Insulin-like growth factor-binding protein-like 1,GCST90427086,efd2860a6d2f177a8ad2ea7ac5f87be0
X7818.101,7818-101,Q6ZN66,GBP6,Guanylate-binding protein 6,GCST90427087,ad0d1783b338b831141c37a66abfda24
X7821.6,7821-6,Q13901,C1D,Nuclear nucleic acid-binding protein C1D,GCST90427088,488c1696ad939e4c0e997abaecce17b4
X7822.11,7822-11,Q9NWW9,PLAAT2,HRAS-like suppressor 2,GCST90427089,48a69324f3fa58c0dfb03ff1d612d682
X7823.22,7823-22,Q9UJ37,ST6GALNAC2,"Alpha-N-acetylgalactosaminide alpha-2,6-sialyltransferase 2",GCST90427090,bf71a8c9c663cbf25a2ab82e27d1e3e7
X7824.88,7824-88,Q8IXL7,MSRB3,Methionine-R-sulfoxide reductase B3,GCST90427091,d9052b4ffd56a7e0b6afba6a90a90d76
X7825.7,7825-7,Q8N2K0,ABHD12,Monoacylglycerol lipase ABHD12,GCST90427092,073580fa754c1de3d29095cc217dea51
X7826.1,7826-1,Q9C098,DCLK3,Serine/threonine-protein kinase DCLK3,GCST90427093,8079447728e98cbf367f0be79dd0eb82
X7827.20,7827-20,Q8TC27,ADAM32,Disintegrin and metalloproteinase domain-containing protein 32,GCST90427094,5e669cca92780514eb6df719b9106e7b
X7831.39,7831-39,P02753,RBP4,Retinol-binding protein 4,GCST90427095,10fe0754f98b91ed63a0abb81b2cac0b
X7832.181,7832-181,P30101,PDIA3,Protein disulfide-isomerase A3,GCST90427096,00e9b3c6d37bff39b6823931b518620e
X7835.2,7835-2,O60238,BNIP3L,BCL2/adenovirus E1B 19 kDa protein-interacting protein 3-like,GCST90427097,41a697f9cef7344c74d75d548834e033
X7838.27,7838-27,Q99954,SMR3A,Submaxillary gland androgen-regulated protein 3A,GCST90427098,0b06b7e00608f74e46c2a11075c8ed64
X7839.99,7839-99,Q7Z5A8,TAFA3,Protein FAM19A3,GCST90427099,21b15de99b76b5296fbbe129dde274df
X7840.64,7840-64,Q99538,LGMN,Legumain,GCST90427100,6c3329dd1cd7dea5938d62de8ee2d21c
X7841.84,7841-84,Q96AP7,ESAM,Endothelial cell-selective adhesion molecule,GCST90427101,b5f5fc691c39562499917587d1feb27e
X7842.52,7842-52,O75920,SERF1A,Small EDRK-rich factor 1,GCST90427102,77e8f61b76678244e99cca395ac5fc40
X7846.44,7846-44,Q9UQ72,PSG11,Pregnancy-specific beta-1-glycoprotein 11,GCST90427103,e831b29ed960498baa0e61f64a2a6503
X7849.3,7849-3,Q16769,QPCT,Glutaminyl-peptide cyclotransferase,GCST90427104,2a47dc9abd35adb5147f196c49601b6f
X7850.1,7850-1,Q96KJ9,COX4I2,"Cytochrome c oxidase subunit 4 isoform 2, mitochondrial",GCST90427105,7c5f1059560c1df6250a3d4c2050b01b
X7851.30,7851-30,Q86W74,ANKRD46,Ankyrin repeat domain-containing protein 46,GCST90427106,3aec1ac4736fc7498419c7c1a4d65c3c
X7852.9,7852-9,Q9H2K0,MTIF3,"Translation initiation factor IF-3, mitochondrial",GCST90427107,0acd030ea6f7f80e9ef7ca7c57e164b6
X7853.19,7853-19,O75880,SCO1,"Protein SCO1 homolog, mitochondrial",GCST90427108,3cee82d11851fab2c0a67d15599cfd42
X7854.38,7854-38,Q68D85,NCR3LG1,Natural cytotoxicity triggering receptor 3 ligand 1,GCST90427109,8f77bf6b2048f726723020de0ad1f1a6
X7856.51,7856-51,Q8WW52,FAM151A,Protein FAM151A,GCST90427110,99afb6635c4638cf241cf62a02e2fab1
X7857.22,7857-22,P30990,NTS,Neurotensin/neuromedin N,GCST90427111,88ceb0ba43023aed3a4a514af9975970
X7859.21,7859-21,Q9UN70,PCDHGC3,Protocadherin gamma-C3,GCST90427112,3a90c40d1c5ab712df311dd50223fbfa
X7860.9,7860-9,Q5GLZ8,HERC4,Probable E3 ubiquitin-protein ligase HERC4,GCST90427113,a855410dd7cc1829649800dc129b7423
X7861.9,7861-9,Q01974,ROR2,Tyrosine-protein kinase transmembrane receptor ROR2,GCST90427114,8356cd4b8d8e418b2b6d37dea68e1923
X7863.50,7863-50,O00264,PGRMC1,Membrane-associated progesterone receptor component 1,GCST90427115,51b477fb6dfbf1d96d24458e5b48dbaa
X7864.3,7864-3,Q9NYZ4,SIGLEC8,Sialic acid-binding Ig-like lectin 8,GCST90427116,785659d4931f2dd129fbd9fa8fbaa840
X7865.126,7865-126,P53816,PLAAT3,HRAS-like suppressor 3,GCST90427117,35e51b9f8f83dc545d7d930126140e63
X7866.11,7866-11,Q96LL9,DNAJC30,DnaJ homolog subfamily C member 30,GCST90427118,ceccf70d66cb67d9b47d139b3e8d03b0
X7867.154,7867-154,Q9NSC7,ST6GALNAC1,"Alpha-N-acetylgalactosaminide alpha-2,6-sialyltransferase 1",GCST90427119,b94c46e8f40597c3f7a734b5a850ddf4
X7870.8,7870-8,Q96KN2,CNDP1,Beta-Ala-His dipeptidase,GCST90427120,a78f070893063c3c71fbbb9e5410c762
X7871.16,7871-16,Q24JP5,TMEM132A,Transmembrane protein 132A,GCST90427121,7cf011d5b39deaae12ca910aa12ab40e
X7873.32,7873-32,Q96PF2,TSSK2,Testis-specific serine/threonine-protein kinase 2,GCST90427122,41d9af94c34c551c0e50d61e380ad849
X7875.86,7875-86,P08567,PLEK,Pleckstrin,GCST90427123,4e94219b9605f9811318b8e76e8fd56f
X7878.2,7878-2,P60468,SEC61B,Protein transport protein Sec61 subunit beta,GCST90427124,85b7f31bb28636b8f136006f3c093de3
X7879.12,7879-12,P08684,CYP3A4,Cytochrome P450 3A4,GCST90427125,fc94aed07b5c26fcd6c62c3e9cda3313
X7880.9,7880-9,P25786,PSMA1,Proteasome subunit alpha type-1,GCST90427126,3a6ad9178cb47be90b8affcad23ae55a
X7881.244,7881-244,Q8N5Y8,PARP16,Mono [ADP-ribose] polymerase PARP16,GCST90427127,7a9073b509c3f8d7f16c440c5288a95f
X7882.31,7882-31,Q9NQ25,SLAMF7,SLAM family member 7,GCST90427128,33d770fee45111baf4bdfd24d77a0cda
X7885.17,7885-17,Q9BXR6,CFHR5,Complement factor H-related protein 5,GCST90427129,a57e849a4b2b3dccd4c5bc4b157f0bc2
X7886.26,7886-26,O15269,SPTLC1,Serine palmitoyltransferase 1,GCST90427130,3f4a6b69d85665ac27813ce79e45dd0f
X7887.57,7887-57,P10606,COX5B,"Cytochrome c oxidase subunit 5B, mitochondrial",GCST90427131,bcbac9f6152f513ac407812e430ebf90
X7888.58,7888-58,Q9Y2R0,COA3,"Cytochrome c oxidase assembly factor 3 homolog, mitochondrial",GCST90427132,7d1be53c25c7d0e9f324cb9e51333f44
X7890.68,7890-68,Q8N608,DPP10,Inactive dipeptidyl peptidase 10,GCST90427133,bba27cd4d8140e0f7a853fdb9dc061ec
X7891.45,7891-45,P19224,UGT1A6,UDP-glucuronosyltransferase 1-6,GCST90427134,8d3d4702cd517932cd6b166e5fb9f147
X7892.132,7892-132,A2RU67,FAM234B,Protein FAM234B:N-term,GCST90427135,606e64f0b32af178badf86a076ce5fb2
X7893.19,7893-19,P78380,OLR1,Oxidized low-density lipoprotein receptor 1,GCST90427136,606c1298481e7ea4a716d228c80d6d0c
X7894.155,7894-155,P11487,FGF3,Fibroblast growth factor 3,GCST90427137,91014ebd7b45b1e7b8db66efff4415c8
X7895.108,7895-108,Q8TCY5,MRAP,Melanocortin-2 receptor accessory protein,GCST90427138,7d87e0bd610f23c8712838010cd5cf61
X7897.75,7897-75,Q92796,DLG3,Disks large homolog 3,GCST90427139,02b5e4af9b3ceb219910d2cd0c72abd1
X7898.29,7898-29,Q8TC05,MDM1,Nuclear protein MDM1,GCST90427140,f4ee074127d1005b502a4bb9ceafc71f
X7903.18,7903-18,Q15836,VAMP3,Vesicle-associated membrane protein 3,GCST90427141,1e94cac5591be85b9f5684c06ea3b0cf
X7909.37,7909-37,P04278,SHBG,Sex hormone-binding globulin,GCST90427142,77033489ef2ea0c7d6f223ce790becb2
X7910.41,7910-41,Q9P244,LRFN1,Leucine-rich repeat and fibronectin type III domain-containing protein 1,GCST90427143,2f77f93091849171794d1554c374150a
X7911.29,7911-29,Q8IWT1,SCN4B,Sodium channel subunit beta-4,GCST90427144,7bde92a531c6077af005a6bea68f0476
X7915.31,7915-31,Q06481,APLP2,Amyloid-like protein 2,GCST90427145,e06a56fc973a6768459db991804b7436
X7916.10,7916-10,P31151,S100A7,Protein S100-A7,GCST90427146,00e9244751cc003605eef10794f1548f
X7917.17,7917-17,O75976,CPD,Carboxypeptidase D,GCST90427147,358185efbd40ac5e00d5afec54483bac
X7918.114,7918-114,P04745,AMY1A,Alpha-amylase 1,GCST90427148,845de1d643519333782e2458ac72983e
X7919.278,7919-278,Q96BQ1,FAM3D,Protein FAM3D,GCST90427149,0f19918be940ab7448c523003dca80e2
X7920.30,7920-30,Q92186,ST8SIA2,"Alpha-2,8-sialyltransferase 8B",GCST90427150,a69ea56b55f1f752692e2c24000cd32d
X7921.65,7921-65,Q86VR8,FJX1,Four-jointed box protein 1,GCST90427151,3853d905ad06fd54163b6e763d94c6ca
X7922.5,7922-5,P35318,ADM,Adrenomedullin,GCST90427152,6adc6c62af5b93f5ebbeabe5ef4caac0
X7923.41,7923-41,Q9C0C4,SEMA4C,Semaphorin-4C,GCST90427153,996b15393b4b0acfd56b9c9712b6cc0b
X7924.7,7924-7,P09693,CD3G,T-cell surface glycoprotein CD3 gamma chain,GCST90427154,7007a9b92c3c9ef773d7e3e4b5fec70c
X7925.18,7925-18,A6NFE2,SMCO2,Single-pass membrane and coiled-coil domain-containing protein 2,GCST90427155,57a9110acf9ca96dc303a1d9541a3de0
X7926.13,7926-13,P49223,SPINT3,Kunitz-type protease inhibitor 3,GCST90427156,2dc8418e9592e65325858e0694453eb7
X7927.16,7927-16,Q9BVH7,ST6GALNAC5,"Alpha-N-acetylgalactosaminide alpha-2,6-sialyltransferase 5",GCST90427157,bc2981ad70123840cedb3c30e286d09b
X7928.183,7928-183,O60507,TPST1,Protein-tyrosine sulfotransferase 1,GCST90427158,17815a5560852f5156706c6a67ec5ff8
X7930.3,7930-3,Q9Y3B2,EXOSC1,Exosome complex component CSL4,GCST90427159,acd9691df166f23b20583f6efcf97981
X7932.23,7932-23,Q8NBV8,SYT8,Synaptotagmin-8,GCST90427160,63616e7ff9b8bb86f3be51baad01dbe9
X7933.75,7933-75,Q9P0K1,ADAM22,Disintegrin and metalloproteinase domain-containing protein 22,GCST90427161,74bbb27da5a3f9cdb0446752743eeda4
X7934.11,7934-11,Q9ULP0,NDRG4,Protein NDRG4,GCST90427162,ef6e96ab9f8052367a6dfc33a4dcfb4e
X7935.26,7935-26,O95461,LARGE1,Glycosyltransferase-like protein LARGE1,GCST90427163,9c9b9a8c06eeec879212382ef6d534ca
X7939.1,7939-1,A1A4F0,SLC66A1L,Putative uncharacterized protein PQLC2L,GCST90427164,95070e47cd84bc3ef149d5588f6bfeb3
X7943.16,7943-16,Q86UP6,CUZD1,CUB and zona pellucida-like domain-containing protein 1,GCST90427165,26a5031c7ee6b6202fed952ad1df316d
X7944.1,7944-1,Q8N743,KIR3DL3,Killer cell immunoglobulin-like receptor 3DL3:Extracellular domain,GCST90427166,11debfea0dccc78f1b87cf3c147bf7b5
X7945.10,7945-10,Q9H2E6,SEMA6A,Semaphorin-6A,GCST90427167,0fc51c70bd510ebe0359673c3fe40509
X7947.19,7947-19,Q96N21,TEPSIN,AP-4 complex accessory subunit tepsin,GCST90427168,cfe76af88c31f369c0f7d0f5bca58741
X7948.129,7948-129,A6NH11,GLTPD2,Glycolipid transfer protein domain-containing protein 2,GCST90427169,89c29e7c478d023b95e6d41eb5d16933
X7950.142,7950-142,Q6UXG8,BTNL9,Butyrophilin-like protein 9,GCST90427170,d72b1ad6fac811a03ec46d44edd52ede
X7951.146,7951-146,Q96LA5,FCRL2,Fc receptor-like protein 2,GCST90427171,15a4565e960aa1287be24024ce05b06c
X7952.2,7952-2,Q96AJ9,VTI1A,Vesicle transport through interaction with t-SNAREs homolog 1A,GCST90427172,b8f886ab1e585371543ed81e48e9e463
X7953.20,7953-20,Q13291,SLAMF1,Signaling lymphocytic activation molecule,GCST90427173,372212bbcd15800aaf4927f1745903b8
X7955.195,7955-195,P19827,ITIH1,Inter-alpha-trypsin inhibitor heavy chain H1,GCST90427174,98d57a07a246da0f8485344aea98f4be
X7956.11,7956-11,Q5TGZ0,MICOS10,MICOS complex subunit MIC10,GCST90427175,3245c4f3281a3552d41c6d6b61c1c21f
X7957.2,7957-2,Q8WXD2,SCG3,Secretogranin-3,GCST90427176,c5a5775615992ab0c12fb00486a967c6
X7958.15,7958-15,Q6UWL6,KIRREL2,Kin of IRRE-like protein 2,GCST90427177,0b782d5fb8e00aa3f357c5a95285e13d
X7959.34,7959-34,Q9ULB5,CDH7,Cadherin-7,GCST90427178,549f17c177e033f9b32cdb34ff844f3e
X7960.53,7960-53,Q6S5H5,POTEG,POTE ankyrin domain family member G,GCST90427179,caa74532106836e79d71218c94eaee12
X7962.11,7962-11,P0C7L1,SPINK8,Serine protease inhibitor Kazal-type 8,GCST90427180,f7cff7870afd2bb7862743509bb66db7
X7965.25,7965-25,P09105,HBQ1,Hemoglobin subunit theta-1,GCST90427181,6d16c1f8b4a5aad483b8f38a5d97d8b4
X7967.38,7967-38,A6NI47,POTEM,Putative POTE ankyrin domain family member M,GCST90427182,a806b063f9ca0395cae3699c96c59b2c
X7968.15,7968-15,O95727,CRTAM,Cytotoxic and regulatory T-cell molecule,GCST90427183,de2b0f00c6a5af23a9fea8585b312a4c
X7969.163,7969-163,Q8NEX6,WFDC11,Protein WFDC11,GCST90427184,bd0715099958e38c2b4d9e4ae754d3a7
X7970.315,7970-315,Q13508,ART3,Ecto-ADP-ribosyltransferase 3,GCST90427185,985e4d77b2b162452f258d0d6b396f6a
X7975.97,7975-97,Q6ZN44,UNC5A,Netrin receptor UNC5A,GCST90427186,1752db4932c2439dbe1808773381f7e0
X7976.19,7976-19,Q9P0K9,FRRS1L,DOMON domain-containing protein FRRS1L,GCST90427187,d9cf104a3d2a849ebd93d0c9c2d2e86e
X7980.72,7980-72,Q9NY97,B3GNT2,"N-acetyllactosaminide beta-1,3-N-acetylglucosaminyltransferase 2",GCST90427188,d19b3ce7d48a8fb7c2aebaccb1da31da
X7981.230,7981-230,Q96L58,B3GALT6,"Beta-1,3-galactosyltransferase 6",GCST90427189,aedd1f39eee3b042f6db4ad21a9b4454
X7982.10,7982-10,Q9BYC8,MRPL32,"39S ribosomal protein L32, mitochondrial",GCST90427190,3c7a7aabac14286826852e48c351284d
X7983.1,7983-1,Q9Y5F6,PCDHGC5,Protocadherin gamma-C5,GCST90427191,9412b76f3f639c6da9dd9abbc3ae1447
X7986.98,7986-98,Q9Y3Q0,NAALAD2,N-acetylated-alpha-linked acidic dipeptidase 2,GCST90427192,f73d26509ada983886b9644d8fd12421
X7991.54,7991-54,Q8N6M8,IQCF1,IQ domain-containing protein F1,GCST90427193,a9a664bed72946a93488106ea6b49b6a
X7993.23,7993-23,Q6HA08,ASTL,Astacin-like metalloendopeptidase,GCST90427194,10010b613ec2c6e2a425347e1a588f78
X7994.41,7994-41,Q86YB8,ERO1B,ERO1-like protein beta,GCST90427195,7845af0f27e08a61000e84e0b5d6dda6
X7995.16,7995-16,B2RUY7,B2RUY7,von Willebrand factor C domain-containing protein 2-like,GCST90427196,635156841e09465ea32a424549cc6e11
X7997.118,7997-118,Q14184,DOC2B,Double C2-like domain-containing protein beta,GCST90427197,df16f1e68f57ba269db0c328481eb1d7
X7999.23,7999-23,P49961,ENTPD1,Ectonucleoside triphosphate diphosphohydrolase 1,GCST90427198,80e275819c394efc827167a357bed1cc
X8000.17,8000-17,Q8N109,KIR2DL5A,Killer cell immunoglobulin-like receptor 2DL5A,GCST90427199,27afc5245b6d8d5ea92b516f49bca868
X8002.27,8002-27,Q9H3S3,TMPRSS5,Transmembrane protease serine 5,GCST90427200,5ab4d9db961c896119998f40feab30c9
X8003.57,8003-57,Q8N145,LGI3,Leucine-rich repeat LGI family member 3,GCST90427201,178aa90fbd74e59addeed08b3a9fa2e1
X8004.15,8004-15,O14556,GAPDHS,"Glyceraldehyde-3-phosphate dehydrogenase, testis-specific",GCST90427202,ec9563916decd7f99cbae86535a90d7b
X8005.1,8005-1,P84157,MXRA7,Matrix-remodeling-associated protein 7,GCST90427203,70d760807628e5577aa974b9d35a3d2f
X8006.12,8006-12,Q9NXW2,DNAJB12,DnaJ homolog subfamily B member 12,GCST90427204,3006374a5ce5ef0817832f1cd3f49cac
X8007.19,8007-19,P07858,CTSB,Cathepsin B,GCST90427205,e1f681ad29ec2e9a25e62e5927da1c02
X8008.28,8008-28,O00198,HRK,Activator of apoptosis harakiri,GCST90427206,bb45cc9c29cb67c11c741755d3a82308
X8009.121,8009-121,Q15526,SURF1,Surfeit locus protein 1,GCST90427207,a8bf6b0e187d21493482f8b85ad7e24a
X8011.96,8011-96,Q6ZNF0,ACP7,Iron/zinc purple acid phosphatase-like protein,GCST90427208,923ae0bc6fb13b2c960999b556ca3e4f
X8013.9,8013-9,Q9H0V9,LMAN2L,VIP36-like protein,GCST90427209,d328598963a8316aaf75e6d0910e8c28
X8014.359,8014-359,Q5SRI9,MANEA,"Glycoprotein endo-alpha-1,2-mannosidase",GCST90427210,3e50ad50ccebecfd177eba04599d7bb7
X8016.19,8016-19,Q9NNZ3,DNAJC4,DnaJ homolog subfamily C member 4:N-term,GCST90427211,0a9404aecc45d5dc900b1a23ec31142a
X8017.23,8017-23,Q96CU9,FOXRED1,FAD-dependent oxidoreductase domain-containing protein 1,GCST90427212,0ce23996a314b4e0ce790a6efcb440fe
X8018.43,8018-43,Q96IQ7,VSIG2,V-set and immunoglobulin domain-containing protein 2,GCST90427213,ab9c64ea174a230975fe208cacfc3d6d
X8019.73,8019-73,Q9NZ72,STMN3,Stathmin-3,GCST90427214,1a0d526fc78cf555e11cf82320d45e41
X8021.59,8021-59,Q6P1L8,MRPL14,"39S ribosomal protein L14, mitochondrial",GCST90427215,6a2f5d8ffd579175a37c9dce781b8251
X8024.64,8024-64,O60704,TPST2,Protein-tyrosine sulfotransferase 2,GCST90427216,0fb4b92853470477dcd26253b6e79938
X8028.22,8028-22,Q9NQ38,SPINK5,Serine protease inhibitor Kazal-type 5,GCST90427217,04b7fd8cb33c8f61f5b57707c02a1184
X8032.23,8032-23,P59942,MCCD1,Mitochondrial coiled-coil domain protein 1,GCST90427218,8a8c2f07d082b8c98e2a9b3890d877fc
X8033.1,8033-1,Q9H819,DNAJC18,DnaJ homolog subfamily C member 18,GCST90427219,b12db3c311074eb94b7bfba7e4adcc00
X8034.6,8034-6,A6NNA5,DRGX,Dorsal root ganglia homeobox protein,GCST90427220,564baf4b3f4dff3ac40d176f304765bd
X8035.6,8035-6,Q9H425,C1orf198,Uncharacterized protein C1orf198,GCST90427221,18f9e042e32de2e6ab674d2b51d49227
X8036.75,8036-75,P01225,FSHB,Follitropin subunit beta,GCST90427222,a03cebd56d1117268e525045985b5068
X8037.53,8037-53,Q8TBM8,DNAJB14,DnaJ homolog subfamily B member 14:Lumenal domain,GCST90427223,e217f4836f7c5ef0a71c71b0335a4b4e
X8038.41,8038-41,Q15738,NSDHL,"Sterol-4-alpha-carboxylate 3-dehydrogenase, decarboxylating",GCST90427224,dad6f56432c37b5db34b05f9c6ed80b2
X8039.41,8039-41,Q8N128,FAM177A1,Protein FAM177A1,GCST90427225,f0206f26fbc3d81d740aa2aea06d4f4c
X8040.9,8040-9,Q68G75,LEMD1,LEM domain-containing protein 1,GCST90427226,2205a64f0443c1d85d60090b63137032
X8042.88,8042-88,Q5DT21,SPINK9,Serine protease inhibitor Kazal-type 9,GCST90427227,a5c543b2dbe593bbfee2e9d08fc3ee82
X8043.153,8043-153,P49747,COMP,Cartilage oligomeric matrix protein,GCST90427228,d2346f0daa5e19cafa488feb9f24c11e
X8044.90,8044-90,P55808,XG,Glycoprotein Xg,GCST90427229,c659da7e9addff7963d8cd4cd839373a
X8045.3,8045-3,Q8N743,KIR3DL3,Killer cell immunoglobulin-like receptor 3DL3:Cytoplasmic domain,GCST90427230,a6a986120e072ae304e92ea1642a21bd
X8046.9,8046-9,P09382,LGALS1,Galectin-1,GCST90427231,d9cf80b4eae34243cee70d7cd33472b0
X8048.9,8048-9,Q8N4E7,FTMT,"Ferritin, mitochondrial",GCST90427232,3b221150b0ab6bfc515be3f37a76445e
X8051.10,8051-10,Q8N302,AGGF1,Angiogenic factor with G patch and FHA domains 1,GCST90427233,b4fddbbc4a50d6f33eb756e66c0881dc
X8052.115,8052-115,Q8N2Q7,NLGN1,Neuroligin-1,GCST90427234,203635377814be07a72037e3df60ead0
X8053.16,8053-16,Q8TBM8,DNAJB14,DnaJ homolog subfamily B member 14:Cytoplasmic domain,GCST90427235,c1d07368b833f3038a64b891d9ce6639
X8055.33,8055-33,P98153,DGCR2,Integral membrane protein DGCR2/IDD,GCST90427236,1bceaaa96f9d4bf803bfea80f3172bd3
X8059.1,8059-1,P40225,THPO,Thrombopoietin,GCST90427237,a1b9618b4f7241ed68fad008b2017712
X8060.7,8060-7,O14511,NRG2,"Pro-neuregulin-2, membrane-bound isoform",GCST90427238,0b090cac90f13bb962afca9c28bd02c1
X8061.102,8061-102,Q6P995,FAM171B,Protein FAM171B:Cytoplasmic domain,GCST90427239,97ee1d4090632b05676589e0b0129b29
X8062.15,8062-15,Q9NVM1,EVA1B,Protein eva-1 homolog B,GCST90427240,2b9b3866ad376c5a387dd377d98ffb23
X8064.125,8064-125,P15151,PVR,Poliovirus receptor,GCST90427241,15794aebc2105992a44bb13f5a13b7ce
X8065.245,8065-245,P0C8F1,PATE4,Prostate and testis expressed protein 4,GCST90427242,eaee20b95c6e3bb4e1ccd3a0ffec8a87
X8066.38,8066-38,Q86SS6,SYT9,Synaptotagmin-9,GCST90427243,dd910ea56eeaffa325bca1960682f564
X8067.21,8067-21,Q9Y6H6,KCNE3,Potassium voltage-gated channel subfamily E member 3,GCST90427244,144c824de5d284a4e93bf0e2090e4bbb
X8068.43,8068-43,Q6NSJ0,MYORG,Uncharacterized family 31 glucosidase KIAA1161:Extracellular domain,GCST90427245,5c8c41888fb9d8c3a096d66424677797
X8069.85,8069-85,P07766,CD3E,T-cell surface glycoprotein CD3 epsilon chain,GCST90427246,c884fa8ba6f91eb721f92ebbffc88654
X8070.88,8070-88,P78352,DLG4,Disks large homolog 4,GCST90427247,cbe3bfe2fe25525de8d0b460ec0b54ab
X8071.114,8071-114,Q9Y5E2,PCDHB7,Protocadherin beta-7,GCST90427248,4106989186976ced9ca451b6e2bec6ed
X8073.3,8073-3,Q9UIB8,CD84,SLAM family member 5,GCST90427249,ce9e6f47c53de450ed796d70e9e9c1a9
X8074.32,8074-32,Q9BUB7,TMEM70,"Transmembrane protein 70, mitochondrial",GCST90427250,f573a69a50b466976a6b61bb2d8eaf63
X8076.4,8076-4,Q8IXA5,SPACA3,Sperm acrosome membrane-associated protein 3,GCST90427251,5a1dede4fb4dee75cc22331a116df901
X8079.39,8079-39,Q8N140,EID3,EP300-interacting inhibitor of differentiation 3,GCST90427252,40f79ef01ad53f6833398e9da79606be
X8080.24,8080-24,Q1L6U9,MSMP,Prostate-associated microseminoprotein,GCST90427253,4de17acb0ecf4cecabb3738ecfee6df4
X8081.55,8081-55,Q8N7P1,PLD5,Inactive phospholipase D5,GCST90427254,8adba4e9c7cb0d652a005f21c5fdb94c
X8086.49,8086-49,Q9Y287,ITM2B,Integral membrane protein 2B,GCST90427255,72f3cda19035af67ae31962b19e9fb93
X8087.250,8087-250,O43567,RNF13,E3 ubiquitin-protein ligase RNF13,GCST90427256,4a7c2a00d24dfcbdc99afda210b21576
X8088.56,8088-56,Q8IVY1,C1orf210,Type III endosome membrane protein TEMP,GCST90427257,f28610257233ede8249e4645163035c1
X8089.173,8089-173,P22736,NR4A1,Nuclear receptor subfamily 4 group A member 1,GCST90427258,580a1871cd0d41024a83929b153a53a6
X8091.16,8091-16,P48740,MASP1,Mannan-binding lectin serine protease 1:Mannan-binding lectin serine protease 1 heavy chain,GCST90427259,3b22f94a5427a12a5ccb729d61036e46
X8092.29,8092-29,P08887,IL6R,Interleukin-6 receptor subunit alpha,GCST90427260,aa26e3df58f80610a932a6fa50561f13
X8093.13,8093-13,Q6NSJ0,MYORG,Uncharacterized family 31 glucosidase KIAA1161:Cytoplasmic domain,GCST90427261,44c3555a016d64441fefdae225d1d077
X8094.20,8094-20,Q8N5K1,CISD2,CDGSH iron-sulfur domain-containing protein 2,GCST90427262,d9e2060084b2408393e0452aa05df5bc
X8095.213,8095-213,P30405,PPIF,"Peptidyl-prolyl cis-trans isomerase F, mitochondrial",GCST90427263,7063b8bc6584d37abd43538d277413d0
X8097.77,8097-77,Q5VXI9,LIPN,Lipase member N,GCST90427264,231498fff0393a0c06650f89ed1e981b
X8098.37,8098-37,P24557,TBXAS1,Thromboxane-A synthase,GCST90427265,9a75f2e0d6f46055f021c468e8141fdd
X8099.42,8099-42,Q9BUD6,SPON2,Spondin-2,GCST90427266,b3cb904aa549d2dde46f9e06751bb3ce
X8100.15,8100-15,Q7Z4H4,ADM2,ADM2,GCST90427267,46677c3d9f7c3a1b1f71a2587f6b5f0d
X8102.239,8102-239,Q6ZWK4,RHEX,Uncharacterized protein C1orf186,GCST90427268,8597f7f4c7af2b6fe30368be9b6d6c74
X8104.21,8104-21,Q13651,IL10RA,Interleukin-10 receptor subunit alpha:Extracellular domain,GCST90427269,285cffda1364dfd7794e9e405bf2e435
X8106.15,8106-15,P43307,SSR1,Translocon-associated protein subunit alpha,GCST90427270,137c0a178ce89fc00734c9040924e040
X8107.12,8107-12,Q8WY98,TMEM234,Transmembrane protein 234,GCST90427271,9863eafc60d3941a01a32affb868e781
X8219.14,8219-14,O60844,ZG16,Zymogen granule membrane protein 16,GCST90427272,eb7a5f09accd8b949b6790fe715f6928
X8220.15,8220-15,Q96D05,FAM241B,Uncharacterized protein C10orf35,GCST90427273,88be687a2cbe6c630fb73edc38abdf5e
X8221.19,8221-19,P14174,MIF,Macrophage migration inhibitory factor,GCST90427274,3414f8334a2c2525db45bc27879c2c50
X8222.49,8222-49,Q6ZTQ4,CDHR3,Cadherin-related family member 3,GCST90427275,811c8d25fbf8eb41219a228447b10601
X8225.86,8225-86,P29323,EPHB2,Ephrin type-B receptor 2,GCST90427276,8387465038e7aa8b0e268a24768bc5a7
X8229.1,8229-1,Q4G148,GXYLT1,Glucoside xylosyltransferase 1,GCST90427277,4ded8b8a23c01645b63d8b12687b6f95
X8231.122,8231-122,P17948,FLT1,Vascular endothelial growth factor receptor 1,GCST90427278,1f80bbfaa7c5283fe26b91b37d37a382
X8232.90,8232-90,Q86YT9,JAML,Junctional adhesion molecule-like,GCST90427279,eabc0ec71c31f0160898f19c5ec07d36
X8233.2,8233-2,Q86UX2,ITIH5,Inter-alpha-trypsin inhibitor heavy chain H5,GCST90427280,34b8de47913b12eb45acf8318ff1256e
X8235.48,8235-48,P05060,CHGB,Secretogranin-1,GCST90427281,b492cb951750d320ac7a746069738aa5
X8236.8,8236-8,Q8TCD1,C18orf32,UPF0729 protein C18orf32,GCST90427282,355fc3f813d21deb2812217209157f19
X8237.56,8237-56,Q6X4U4,SOSTDC1,Sclerostin domain-containing protein 1,GCST90427283,7e9ed61c9c64b96ccff9452d9e5dd3e0
X8239.223,8239-223,P06276,BCHE,Cholinesterase,GCST90427284,5096b423696c69564b9f12d390c15ae2
X8240.207,8240-207,Q14956,GPNMB,Transmembrane glycoprotein NMB:Extracellular domain,GCST90427285,1ada6fae3f36b4f825b811b17280d990
X8242.9,8242-9,P0C7M8,CLEC2L,C-type lectin domain family 2 member L,GCST90427286,4a81ea4eb3a036208362ca7e5b0ac598
X8243.55,8243-55,P00995,SPINK1,Serine protease inhibitor Kazal-type 1,GCST90427287,79b6248c9f148bcf5259424f2ac27b81
X8244.16,8244-16,Q9BYC5,FUT8,"Alpha-(1,6)-fucosyltransferase",GCST90427288,5bc6d97190bf4e0b50fb62ca0dab1403
X8245.27,8245-27,Q9UMF0,ICAM5,Intercellular adhesion molecule 5,GCST90427289,e74461c6119cad81ee4d6d535fe9b140
X8246.9,8246-9,Q8NBP7,PCSK9,Proprotein convertase subtilisin/kexin type 9,GCST90427290,3a8c8f02e99a8c8b78da8c48afe1b275
X8248.222,8248-222,Q08ET2,SIGLEC14,Sialic acid-binding Ig-like lectin 14,GCST90427291,d2968509457853bed586f11b986cf7ed
X8249.124,8249-124,Q9UM73,ALK,ALK tyrosine kinase receptor,GCST90427292,d454ad827cbb2012c4359475e0a69138
X8250.2,8250-2,Q12913,PTPRJ,Receptor-type tyrosine-protein phosphatase eta,GCST90427293,e7737002b5a500fe89723e23593c2744
X8252.2,8252-2,Q6P988,NOTUM,Palmitoleoyl-protein carboxylesterase NOTUM,GCST90427294,7687f93b5a1b5f48615eea451c8cca89
X8253.2,8253-2,Q8WZA1,POMGNT1,"Protein O-linked-mannose beta-1,2-N-acetylglucosaminyltransferase 1",GCST90427295,f28364d9990e97bb12194eaa802f8107
X8255.34,8255-34,Q9Y6F6,IRAG1,Protein MRVI1,GCST90427296,26d4216a73b274060a92d33fad9d318d
X8257.71,8257-71,P01178,OXT,Oxytocin-neurophysin 1,GCST90427297,8631c7945f12dc043c22462ee4330c05
X8258.22,8258-22,Q8NBZ7,UXS1,UDP-glucuronic acid decarboxylase 1,GCST90427298,f7be1af8c08fbdfc5515dbe31ff252e5
X8261.51,8261-51,P27105,STOM,Erythrocyte band 7 integral membrane protein,GCST90427299,07be420f1c3014e83040ccb2880bacf5
X8262.20,8262-20,P05090,APOD,Apolipoprotein D,GCST90427300,a3eb07ab500976a48d39fa4348ebf6b7
X8263.64,8263-64,Q8TAI1,TYMSOS,TYMS opposite strand protein,GCST90427301,bf3005f04b424b3d296fe3ce3b1ff8e8
X8264.43,8264-43,O00548,DLL1,Delta-like protein 1,GCST90427302,3778f65a79808cc437121dd08631acb7
X8268.98,8268-98,Q9Y663,HS3ST3A1,Heparan sulfate glucosamine 3-O-sulfotransferase 3A1,GCST90427303,0bbe154162c5e3719244eb829daf5f9a
X8269.327,8269-327,Q6UWY0,ARSK,Arylsulfatase K,GCST90427304,878f71223c9aa07ba719b34f77e60828
X8272.22,8272-22,P56937,HSD17B7,3-keto-steroid reductase:Cytoplasmic domain,GCST90427305,61c33220cb5e1b1cfb0c3bf6283d2e47
X8273.84,8273-84,Q8NI17,IL31RA,Interleukin-31 receptor subunit alpha,GCST90427306,8c9499e4df9a90fb04d9fd681eaacec8
X8274.64,8274-64,O15400,STX7,Syntaxin-7,GCST90427307,e76d72e1a8914a4c72a856117c8e9322
X8275.31,8275-31,Q5VY43,PEAR1,Platelet endothelial aggregation receptor 1:Extracellular domain,GCST90427308,739e5e58dbaf1dda55d1478cd78fff4a
X8280.238,8280-238,P04004,VTN,Vitronectin,GCST90427309,4428c0101af5fc23c29da6620c4f0916
X8285.64,8285-64,P18509,ADCYAP1,Pituitary adenylate cyclase-activating polypeptide,GCST90427310,1c459fe9922e0eb28bd586aa6a91e92e
X8287.17,8287-17,Q496F6,CD300E,CMRF35-like molecule 2,GCST90427311,8de1a253c3ec03b496e33e40a34c344b
X8288.27,8288-27,P02749,APOH,Beta-2-glycoprotein 1,GCST90427312,eef7658c1a6697846b1e1597c6a72e34
X8289.8,8289-8,Q14956,GPNMB,Transmembrane glycoprotein NMB:Extracellular domain,GCST90427313,b0a920ad0be58f39d458382a2d0c962d
X8295.16,8295-16,O95897,OLFM2,Noelin-2,GCST90427314,d7fff8693cf083a47f560f0f3062e7d1
X8296.117,8296-117,Q7Z4H8,POGLUT3,KDEL motif-containing protein 2,GCST90427315,ba9e298c025719579704c0683d409437
X8297.8,8297-8,Q8IXB1,DNAJC10,DnaJ homolog subfamily C member 10,GCST90427316,41cbeba5aef7d073d3f84aec4a151117
X8299.66,8299-66,P59901,LILRA4,Leukocyte immunoglobulin-like receptor subfamily A member 4,GCST90427317,326b91c744440dc33c3a399db87d533e
X8300.82,8300-82,O75381,PEX14,Peroxisomal membrane protein PEX14:N-term,GCST90427318,546c84fe541ea508110d30121ba90473
X8303.102,8303-102,Q9HB07,MYG1,"UPF0160 protein MYG1, mitochondrial",GCST90427319,84a74db5e329c164e9e4f18364b8e9d9
X8304.50,8304-50,O00300,TNFRSF11B,Tumor necrosis factor receptor superfamily member 11B,GCST90427320,353cd67d9ba7270581d986afab8ed63d
X8305.18,8305-18,Q8IWU5,SULF2,Extracellular sulfatase Sulf-2,GCST90427321,3dc030c259e7c69b699c4b66e7a85d35
X8306.54,8306-54,O14668,PRRG1,Transmembrane gamma-carboxyglutamic acid protein 1:Cytoplasmic domain,GCST90427322,b404d93cc71efd79946ca2948faec1ed
X8307.47,8307-47,Q9H3H3,C11orf68,UPF0696 protein C11orf68,GCST90427323,03721a4297cac982bcb1e42a41d40abb
X8309.12,8309-12,Q12794,HYAL1,Hyaluronidase-1,GCST90427324,ab62c55cc4374b1ac0841d30c79f0fd8
X8310.6,8310-6,Q96DA0,ZG16B,Zymogen granule protein 16 homolog B,GCST90427325,a927b76398582166513e02ef1c76b206
X8312.139,8312-139,P30085,CMPK1,UMP-CMP kinase,GCST90427326,8e9024097b29a577193fbf45c08df5ea
X8314.71,8314-71,P15586,GNS,N-acetylglucosamine-6-sulfatase,GCST90427327,32b3726a49f18d6b7c4f47c4e5ba7db6
X8315.5,8315-5,Q8N690,DEFB119,Beta-defensin 119,GCST90427328,72717171870c46ac510b9178e179383a
X8318.13,8318-13,Q7Z699,SPRED1,"Sprouty-related, EVH1 domain-containing protein 1",GCST90427329,31262d10a576b3aed64edc04a83a76de
X8320.5,8320-5,Q9NWH9,SLTM,SAFB-like transcription modulator,GCST90427330,5552cbc2f67ef28fe1bb19d88d4eadf6
X8321.27,8321-27,Q8N446,ZNF843,Zinc finger protein 843,GCST90427331,d77fdd5bbe6ce93caf0029021d8c40f4
X8323.163,8323-163,Q07654,TFF3,Trefoil factor 3,GCST90427332,f4c1f6d7b1e140b3698aef0063a9ba54
X8325.37,8325-37,P08319,ADH4,Alcohol dehydrogenase 4,GCST90427333,4330602bceae8c1506a09cc3e46b4721
X8326.63,8326-63,Q6IA17,SIGIRR,Single Ig IL-1-related receptor,GCST90427334,03e5cc15e6dcc797356c4dc3f998b043
X8327.26,8327-26,Q9H4A9,DPEP2,Dipeptidase 2,GCST90427335,bde12503a589ac7d22c874f18188f99a
X8328.9,8328-9,Q9HBU6,ETNK1,Ethanolamine kinase 1,GCST90427336,cc043caadca3b6bce2a591270e365789
X8329.166,8329-166,P55289,CDH12,Cadherin-12:Cytoplasmic domain,GCST90427337,20ec2f788bdc2861f028d3a99e9e3393
X8330.1,8330-1,Q86VZ4,LRP11,Low-density lipoprotein receptor-related protein 11,GCST90427338,f3f9550eb62ef24cbe9e519d658f7d8d
X8334.65,8334-65,Q8WWU5,TCP11,T-complex protein 11 homolog,GCST90427339,20001326bf29e13c740e654aab47b4ab
X8336.267,8336-267,Q8IYS0,GRAMD1C,GRAM domain-containing protein 1C,GCST90427340,9d4cd21274f0d6f25c385ea716dab697
X8337.65,8337-65,Q92729,PTPRU,Receptor-type tyrosine-protein phosphatase U,GCST90427341,2ab33b7b37ec8453324a335512e23968
X8340.9,8340-9,Q30KQ9,DEFB110,Beta-defensin 110,GCST90427342,4acc864b2240f17e8348524ba69f721e
X8343.224,8343-224,Q9BWT3,PAPOLG,Poly(A) polymerase gamma,GCST90427343,49518963d953256956fabf3a605805d7
X8345.27,8345-27,Q96SL4,GPX7,Glutathione peroxidase 7,GCST90427344,eec8031cc1d2e29cd48aea2956c6e305
X8346.9,8346-9,Q9UHL4,DPP7,Dipeptidyl peptidase 2,GCST90427345,5df23c9b5170cdf68cda7c4a65c90fc7
X8347.222,8347-222,Q9H1M3,DEFB129,Beta-defensin 129,GCST90427346,5f7a7c0c1e657e03e2f0ad808e475bd6
X8348.4,8348-4,P29323,EPHB2,Ephrin type-B receptor 2,GCST90427347,22fbff335aafee5a26757f5942419fe8
X8351.17,8351-17,Q6UWY2,PRSS57,Serine protease 57,GCST90427348,030eb14f1f8b3bee1b592e781bac8acb
X8352.26,8352-26,Q96PQ1,SIGLEC12,"Sialic acid-binding Ig-like lectin 12:Ig-like C2-type 2 domain, Isoform short",GCST90427349,7c4cb1d3b247d52e1fa609d53c93d6f5
X8353.15,8353-15,O60939,SCN2B,Sodium channel subunit beta-2,GCST90427350,97b368c624a085e62bc0704646fe500e
X8355.80,8355-80,B1AKI9,B1AKI9,Isthmin-1,GCST90427351,889abda30b4c24ee649c20ee79c1b975
X8356.88,8356-88,P01178,OXT,Oxytocin-neurophysin 1,GCST90427352,3faa3c2546372ef22e064e11d91756b0
X8357.43,8357-43,Q9BR01,SULT4A1,Sulfotransferase 4A1,GCST90427353,1bc39460a96a71cf0a26d4c833064083
X8358.30,8358-30,P30048,PRDX3,"Thioredoxin-dependent peroxide reductase, mitochondrial",GCST90427354,84d521541205a50724d29a61c72848a6
X8359.149,8359-149,O94768,STK17B,Serine/threonine-protein kinase 17B,GCST90427355,8853051bd0a1dd3152d2293e6c6717c3
X8360.169,8360-169,O76036,NCR1,Natural cytotoxicity triggering receptor 1,GCST90427356,75f195fbfa0dc1dac8bc6e6ea48242da
X8363.18,8363-18,A8MWY0,ELAPOR2,UPF0577 protein KIAA1324-like,GCST90427357,bf4aae51763abfd1ad402d662eda96e1
X8364.74,8364-74,Q9Y2C2,UST,Uronyl 2-sulfotransferase,GCST90427358,16968c20fe5eedf6f16598b129284cfe
X8366.19,8366-19,Q9H7X2,C1orf115,Uncharacterized protein C1orf115,GCST90427359,89cc710bddb3802a8cf8880b3512c304
X8367.142,8367-142,Q86XK7,VSIG1,V-set and immunoglobulin domain-containing protein 1,GCST90427360,6e86a323e2c51a820b5d20b4f5afea83
X8368.102,8368-102,P20333,TNFRSF1B,Tumor necrosis factor receptor superfamily member 1B,GCST90427361,fb1df5784fdc18f0c0e0b506d073d971
X8369.102,8369-102,Q14118,DAG1,Dystroglycan,GCST90427362,12c30bca237d137dc4ba06f41feaf218
X8372.29,8372-29,Q96JP9,CDHR1,Cadherin-related family member 1,GCST90427363,360bf62176dc00fb2ea6785dd945dd5a
X8376.25,8376-25,P01229,LHB,Lutropin subunit beta,GCST90427364,cb68e7855272ab439a0e29de31506cdf
X8378.3,8378-3,O95751,LDOC1,Protein LDOC1,GCST90427365,5b8673aa115c68d8d969046d7827af3c
X8380.244,8380-244,P80370,DLK1,Protein delta homolog 1:Cytoplasmic domain,GCST90427366,b94ad233439d1818476521cc99fe5111
X8382.47,8382-47,Q8IW41,MAPKAPK5,MAP kinase-activated protein kinase 5,GCST90427367,f6375774ef3f3f59bd89ede80128ff0a
X8383.20,8383-20,C9JXX5,C9JXX5,Uncharacterized protein C11orf94,GCST90427368,b17485c78921d5082d28879bef438e3e
X8385.248,8385-248,Q04756,HGFAC,Hepatocyte growth factor activator,GCST90427369,6c45a1ce150d8a61c538d0b2138a30dd
X8386.11,8386-11,Q8WXA2,PATE1,Prostate and testis expressed protein 1,GCST90427370,194791b7dc30c644ff49b48dd47d2c2a
X8388.24,8388-24,Q9UBP0,SPAST,Spastin:Cytoplasmic domain,GCST90427371,8ec7c2d2e82317773ea0ba457a36c4d9
X8389.8,8389-8,Q0VAA2,LRRC74A,Leucine-rich repeat-containing protein 74A,GCST90427372,16147d911a5de5664bb646a8e129e07b
X8390.25,8390-25,P24310,COX7A1,"Cytochrome c oxidase subunit 7A1, mitochondrial",GCST90427373,cb2b2f0c1a84b10676ccec535ee6d65e
X8391.12,8391-12,Q30KQ5,DEFB115,Beta-defensin 115,GCST90427374,beda222b313f4481e3154ce3d50d820c
X8393.121,8393-121,Q9UBX1,CTSF,Cathepsin F,GCST90427375,a4f4e81c07cca7a4b9c738dfd497accf
X8394.56,8394-56,P10153,RNASE2,Non-secretory ribonuclease,GCST90427376,3ce494b5f844f93cc07ffac3e4f5942d
X8396.42,8396-42,Q6GMR7,FAAH2,Fatty-acid amide hydrolase 2,GCST90427377,bc6975168f36e0e6744dcf6cfa7fa793
X8397.147,8397-147,Q6ZRP7,QSOX2,Sulfhydryl oxidase 2,GCST90427378,ecd854ceb14bc05e3187746c168c7203
X8398.277,8398-277,P49788,RARRES1,Retinoic acid receptor responder protein 1,GCST90427379,d2c4ad56c6749292f53e3af1028bf9d7
X8399.6,8399-6,O94768,STK17B,Serine/threonine-protein kinase 17B,GCST90427380,3c8fd3ee0780d8cdf157b3300ada779c
X8400.74,8400-74,P07492,GRP,Gastrin-releasing peptide,GCST90427381,87e3f3d6e2c91fd308a22ef5b104e8b7
X8403.18,8403-18,P49327,FASN,Fatty acid synthase,GCST90427382,a83328b8b2fac15003c1df545b24b84a
X8404.102,8404-102,Q9H3K6,BOLA2,BolA-like protein 2,GCST90427383,0d8ea0c40374a85e44bc510a56552faf
X8405.108,8405-108,O14672,ADAM10,Disintegrin and metalloproteinase domain-containing protein 10:Extracellular domain,GCST90427384,b471e1d19766dd668558b47df2932f5e
X8406.17,8406-17,P05019,IGF1,Insulin-like growth factor I,GCST90427385,917cde973946ca08d0e0b94648e38d0f
X8407.84,8407-84,Q04721,NOTCH2,Neurogenic locus notch homolog protein 2,GCST90427386,91fe75240197445da54475c35c05b4fb
X8409.3,8409-3,Q6UXX9,RSPO2,R-spondin-2,GCST90427387,b91ef50a87921d976cf807542e0e0858
X8418.30,8418-30,P35222,CTNNB1,Catenin beta-1,GCST90427388,da143f9794c35e88816d98e31ad418cd
X8424.269,8424-269,P35222,CTNNB1,Catenin beta-1,GCST90427389,d125a2e8ad4856ecdbe7bded224e1ef2
X8427.118,8427-118,Q9BXY4,RSPO3,R-spondin-3,GCST90427390,31200a12dd50ca404d4f027ce3a3a46a
X8428.102,8428-102,Q9P121,NTM,Neurotrimin,GCST90427391,647156431fddf295615e08164daeadc7
X8429.16,8429-16,Q9Y2T1,AXIN2,Axin-2,GCST90427392,1b74acbaa2234b57d614fe57925f26e2
X8446.4,8446-4,P18509,ADCYAP1,Pituitary adenylate cyclase-activating polypeptide 27,GCST90427393,12465c3ec6d30b332981d0cfbeb3b742
X8447.11,8447-11,Q9UBU3,GHRL,Appetite-regulating hormone,GCST90427394,fd7cc6a3c21a97f2d0fde19d174edd12
X8450.36,8450-36,P18509,ADCYAP1,Pituitary adenylate cyclase-activating polypeptide 38,GCST90427395,5559a38adfb804c27bd9757b7f916741
X8458.111,8458-111,P37840,SNCA,Alpha-synuclein,GCST90427396,7c9544c8827bad7f96e296d985f29318
X8458.16,8458-16,P37840,SNCA,Alpha-synuclein,GCST90427397,53fd130d5588bcb0664c7a2eeaa84c18
X8459.10,8459-10,P22004,BMP6,Bone morphogenetic protein 6,GCST90427398,8f00a1f64fc43dcc873098f200ea9c34
X8462.18,8462-18,P01241,GH1,Somatotropin,GCST90427399,ea21f8d3f34fac69b5cd96d3e5788ede
X8463.2,8463-2,P08294,SOD3,Extracellular superoxide dismutase [Cu-Zn],GCST90427400,361a644dab112eb26f69f1514d66d7d8
X8464.31,8464-31,Q2I0M5,RSPO4,R-spondin-4,GCST90427401,789b951075ca3f65d54a588b2e0b69fa
X8465.52,8465-52,P09668,CTSH,Cathepsin H,GCST90427402,61b6ff4f86842fdae30cb932753eb203
X8467.9,8467-9,P08476|P09529,INHBA|INHBB,Inhibin beta A chain:Inhibin beta B chain heterodimer,GCST90427403,755419de2297453a942925c17a02fdcb
X8468.19,8468-19,P07288,KLK3,Prostate-specific antigen,GCST90427404,f604d9acccfeed483534762fcebbe507
X8469.41,8469-41,P18065,IGFBP2,Insulin-like growth factor-binding protein 2,GCST90427405,44d1082ff813d43a8a0a53fbf59cce9f
X8470.213,8470-213,O60930,RNASEH1,Ribonuclease H1,GCST90427406,c4ed5bee9183961f4d4669b18c169830
X8474.6,8474-6,Q01973,ROR1,Inactive tyrosine-protein kinase transmembrane receptor ROR1,GCST90427407,d2d31193bfdf48f68556e163db955a00
X8475.15,8475-15,P09237,MMP7,Matrilysin,GCST90427408,83d6f5f7ca0fc021f8d225c1193c4dce
X8476.11,8476-11,P10645,CHGA,Chromogranin-A,GCST90427409,1a14a34d901c8b72f2ed410e305385ce
X8479.4,8479-4,P09238,MMP10,Stromelysin-2,GCST90427410,d2fecf49120b0acb5d36e8004b22b28a
X8480.29,8480-29,Q12805,EFEMP1,EGF-containing fibulin-like extracellular matrix protein 1,GCST90427411,000e3e55c7dccdddd0bcab7e0e6d6740
X8484.24,8484-24,P41159,LEP,Leptin,GCST90427412,c2b6cf376f3e7e80ff2922841d0279a5
X8485.7,8485-7,Q14145,KEAP1,Kelch-like ECH-associated protein 1,GCST90427413,761dda6fe7599b76dacd4bb4a27bb3ac
X8488.33,8488-33,P08514|P05106,ITGA2B|ITGB3,Integrin alpha-IIb: beta-3 complex,GCST90427414,3dbfd8208cd12d9e6a8520e0c496c59f
X8520.8,8520-8,Q9UKF2,ADAM30,Disintegrin and metalloproteinase domain-containing protein 30,GCST90427415,1ef7484c9543d585b4212d565b953af1
X8528.74,8528-74,Q6UXK2,ISLR2,Immunoglobulin superfamily containing leucine-rich repeat protein 2,GCST90427416,6a76d7b359b90f1814798382c10be755
X8529.1,8529-1,O14763,TNFRSF10B,Tumor necrosis factor receptor superfamily member 10B:Death domain,GCST90427417,4529eebae4e40e4cb41ae43c85e50a50
X8535.102,8535-102,Q6E0U4,DMKN,Dermokine,GCST90427418,38fea2ea56a25dbff137dc96fabedef0
X8545.14,8545-14,Q8N4C9,C17orf78,Uncharacterized protein C17orf78:C-term,GCST90427419,76854de3b0090081b2058985e05e3441
X8556.5,8556-5,Q9H6L5,RETREG1,Protein FAM134B,GCST90427420,fd010ee4a07f6f42d1de7560ac5d1d50
X8565.160,8565-160,Q9BX97,PLVAP,Plasmalemma vesicle-associated protein,GCST90427421,4de432837cffcb844c3618d3e29cbc90
X8569.147,8569-147,Q9NVJ2,ARL8B,ADP-ribosylation factor-like protein 8B,GCST90427422,eef69babab5ed2dfd16ba6800d25ab94
X8587.21,8587-21,Q6IE38,SPINK14,Serine protease inhibitor Kazal-type 14,GCST90427423,37f609cbe44ebbe7d3e2761d2e549c95
X8589.13,8589-13,Q9H5V8,CDCP1,CUB domain-containing protein 1,GCST90427424,98595382e2a43f32ffeeee8986cdbfc6
X8597.1,8597-1,Q9P0T7,TMEM9,Transmembrane protein 9:Cytoplasmic domain,GCST90427425,361beef39e49dba994d04184ca45acfc
X8601.167,8601-167,Q07954,LRP1,"Low-density lipoprotein receptor-related protein 1, soluble:Cytoplasmic domain",GCST90427426,bf13296a846a3f416ae3a96607a4a85d
X8606.39,8606-39,Q14956,GPNMB,Transmembrane glycoprotein NMB:Cytoplasmic domain,GCST90427427,c7b09d1329dd3c5b07c7be03402e51fc
X8620.56,8620-56,Q9P0G3,KLK14,Kallikrein-14,GCST90427428,3ceb6e11d02448820a4461def5cfb9e9
X8624.16,8624-16,Q6UXZ4,UNC5D,Netrin receptor UNC5D,GCST90427429,cc2391a2c6b9434af7fe7f3fd6d97eed
X8631.13,8631-13,Q96PL5,ERMAP,Erythroid membrane-associated protein,GCST90427430,67da1a172524d6091f31482e9f61727e
X8633.18,8633-18,Q8TEB7,RNF128,E3 ubiquitin-protein ligase RNF128:region 2,GCST90427431,dcf56f1cee52934185173662b883f23b
X8635.283,8635-283,Q9BS86,ZPBP,Zona pellucida-binding protein 1,GCST90427432,9131f579177529b4345674ab9f3ff7e7
X8644.46,8644-46,P09668,CTSH,Cathepsin H,GCST90427433,9a48d9e681e760b829e10c5e448e10f4
X8645.257,8645-257,O75381,PEX14,Peroxisomal membrane protein PEX14:C-term,GCST90427434,4b43a2b2068359f174e4284c56b0ddcf
X8646.61,8646-61,Q86VH4,LRRTM4,"Leucine-rich repeat transmembrane neuronal protein 4:Isoform 2, Cytoplasmic domain",GCST90427435,6d8c5d1446820718a4afa96a20fdb82d
X8653.132,8653-132,Q9NNZ3,DNAJC4,DnaJ homolog subfamily C member 4:C-term,GCST90427436,d78764cf463ae66b98fec1918490e4ec
X8654.13,8654-13,O14672,ADAM10,Disintegrin and metalloproteinase domain-containing protein 10:Cytoplasmic domain,GCST90427437,88b22b20553ff48bd2a9a5221d55d962
X8659.68,8659-68,O95866,MPIG6B,"Protein G6b:Isoform B, Cytoplasmic domain",GCST90427438,804b6b463c547b840c3cbb9db317f8e0
X8660.33,8660-33,Q9NRN5,OLFML3,Olfactomedin-like protein 3,GCST90427439,1da51456bc566c47c9b64f4c5eddba42
X8660.5,8660-5,Q9NRN5,OLFML3,Olfactomedin-like protein 3,GCST90427440,59dd97633312432d342da8d91daabd2e
X8664.36,8664-36,Q504Y2,PKDCC,Extracellular tyrosine-protein kinase PKDCC,GCST90427441,faf514cac01a06e7a2d6ff557c9666ce
X8671.378,8671-378,Q8IUR0,TRAPPC5,Trafficking protein particle complex subunit 5,GCST90427442,3ecd442f746951875f1749316e99e9c7
X8681.93,8681-93,O15173,PGRMC2,"Membrane-associated progesterone receptor component 2:N-term, Isoform 2",GCST90427443,4f516e351313be4d825af2e548691de7
X8686.342,8686-342,Q53FT3,HIKESHI,Protein Hikeshi,GCST90427444,071a343ec5425ffb9d46d7f6fd19686b
X8687.26,8687-26,Q9NUM4,TMEM106B,Transmembrane protein 106B,GCST90427445,7a1596ce8fdf08c9dc2fa71866e7230c
X8690.25,8690-25,P56539,CAV3,Caveolin-3,GCST90427446,d7ba9e8c95d70a780b88b4c20c3580e9
X8696.15,8696-15,Q99999,GAL3ST1,Galactosylceramide sulfotransferase,GCST90427447,fc1c3d5d7e66ab5d4bea83c0e5af99df
X8697.38,8697-38,P35052,GPC1,Glypican-1,GCST90427448,92523c4b8c42ca6c814a57823dd47563
X8700.325,8700-325,Q8NCW6,GALNT11,Polypeptide N-acetylgalactosaminyltransferase 11,GCST90427449,88b85ae27b25db45a4f733ed6d455379
X8702.42,8702-42,Q8IYS5,OSCAR,Osteoclast-associated immunoglobulin-like receptor,GCST90427450,a1e0b052f458136a2996dfbb760931ff
X8748.45,8748-45,P04233,CD74,HLA class II histocompatibility antigen gamma chain,GCST90427451,605ff8c7c58075e7b7985ff6b40e7cf7
X8749.194,8749-194,P15813,CD1D,Antigen-presenting glycoprotein CD1d,GCST90427452,499123dc2863734a24b6d96f3f5f4397
X8750.46,8750-46,P18206,VCL,Vinculin,GCST90427453,165ac6ba45cf19e29bf2061353a95b89
X8754.5,8754-5,P48645,NMU,Neuromedin-U,GCST90427454,30684cd90af15513c87d216af09aff87
X8756.41,8756-41,Q9UJ90,KCNE5,"Potassium voltage-gated channel subfamily E regulatory beta subunit 5:N-term, opposite side of membrane",GCST90427455,18186f0203346daadf987942afe8b338
X8758.2,8758-2,Q9UN72,PCDHA7,Protocadherin alpha-7,GCST90427456,b339018039bd4ced6d06d3b471672404
X8759.29,8759-29,Q9NPC4,A4GALT,Lactosylceramide 4-alpha-galactosyltransferase,GCST90427457,4399b3459ea2a161a4013970c8b7330f
X8760.10,8760-10,Q9BTE7,DCUN1D5,DCN1-like protein 5,GCST90427458,81d118ffef26ded01788bb53583357a3
X8762.38,8762-38,P32970,CD70,CD70 antigen,GCST90427459,5f94b391b308160eb90e82a37ba95f1f
X8766.29,8766-29,A6NI73,LILRA5,Leukocyte immunoglobulin-like receptor subfamily A member 5,GCST90427460,500c4a94067c646381a460a63efe0402
X8767.44,8767-44,P42892,ECE1,Endothelin-converting enzyme 1:Cytoplasmic domain,GCST90427461,9e9fbb8809534188869adecbb351f12d
X8768.4,8768-4,O95999,BCL10,B-cell lymphoma/leukemia 10,GCST90427462,2a3bf05866298f3f9c674ce0e9a206e0
X8772.5,8772-5,P52799,EFNB2,Ephrin-B2:Cytoplasmic domain,GCST90427463,c4e99c7c967b56e6fd6bcb14ef106b37
X8773.172,8773-172,Q9NT22,EMILIN3,EMILIN-3:region 1,GCST90427464,0b894f0947ede688ea82614a8b8c6638
X8775.61,8775-61,Q8N5W8,FAM24B,Protein FAM24B,GCST90427465,84343509b98c1f8638c601e74ae3a644
X8776.10,8776-10,O75477,ERLIN1,Erlin-1,GCST90427466,6d2cb899b241136411c95137117133c0
X8778.3,8778-3,Q13253,NOG,Noggin,GCST90427467,e532688d1f8479d12f8ba10f18f882ca
X8780.2,8780-2,Q9P2E7,PCDH10,Protocadherin-10:Cytoplasmic domain,GCST90427468,1aab9706f9bd40b2cffd454e24ffddc3
X8784.7,8784-7,Q6UWZ7,ABRAXAS1,BRCA1-A complex subunit Abraxas,GCST90427469,25e80a4c42308fa287e776f41275cab4
X8785.1,8785-1,Q96C12,ARMC5,Armadillo repeat-containing protein 5:Armadillo Repeat Domain 5,GCST90427470,d7a1b7197d320452e90470b5a700d0a8
X8786.6,8786-6,Q6P995,FAM171B,Protein FAM171B:Extracellular domain,GCST90427471,90f38a08e7ed648a70189297cdf48a72
X8790.6,8790-6,P15289,ARSA,Arylsulfatase A,GCST90427472,8bc1e281ec2b6bad24ad941b7d8ad705
X8791.151,8791-151,P35218,CA5A,"Carbonic anhydrase 5A, mitochondrial",GCST90427473,16cf4569f4f6c134ab5936a3c2d3c133
X8794.13,8794-13,P16444,DPEP1,Dipeptidase 1,GCST90427474,4a8bcb3a08d729bb39c0381a78ed5d3c
X8795.48,8795-48,P02786,TFRC,Transferrin receptor protein 1:Extracellular domain,GCST90427475,1aa5e9809d977d65b3243cf7e4def81d
X8800.14,8800-14,Q96AE7,TTC17,Tetratricopeptide repeat protein 17:Tetratricopeptide repeat 3,GCST90427476,8fda999474c3b326f85c68c5ce0d0d10
X8803.61,8803-61,Q15223,NECTIN1,"Nectin-1, isoform gamma:Cytoplasmic domain",GCST90427477,da8a9e718fe8bb63c89f6cfdabea3fea
X8804.39,8804-39,Q9P218,COL20A1,Collagen alpha-1(XX) chain,GCST90427478,17d364a8cea30a3f82680f8f721114ac
X8807.13,8807-13,Q13596,SNX1,Sorting nexin-1,GCST90427479,33d14ae89f496e783da7c1f54f500a93
X8810.26,8810-26,Q14CZ8,HEPACAM,Hepatocyte cell adhesion molecule,GCST90427480,28f9d09c4c3a1648a9fe8423a82f6ac5
X8811.24,8811-24,Q13145,BAMBI,BMP and activin membrane-bound inhibitor homolog:Extracellular domain,GCST90427481,0387619e60460c4e8bba645fe1e717ef
X8813.160,8813-160,P10599,TXN,Thioredoxin,GCST90427482,32ddbdadedb0824129d3d57f468afb5d
X8815.1,8815-1,Q6UWY5,OLFML1,Olfactomedin-like protein 1,GCST90427483,a37c23fb2c686382ae4f7d2642a2523c
X8817.29,8817-29,Q7Z7K6,CENPV,Centromere protein V,GCST90427484,578aba91366d602b67afcc3087800664
X8818.13,8818-13,P38484,IFNGR2,Interferon gamma receptor 2:Cytoplasmic domain,GCST90427485,4650b6043328ce23b3f4d5df7addab5b
X8819.3,8819-3,P18065,IGFBP2,Insulin-like growth factor-binding protein 2,GCST90427486,0eec6cbc67a9acd64411e3ba8479538e
X8825.4,8825-4,Q9UKJ1,PILRA,Paired immunoglobulin-like type 2 receptor alpha,GCST90427487,66140bae60d70d5b9ad18368d1bcdf23
X8828.21,8828-21,Q6NXG1,ESRP1,Epithelial splicing regulatory protein 1,GCST90427488,8fb372f67ce6d32e01c294d54bb29279
X8830.29,8830-29,Q15018,ABRAXAS2,BRISC complex subunit Abro1,GCST90427489,e9cc6063b30ceafb67021537b960b170
X8832.55,8832-55,Q10589,BST2,Bone marrow stromal antigen 2,GCST90427490,fd80066a62bb9aba73baf42d5036ea3d
X8833.20,8833-20,P50591,TNFSF10,Tumor necrosis factor ligand superfamily member 10,GCST90427491,918b629c1cea8b65f2cad00d5ada5c3d
X8834.58,8834-58,P27824,CANX,Calnexin,GCST90427492,474f041b74aeb6e8ad02ec2bb0b07044
X8837.8,8837-8,O75121,MFAP3L,Microfibrillar-associated protein 3-like,GCST90427493,285d5a2fc57cac228c633240acdde847
X8838.10,8838-10,Q6P4E1,GOLM2,Protein CASC4,GCST90427494,8aa0648ea0711ab49f6a98101e75e3d2
X8839.4,8839-4,O75431,MTX2,Metaxin-2,GCST90427495,7af2bd00576bef648b479c8443ccd6e1
X8840.61,8840-61,P09871,C1S,Complement C1s subcomponent,GCST90427496,a71fcbf9a71767bceda8159a81cc35db
X8841.65,8841-65,Q8IUL8,CILP2,Cartilage intermediate layer protein 2,GCST90427497,76c003b78ae60dbf92a5e8c8e2d4673b
X8842.16,8842-16,Q8IYS0,GRAMD1C,GRAM domain-containing protein 1C,GCST90427498,86aef088211410e7ffe9a64a228bcab6
X8843.34,8843-34,Q9Y2G1,MYRF,Myelin regulatory factor,GCST90427499,e482250c7af82dfe8b0aeca91221c1db
X8845.2,8845-2,O15072,ADAMTS3,A disintegrin and metalloproteinase with thrombospondin motifs 3,GCST90427500,6761924db715618f13f8ed4146b2d977
X8850.5,8850-5,Q5R387,PLA2G2C,Putative inactive group IIC secretory phospholipase A2,GCST90427501,b2d7643916e7058d862e840488f7081f
X8851.42,8851-42,Q6P995,FAM171B,Protein FAM171B:Extracellular domain,GCST90427502,189219129cad51f593191629a72ac6c4
X8852.10,8852-10,Q8TAQ9,SUN3,SUN domain-containing protein 3,GCST90427503,1474c3920977f8f80c130b0627cd2032
X8853.2,8853-2,Q9UMR7,CLEC4A,C-type lectin domain family 4 member A,GCST90427504,5b9ab7b4f0eda77d3474d987d1bb202d
X8854.59,8854-59,Q7LG56,RRM2B,Ribonucleoside-diphosphate reductase subunit M2 B,GCST90427505,9a5c1441a348f9bfd356b9c5489131ef
X8858.21,8858-21,Q9NR55,BATF3,Basic leucine zipper transcriptional factor ATF-like 3,GCST90427506,133adb5791efb95fadf17dbcae3134b1
X8859.51,8859-51,O75493,CA11,Carbonic anhydrase-related protein 11,GCST90427507,3b8573fa0e480bab85d97871a4e748d8
X8863.3,8863-3,P27986,PIK3R1,Phosphatidylinositol 3-kinase regulatory subunit alpha,GCST90427508,e3be2d7eedc4e63a3b9a4d7d6095b0f1
X8864.59,8864-59,Q5EE01,CENPW,Centromere protein W,GCST90427509,1a7edd24e1b71a286ff9fcb3461e826e
X8866.53,8866-53,Q9NXS2,QPCTL,Glutaminyl-peptide cyclotransferase-like protein,GCST90427510,2b1b630d88741c41de39f2953bc0f75a
X8867.18,8867-18,P09466,PAEP,Glycodelin,GCST90427511,fe992333367fb5ee094be6d986a9abbe
X8869.5,8869-5,Q7KYR7,BTN2A1,Butyrophilin subfamily 2 member A1,GCST90427512,76abb8e06479def2035ee030e0c7c6dd
X8870.38,8870-38,P06748,NPM1,Nucleophosmin,GCST90427513,dbef8f720fec21d6bb74195d946baaeb
X8871.14,8871-14,Q9Y266,NUDC,"Nuclear migration protein nudC:N-term, contains nuclear localization domain",GCST90427514,e3450d28b2bf2632c69ed06fc69a0007
X8872.1,8872-1,P60059,SEC61G,Protein transport protein Sec61 subunit gamma,GCST90427515,48270b5a1aab4e79b3bb828731f6ba95
X8874.53,8874-53,O75503,CLN5,Ceroid-lipofuscinosis neuronal protein 5:Lumenal domain,GCST90427516,4701f60e939b06fc9c0a3f2a37f74e55
X8876.51,8876-51,P58401,NRXN2,Neurexin-2-beta,GCST90427517,ba9e85c769f854da54a1187b096ef49d
X8877.22,8877-22,P58658,EVA1C,Protein eva-1 homolog C:Extracellular domain,GCST90427518,e5c2e29d0991a43c16c5a19b924bde7f
X8878.48,8878-48,Q96MU7,YTHDC1,YTH domain-containing protein 1,GCST90427519,2f9676b097691e49815abfc671b9fbb0
X8882.1,8882-1,P78536,ADAM17,Disintegrin and metalloproteinase domain-containing protein 17:Cytoplasmic domain,GCST90427520,5872cc1f4800a31a2c76b0192b504733
X8885.6,8885-6,Q8IZS8,CACNA2D3,Voltage-dependent calcium channel subunit alpha-2/delta-3,GCST90427521,15d04fe51fd3249fadc328d31e21a39f
X8887.21,8887-21,Q9Y266,NUDC,Nuclear migration protein nudC:CS domain,GCST90427522,c9397a189c77d32e3e0ba9b83f4aafc3
X8888.33,8888-33,A6NGZ8,SMIM9,Small integral membrane protein 9,GCST90427523,e5c060c01a0c73e95cbd33b8ec71e54a
X8889.5,8889-5,Q9ULG6,CCPG1,Cell cycle progression protein 1,GCST90427524,6e060d30d89879702552baa7b825b557
X8890.9,8890-9,Q14DG7,TMEM132B,Transmembrane protein 132B,GCST90427525,f870876d1cb1951c2cba26b696be65e4
X8891.7,8891-7,Q9H3G5,CPVL,Probable serine carboxypeptidase CPVL,GCST90427526,ca5a97c79e59673a0892b1209350769c
X8892.14,8892-14,Q5VY43,PEAR1,Platelet endothelial aggregation receptor 1:Cytoplasmic domain,GCST90427527,1c70bb44232d84754c6b97f874f196b6
X8893.29,8893-29,P09874,PARP1,Poly [ADP-ribose] polymerase 1:region 1,GCST90427528,8323513dd28bdc0f43ad7b579d922f9c
X8894.80,8894-80,Q99729,HNRNPAB,Heterogeneous nuclear ribonucleoprotein A/B,GCST90427529,1ff2f18b42d5c8f36722117a01065741
X8897.3,8897-3,A6NM11,LRRC37A2,Leucine-rich repeat-containing protein 37A2,GCST90427530,472af924222724ac64631cb67d266af7
X8899.75,8899-75,Q9HAW9,UGT1A8,UDP-glucuronosyltransferase 1-8,GCST90427531,36be4d777fe673ceb107ef4f87c6e955
X8900.28,8900-28,Q92859,NEO1,Neogenin,GCST90427532,4f991ff6c85b4697029147836672053a
X8901.40,8901-40,P61981,YWHAG,14-3-3 protein gamma,GCST90427533,650a8697ca7b85c76de3bc909e261ca5
X8903.1,8903-1,P09669,COX6C,Cytochrome c oxidase subunit 6C,GCST90427534,499944acbd38d4d8d35d0894e04e9907
X8905.20,8905-20,Q9NPA1,KCNMB3,Calcium-activated potassium channel subunit beta-3,GCST90427535,0d3d6c22af245a275fd5c9e857d639f3
X8906.60,8906-60,Q8N967,LRTM2,Leucine-rich repeat and transmembrane domain-containing protein 2,GCST90427536,3b5b5695a9b75dc04d6dfb2aae3ce6b4
X8907.11,8907-11,Q9Y4X1,UGT2A1,UDP-glucuronosyltransferase 2A1,GCST90427537,76431bb834038756ded2cd75fd5386f5
X8908.14,8908-14,Q9UJ90,KCNE5,Potassium voltage-gated channel subfamily E regulatory beta subunit 5:Cytoplasmic domain,GCST90427538,a5c8312e61f52a8ce109188cdfa7d2ae
X8913.22,8913-22,Q96RL6,SIGLEC11,"Sialic acid-binding Ig-like lectin 11:Cytoplasmic domain, Isoform 2",GCST90427539,006198e4b86b7edd45e3f543b439f401
X8916.32,8916-32,Q13586,STIM1,Stromal interaction molecule 1:Cytoplasmic domain,GCST90427540,cb5ddc5de207e1ef121d26c03be3ddc0
X8918.64,8918-64,Q14289,PTK2B,Protein-tyrosine kinase 2-beta:Focal adhesion targeting domain,GCST90427541,65337198d27a53d8988eb622932d7093
X8921.139,8921-139,Q86U42,PABPN1,Polyadenylate-binding protein 2,GCST90427542,b68a2b12f59e9bf235ed6f0a33d68c83
X8922.4,8922-4,Q9ULS5,TMCC3,Transmembrane and coiled-coil domains protein 3:region 1,GCST90427543,ec99d2fcf7258e42df83e85848fbe58a
X8923.94,8923-94,Q8N428,GALNT16,Polypeptide N-acetylgalactosaminyltransferase 16,GCST90427544,48b786cfd578ec5e97e0942dfed74783
X8924.55,8924-55,Q9NYX4,CALY,Neuron-specific vesicular protein calcyon,GCST90427545,e7c5ff0c94483fc168324461eb7866ac
X8925.25,8925-25,Q7LG56,RRM2B,Ribonucleoside-diphosphate reductase subunit M2 B,GCST90427546,8d1c10541c71030367d1dd0575e5e23e
X8927.6,8927-6,E0CX11,E0CX11,Uncharacterized protein C7orf73,GCST90427547,ee1fff54d4c1be8afc50a7dcea711238
X8929.7,8929-7,A6H8Y1,BDP1,Transcription factor TFIIIB component B'' homolog,GCST90427548,d2d3fb7cc23a25546b2cd14f7231d8f3
X8931.124,8931-124,P27469,G0S2,G0/G1 switch protein 2,GCST90427549,56cf4dc421579e553ea6029addb6b865
X8932.1,8932-1,O75354,ENTPD6,Ectonucleoside triphosphate diphosphohydrolase 6,GCST90427550,aae4928c151b5ac811cbf976489c0574
X8933.84,8933-84,Q06413,MEF2C,Myocyte-specific enhancer factor 2C,GCST90427551,78c2bd56a34087206e09a8846f109399
X8935.22,8935-22,O95255,ABCC6,Multidrug resistance-associated protein 6,GCST90427552,33d07cdf70535658d71b59857d80e91c
X8941.4,8941-4,Q9NZ94,NLGN3,Neuroligin-3,GCST90427553,77f9a3ca94917bc663d8aad6e104e499
X8942.2,8942-2,Q7Z2W9,MRPL21,"39S ribosomal protein L21, mitochondrial",GCST90427554,b5df16b15f448622e821e7ce0e2eb739
X8945.7,8945-7,Q15018,ABRAXAS2,BRISC complex subunit Abro1,GCST90427555,38694399b850e2eb41f68e8be2208a18
X8946.38,8946-38,Q96RI1,NR1H4,Bile acid receptor,GCST90427556,844ab70566f9180749c8e4c02f79c7f4
X8948.13,8948-13,Q9H013,ADAM19,Disintegrin and metalloproteinase domain-containing protein 19,GCST90427557,9adf9832b58c2f5ac86a5747107c62d8
X8950.4,8950-4,Q9UQC9,CLCA2,Calcium-activated chloride channel regulator 2,GCST90427558,81d3d3fe37d0f2c36120dbad242b25d1
X8951.162,8951-162,Q6UVK1,CSPG4,Chondroitin sulfate proteoglycan 4,GCST90427559,6c02dc3103e75648adde414b1e61d4db
X8952.65,8952-65,P09919,CSF3,Granulocyte colony-stimulating factor,GCST90427560,832c538e52b4b14bb8961f57380aaab1
X8953.47,8953-47,P51858,HDGF,Hepatoma-derived growth factor,GCST90427561,0e1eddecca3a45236c988b5392cb9ca3
X8954.30,8954-30,Q92918,MAP4K1,Mitogen-activated protein kinase kinase kinase kinase 1,GCST90427562,0d2e4a256520cce2f3e1f34b6f467cd2
X8955.60,8955-60,Q68CQ7,GLT8D1,Glycosyltransferase 8 domain-containing protein 1,GCST90427563,602ec95ead13cd3a351fcfc184de9d12
X8956.96,8956-96,Q96GP6,SCARF2,Scavenger receptor class F member 2:Extracellular domain,GCST90427564,5ce5171ac108ed95df3bf5a19948b6d5
X8957.72,8957-72,Q96DZ1,ERLEC1,Endoplasmic reticulum lectin 1,GCST90427565,e84e5bbedabf68fc8400d683f72d970b
X8958.51,8958-51,O00533,CHL1,Neural cell adhesion molecule L1-like protein,GCST90427566,b92719b6d29bbafb25190a6a5068add8
X8959.61,8959-61,P78536,ADAM17,Disintegrin and metalloproteinase domain-containing protein 17:Extracellular domain,GCST90427567,3835b0bc022e9a83b7b94e6dc069af0b
X8960.3,8960-3,Q6P179,ERAP2,Endoplasmic reticulum aminopeptidase 2,GCST90427568,2a3094fd79f19dcc617da4b3a4b377e0
X8962.48,8962-48,P23443,RPS6KB1,Ribosomal protein S6 kinase beta-1,GCST90427569,d944d33129e24fae3260e0a61a3da5aa
X8963.8,8963-8,Q9UEU0,VTI1B,Vesicle transport through interaction with t-SNAREs homolog 1B,GCST90427570,d18afed5f6fe3df795c32566293e0ec9
X8967.6,8967-6,Q9BV47,DUSP26,Dual specificity protein phosphatase 26,GCST90427571,ba0d673f674ef5996e16925e24edf6c2
X8969.49,8969-49,P08571,CD14,Monocyte differentiation antigen CD14,GCST90427572,efb44055c5a77be326bfbf7ba70fbcae
X8970.9,8970-9,O43353,RIPK2,Receptor-interacting serine/threonine-protein kinase 2,GCST90427573,5320e220630e0e7449c45b18a6b66fc8
X8971.9,8971-9,Q9ULB1,NRXN1,Neurexin-1,GCST90427574,88fe5704c69c3a62073adf490863a28f
X8973.23,8973-23,Q96PJ5,FCRL4,Fc receptor-like protein 4:Extracellular domain,GCST90427575,5988b7994879f974f508d55b32df3343
X8974.172,8974-172,P39059,COL15A1,Collagen alpha-1(XV) chain,GCST90427576,45dc8cb381fbfe5c07992412844581c7
X8975.26,8975-26,Q92600,CNOT9,Cell differentiation protein RCD1 homolog,GCST90427577,cc6a646e8d3783bb0a2bfe985ed9cdd8
X8976.13,8976-13,Q00973,B4GALNT1,"Beta-1,4 N-acetylgalactosaminyltransferase 1",GCST90427578,8d965a88281fd6530fa366a5ebf1a8ec
X8978.30,8978-30,Q8IVH8,MAP4K3,Mitogen-activated protein kinase kinase kinase kinase 3,GCST90427579,784e5d5f91728c86abddaec3efd53b16
X8980.19,8980-19,Q6Q8B3,CD200R1L,Cell surface glycoprotein CD200 receptor 2,GCST90427580,5e43574f5cae6aed5a07e0af735daf66
X8982.65,8982-65,P49746,THBS3,Thrombospondin-3,GCST90427581,fe2057fc3c779d0b12c235c39fda171d
X8983.7,8983-7,Q8NBJ4,GOLM1,Golgi membrane protein 1,GCST90427582,1b05fa5d258715f9606b309de342e333
X8984.28,8984-28,O75427,LRCH4,Leucine-rich repeat and calponin homology domain-containing protein 4:Leucine-rich repeat 5,GCST90427583,479f98f80d60b90ea9331a4873c36824
X8985.13,8985-13,Q96JX3,SERAC1,Protein SERAC1,GCST90427584,9dd7e3e20cc13b9875ff3d7f70840399
X8986.2,8986-2,O43175,PHGDH,D-3-phosphoglycerate dehydrogenase,GCST90427585,4c64effadb87002e5acc036e162cb1bf
X8989.40,8989-40,Q8IWY4,SCUBE1,"Signal peptide, CUB and EGF-like domain-containing protein 1",GCST90427586,a40deff6cf2637f6925897550b22d0e4
X8991.115,8991-115,Q96PJ5,FCRL4,Fc receptor-like protein 4:Cytoplasmic domain,GCST90427587,63141a305358aff9dd22509e097445cf
X8992.1,8992-1,Q9UHN6,CEMIP2,Transmembrane protein 2,GCST90427588,c5478ed59072cefb11a91dd8d7dfce48
X8993.151,8993-151,O43353,RIPK2,Receptor-interacting serine/threonine-protein kinase 2,GCST90427589,5e0c6112f1d708a0ba031b23330fd0b5
X8994.65,8994-65,Q9P0V8,SLAMF8,SLAM family member 8,GCST90427590,6236e080c76f6441afbb8e74c31b3873
X8997.4,8997-4,O95502,NPTXR,Neuronal pentraxin receptor,GCST90427591,1ae36e6893f528570b7b5dd1c1692df1
X8998.15,8998-15,Q9Y661,HS3ST4,Heparan sulfate glucosamine 3-O-sulfotransferase 4,GCST90427592,1370bd2bcb51485f6ec262e945eba1b6
X8999.19,8999-19,P40198,CEACAM3,Carcinoembryonic antigen-related cell adhesion molecule 3,GCST90427593,28407102d0601b2d85ab55bee2601048
X9000.177,9000-177,Q07837,SLC3A1,Neutral and basic amino acid transport protein rBAT,GCST90427594,f8f10a15526f80ac77a7684fefba4acd
X9002.36,9002-36,Q86U17,SERPINA11,Serpin A11,GCST90427595,a1dbd6f3f2d520ae012d6d52182b85ab
X9003.99,9003-99,Q9UEW3,MARCO,Macrophage receptor MARCO,GCST90427596,5585e161a769bc2802e6841b67c5a572
X9004.24,9004-24,O15165,LDLRAD4,Low-density lipoprotein receptor class A domain-containing protein 4,GCST90427597,44f38cd651d0735b9a9e79c3e6ea01e3
X9005.16,9005-16,Q9UIW2,PLXNA1,Plexin-A1,GCST90427598,6e450080ec63e3db91f6a74276bbc385
X9008.6,9008-6,O14668,PRRG1,"Transmembrane gamma-carboxyglutamic acid protein 1:Pro-form, Extracellular domain",GCST90427599,3d7ebe56a9263d3d2ec17d6c08bb566a
X9012.1,9012-1,O94906,PRPF6,Pre-mRNA-processing factor 6:region 1,GCST90427600,5661fcc4ce76147e5ba1e15cbf802d8b
X9013.60,9013-60,O95631,NTN1,Netrin-1,GCST90427601,37658ef1ad50f955b79014f85753e843
X9014.18,9014-18,Q86YD3,TMEM25,Transmembrane protein 25,GCST90427602,a8125269dd19f607ca35c6518c3a55f4
X9015.1,9015-1,Q9Y2Y8,PRG3,Proteoglycan 3,GCST90427603,9f01528777fc420f13430ab226fd54e6
X9016.12,9016-12,P55055,NR1H2,Oxysterols receptor LXR-beta,GCST90427604,ef027871642efb92ae13bbe7e595d591
X9017.58,9017-58,P09848,LCT,Lactase-phlorizin hydrolase,GCST90427605,c64dc72da112a9ea25fee6c5d036d640
X9018.38,9018-38,Q9P2E7,PCDH10,Protocadherin-10:Extracellular domain,GCST90427606,5e546a21637d8b96cde2763019d9d8c1
X9021.1,9021-1,Q96D42,HAVCR1,Hepatitis A virus cellular receptor 1,GCST90427607,31c66362dbd0c96c8b5599b9f363bf32
X9022.49,9022-49,Q7Z7B7,DEFB132,Beta-defensin 132,GCST90427608,1f924dc9d5c794328d94ab0aec577b56
X9025.5,9025-5,Q9NZD4,AHSP,Alpha-hemoglobin-stabilizing protein,GCST90427609,09079e65aecdae9140f0570f01aedcca
X9026.40,9026-40,Q6UX41,BTNL8,Butyrophilin-like protein 8,GCST90427610,f3efa90f062646123c059cda8abc5b3e
X9027.10,9027-10,Q8NFZ4,NLGN2,Neuroligin-2:Cytoplasmic domain,GCST90427611,43972e151d5830049a3a27483186c487
X9028.5,9028-5,Q9NVV4,MTPAP,"Poly(A) RNA polymerase, mitochondrial",GCST90427612,760b6aced97674c8185f3889e447e46a
X9030.56,9030-56,A1L188,NDUFAF8,Uncharacterized protein C17orf89,GCST90427613,cdddfb6ef97ea7bb86c179fe60293b83
X9032.30,9032-30,P08922,ROS1,Proto-oncogene tyrosine-protein kinase ROS,GCST90427614,d47997d78d54f539f30147606f3b3d57
X9035.2,9035-2,P50539,MXI1,MAX-interacting protein 1,GCST90427615,c22cdf808063ea26cc8d6f9fd1c09b72
X9037.1,9037-1,Q9P2W9,STX18,Syntaxin-18,GCST90427616,7ed038a13c22dd2399d44f34789a6d46
X9038.12,9038-12,O76095,JTB,Protein JTB,GCST90427617,e222072e31bbda2494052ef525e323a2
X9039.47,9039-47,Q5JTV8,TOR1AIP1,Torsin-1A-interacting protein 1:Nuclear domain,GCST90427618,6c2b311e3f23201cf2955fbfd3ae4386
X9040.144,9040-144,Q9UM22,EPDR1,Mammalian ependymin-related protein 1,GCST90427619,f13cded92d29324aee57083178073c03
X9043.7,9043-7,Q9UBB9,TFIP11,Tuftelin-interacting protein 11,GCST90427620,8b0a429f3027679a08f5aef47ad4a9ac
X9044.1,9044-1,Q8WYK1,CNTNAP5,Contactin-associated protein-like 5,GCST90427621,9b56487eddc13ca4595e671894add543
X9045.3,9045-3,O14975,SLC27A2,Very long-chain acyl-CoA synthetase,GCST90427622,49acfd27ffd22235dec61b6378105760
X9049.2,9049-2,O15427,SLC16A3,Monocarboxylate transporter 4,GCST90427623,3c6674b6f4444edd98d6609566deffb3
X9050.170,9050-170,Q9BUV0,RSRP1,Arginine/serine-rich protein 1,GCST90427624,c669ea64c5a45ef89c7fc5d71da1bfd0
X9051.13,9051-13,P24001,IL32,Interleukin-32,GCST90427625,7b4c8ceb9314b5fb59f030b777c92229
X9053.16,9053-16,P52943,CRIP2,Cysteine-rich protein 2,GCST90427626,4772a5ffdbc87fda89c6b9921993ce48
X9055.81,9055-81,P0CAP1,MYZAP,Myocardial zonula adherens protein,GCST90427627,d62e04ac810a5de646b97763360402bc
X9057.19,9057-19,Q16186,ADRM1,Proteasomal ubiquitin receptor ADRM1,GCST90427628,8bbc9cd7e052cccbcef0adac38d80536
X9058.1,9058-1,Q9BVV7,TIMM21,Mitochondrial import inner membrane translocase subunit Tim21,GCST90427629,312c32beedf1efa353c3d99972c1e462
X9059.14,9059-14,Q92565,RAPGEF5,Rap guanine nucleotide exchange factor 5,GCST90427630,f276aaea3e587dc7adbb3d11caf2ac1e
X9060.27,9060-27,Q9UPX0,IGSF9B,Protein turtle homolog B,GCST90427631,ad0378693d34111db6485351e905cfd0
X9061.3,9061-3,O15013,ARHGEF10,Rho guanine nucleotide exchange factor 10,GCST90427632,6184200b13bb7b96aa2a67e5f1d2b0c1
X9064.12,9064-12,Q9Y6U7,RNF215,RING finger protein 215:Cytoplasmic domain,GCST90427633,ee8c3ae7bc0da2faf71379295ef954b3
X9065.28,9065-28,P40222,TXLNA,Alpha-taxilin,GCST90427634,2604b4667954f7c7cd894462afabd701
X9068.17,9068-17,Q5VZ66,JAKMIP3,Janus kinase and microtubule-interacting protein 3,GCST90427635,417e2cfa4fdf2c54dbd25d76e9b7f20d
X9070.1,9070-1,Q0P5P2,C17orf67,Uncharacterized protein C17orf67,GCST90427636,a6d6409399521a33d3e778658819896c
X9074.6,9074-6,Q96IV6,FAXDC2,Fatty acid hydroxylase domain-containing protein 2,GCST90427637,be2a1717806fbd7970b529b212ccb541
X9075.121,9075-121,Q9UPX6,MINAR1,UPF0258 protein KIAA1024,GCST90427638,d76799226e84099a1c82d70750086b07
X9076.25,9076-25,P01210,PENK,Proenkephalin-A,GCST90427639,e1308da15f03c4fa984a0464f84e2739
X9077.10,9077-10,O60476,MAN1A2,"Mannosyl-oligosaccharide 1,2-alpha-mannosidase IB",GCST90427640,62293eba44d1a3c266b7b737b35066d0
X9078.207,9078-207,Q13884,SNTB1,Beta-1-syntrophin,GCST90427641,a0beed141b7121022bb2e7d215136a39
X9081.39,9081-39,Q99726,SLC30A3,Zinc transporter 3,GCST90427642,5aca336b68b32e7fde07200970de9cb0
X9082.25,9082-25,Q5TEA6,SEL1L2,Protein sel-1 homolog 2,GCST90427643,362f978767667ccc2c2e010305657922
X9083.35,9083-35,P78324,SIRPA,Tyrosine-protein phosphatase non-receptor type substrate 1,GCST90427644,e0ea1921ccf63275d654ef979262a978
X9086.95,9086-95,O75556,SCGB2A1,Mammaglobin-B,GCST90427645,45ddb27dac842249c759e3145b921797
X9087.8,9087-8,Q5JS37,NHLRC3,NHL repeat-containing protein 3,GCST90427646,626152a8ced8be86079b39253d412490
X9089.77,9089-77,Q8WXH2,JPH3,Junctophilin-3,GCST90427647,b293f606525261768fe6c311d531b83a
X9090.9,9090-9,Q96C24,SYTL4,Synaptotagmin-like protein 4:Ca2+-dependent membrane-targeting module 1,GCST90427648,c240a0d44e3688b925876bb1dbe381c5
X9092.33,9092-33,O95841,ANGPTL1,Angiopoietin-related protein 1:N-term,GCST90427649,a055d915b97519aa6d2d26b27014afd1
X9094.5,9094-5,Q8WTT0,CLEC4C,C-type lectin domain family 4 member C,GCST90427650,00ef7a32bb4fe647e44756425c459ead
X9095.5,9095-5,Q15390,MTFR1,Mitochondrial fission regulator 1,GCST90427651,579ac3b89536c837f0cc3afec9e05616
X9096.80,9096-80,Q12912,IRAG2,Lymphoid-restricted membrane protein,GCST90427652,999761c7b3bce9733d90e033f9eea473
X9097.5,9097-5,Q6UXG2,ELAPOR1,UPF0577 protein KIAA1324:Cytoplasmic domain,GCST90427653,de4dadf86c90badc31e2367a15e849b1
X9099.19,9099-19,O00445,SYT5,Synaptotagmin-5,GCST90427654,fa4f558dbcf35dbcb346157d0bdde46b
X9100.32,9100-32,Q6UWT4,C5orf46,Uncharacterized protein C5orf46,GCST90427655,43e71e942cdb99aa3667bb4ac83479cf
X9102.28,9102-28,Q5T4F4,ZFYVE27,"Protrudin:Cytoplasmic domain, region 2, isoform 5",GCST90427656,3ad412d27df6d397ce1c59709c6f3231
X9106.87,9106-87,Q5XG99,LYSMD4,LysM and putative peptidoglycan-binding domain-containing protein 4,GCST90427657,1998d12dbfbb68ef23e96adcef2c732e
X9107.59,9107-59,Q8N2F6,ARMC10,Armadillo repeat-containing protein 10,GCST90427658,fb2a7a87c56f691453010c1c876277bc
X9110.2,9110-2,Q9BSW7,SYT17,Synaptotagmin-17,GCST90427659,5c70fae64fcbc0a7abd5cbfa1d4d8427
X9111.40,9111-40,Q96JJ6,JPH4,Junctophilin-4,GCST90427660,7a34477758199ccfc86af47ececd8f24
X9114.84,9114-84,Q5DID0,UMODL1,Uromodulin-like 1,GCST90427661,5c8f09c8c1c3937531bf78e9e8dd6187
X9115.78,9115-78,O15204,ADAMDEC1,ADAM DEC1,GCST90427662,1af9a33055aae08fff7aab3a63dfc273
X9116.28,9116-28,A8MVW5,HEPACAM2,"HEPACAM family member 2:Isoform 1, Cytoplasmic domain",GCST90427663,c43956256199741204b2051c49778076
X9117.4,9117-4,Q9NZH8,IL36G,Interleukin-36 gamma,GCST90427664,fd60c5f43b9e8bdafc55b96d89b6019a
X9118.7,9118-7,Q9BQI7,PSD2,PH and SEC7 domain-containing protein 2,GCST90427665,71d8c9c2b98ea1b95010b91fbf474f77
X9121.28,9121-28,Q10981,FUT2,Galactoside 2-alpha-L-fucosyltransferase 2,GCST90427666,22103ae5dcfbdc3a043a8ac8b64a9752
X9123.18,9123-18,Q8N350,CBARP,Protein Dos,GCST90427667,8a4b757d3fda38f80533fef1dfeb7397
X9125.23,9125-23,P48740,MASP1,Mannan-binding lectin serine protease 1:Sushi 1 and Sushi 2,GCST90427668,cf100ad2f7efbe1d570ce8367247b109
X9126.171,9126-171,Q86UY8,NT5DC3,5'-nucleotidase domain-containing protein 3,GCST90427669,2aa7a24944768bb74b068d18b1a7f286
X9127.4,9127-4,P58743,SLC26A5,Prestin,GCST90427670,03174717966b1bfeabe79da1e6dcbb2a
X9128.34,9128-34,Q9NZU0,FLRT3,Leucine-rich repeat transmembrane protein FLRT3:Cytoplasmic domain,GCST90427671,32a6e03f2055cd3d4d12830927ca061e
X9168.31,9168-31,Q9Y258,CCL26,C-C motif chemokine 26,GCST90427672,ff46a21fd500295230922da50266a37c
X9169.14,9169-14,P55854,SUMO3,Small ubiquitin-related modifier 3,GCST90427673,de0d31a069c9277b18070f20c7df843d
X9170.24,9170-24,Q16552,IL17A,Interleukin-17A,GCST90427674,7a57661c208547324bd085f86a9883f8
X9171.11,9171-11,P50461,CSRP3,Cysteine and glycine-rich protein 3,GCST90427675,e05b9049a19d41ffcf7c1d49bcf642a4
X9172.69,9172-69,P22894,MMP8,Neutrophil collagenase,GCST90427676,0f2670500c064d581499b6da0f7f6ce4
X9173.21,9173-21,P36871,PGM1,Phosphoglucomutase-1,GCST90427677,56786aff4a7a6213f7d3b08e0fcd5263
X9175.48,9175-48,O60469,DSCAM,Down syndrome cell adhesion molecule,GCST90427678,4797abd1d600555ff5df82942df58a87
X9176.3,9176-3,P15941,MUC1,Mucin-1:region 2,GCST90427679,f52decb841cef9870c7b12a3f1f7f506
X9177.6,9177-6,P58499,FAM3B,Protein FAM3B,GCST90427680,1069740eaa356c6210787c37196a7235
X9178.30,9178-30,Q02297,NRG1,Neuregulin-1,GCST90427681,260fd0c4d777cdc49b2762daace7fa46
X9180.6,9180-6,P38484,IFNGR2,Interferon gamma receptor 2:Extracellular domain,GCST90427682,9f61d49ff7599ee85cfe7662c2b43fe8
X9182.3,9182-3,Q07954,LRP1,"Low-density lipoprotein receptor-related protein 1, soluble:Extracellular domain, LDL receptor class A domains 11-20",GCST90427683,b4107dacd2bb10f88b5f146ba6a289f9
X9183.7,9183-7,P17181,IFNAR1,Interferon alpha/beta receptor 1,GCST90427684,e6d2d4bf31d89d34c9fc8f95992ba4ee
X9185.15,9185-15,P04155,TFF1,Trefoil factor 1,GCST90427685,d95f7da76dfaf1a0a16ddf1fd45e1aa1
X9187.2,9187-2,P05114,HMGN1,Non-histone chromosomal protein HMG-14,GCST90427686,0274b2b4128cbfb92d30f60aab03e58d
X9188.119,9188-119,Q07325,CXCL9,C-X-C motif chemokine 9,GCST90427687,06c4dc00163792063f47a3b788f2fcbb
X9190.7,9190-7,P08962,CD63,CD63 antigen,GCST90427688,ab2472e9684ae7c83557a6284bec0a42
X9191.8,9191-8,Q03403,TFF2,Trefoil factor 2,GCST90427689,aa57bab237dda9ef68fa7436876f9c34
X9196.8,9196-8,P47929,LGALS7,Galectin-7,GCST90427690,21eb061b48b93e8dbd995a22d955534b
X9197.4,9197-4,O00182,LGALS9,Galectin-9,GCST90427691,78cf8eafff0d47d7f0f678c875261e90
X9199.6,9199-6,P60604,UBE2G2,Ubiquitin-conjugating enzyme E2 G2,GCST90427692,77ac75fbbe58db7e1a5cbe2d9abad878
X9201.13,9201-13,P37802,TAGLN2,Transgelin-2,GCST90427693,71ff58c0bb14eb1340834b7f719795df
X9202.309,9202-309,P48047,ATP5PO,"ATP synthase subunit O, mitochondrial",GCST90427694,cfd5c2588e26b68e0c2bd5b718836506
X9204.33,9204-33,P01189,POMC,Pro-opiomelanocortin,GCST90427695,13e74e894e73777abb454802d347f653
X9207.60,9207-60,O95825,CRYZL1,Quinone oxidoreductase-like protein 1,GCST90427696,9cedb8fbc691962b5597a04078b356d7
X9211.19,9211-19,P36955,SERPINF1,Pigment epithelium-derived factor,GCST90427697,f17a0534c121bad0b095c97ac97defb3
X9212.22,9212-22,Q9UBX1,CTSF,Cathepsin F,GCST90427698,06a6040601d23a54f175a9f0b9043aff
X9213.24,9213-24,O95954,FTCD,Formimidoyltransferase-cyclodeaminase,GCST90427699,a59916f6f63069f250c54165f05a7241
X9215.117,9215-117,Q9UHP3,USP25,Ubiquitin carboxyl-terminal hydrolase 25,GCST90427700,566b1f6b68bead480e5fd364eda3d76f
X9216.100,9216-100,O15031,PLXNB2,Plexin-B2,GCST90427701,0df357223fbb959ea42866cc7d26a21c
X9218.7,9218-7,P25445,FAS,Tumor necrosis factor receptor superfamily member 6,GCST90427702,4bf77c657bc2eaf4e1e95aaa3598e2f9
X9219.70,9219-70,Q9UMX5,NENF,Neudesin,GCST90427703,c7f5608cc666b9ec59435d7a0228c93a
X9220.7,9220-7,P54753,EPHB3,Ephrin type-B receptor 3,GCST90427704,d25980dae05fd0198121f5d04656743b
X9221.6,9221-6,Q6GPH6,ITPRIPL1,"Inositol 1,4,5-trisphosphate receptor-interacting protein-like 1",GCST90427705,706e6602990a4bdc98c4c2a7b87f3248
X9223.11,9223-11,P55145,MANF,Mesencephalic astrocyte-derived neurotrophic factor,GCST90427706,767917fa72c5f0afb3c48663795a6088
X9224.20,9224-20,P16471,PRLR,Prolactin receptor,GCST90427707,fa72d48c2c6c599f65eb303134c2d446
X9226.6,9226-6,Q71RG4,TMUB2,Transmembrane and ubiquitin-like domain-containing protein 2,GCST90427708,8320709607bf3dbb14f7c51cec65ab0a
X9229.9,9229-9,P40313,CTRL,Chymotrypsin-like protease CTRL-1,GCST90427709,06b7bd6ed73ad2e1172920472700dfdb
X9231.23,9231-23,Q9NX62,BPNT2,Inositol monophosphatase 3,GCST90427710,5436e289398d1db9339a024c20e47764
X9232.1,9232-1,Q8WZ75,ROBO4,Roundabout homolog 4,GCST90427711,a4e31b2781bf63feb8c49d7209fc2553
X9233.71,9233-71,P48307,TFPI2,Tissue factor pathway inhibitor 2,GCST90427712,8036500e88600e521ff11b809f7e14ba
X9234.8,9234-8,Q9GZX9,TWSG1,Twisted gastrulation protein homolog 1,GCST90427713,4a5937b4ec2f047e36ca97169e8c6e6b
X9235.3,9235-3,Q8IUK5,PLXDC1,Plexin domain-containing protein 1,GCST90427714,ed0968e989e0a80c549a398f34657ef7
X9241.40,9241-40,Q9P1W8,SIRPG,Signal-regulatory protein gamma,GCST90427715,706f6b1eaaf0e194081c8a8b0a402c98
X9242.11,9242-11,P35070,BTC,Betacellulin,GCST90427716,6a380ea097da97b85a668d742b1e9ac7
X9243.10,9243-10,Q8N1E2,LYG1,Lysozyme g-like protein 1,GCST90427717,09eaf0962dcf00e93eb6b5b766883601
X9244.27,9244-27,P50897,PPT1,Palmitoyl-protein thioesterase 1,GCST90427718,67a7f8c11e5d330ba112c6be77eadfb4
X9245.1,9245-1,Q99706,KIR2DL4,Killer cell immunoglobulin-like receptor 2DL4,GCST90427719,e0e01420f5d5e3a6191f566033cf1294
X9248.36,9248-36,Q969H8,MYDGF,Myeloid-derived growth factor,GCST90427720,e8d6a9880f64f64d0c02e55694a3ab47
X9249.17,9249-17,Q9P0T7,TMEM9,Transmembrane protein 9:Extracellular domain,GCST90427721,88ea85c9b0a5faef659bb87345656c88
X9250.87,9250-87,P59665,DEFA1,Neutrophil defensin 1,GCST90427722,c85cf6392b217d17c17b06a6985a9697
X9251.28,9251-28,Q9Y2E5,MAN2B2,Epididymis-specific alpha-mannosidase,GCST90427723,12456982f459bcb49807d238ed454fed
X9253.52,9253-52,P16442,ABO,Histo-blood group ABO system transferase,GCST90427724,bc8ef061fb962721092e2ccfac0f74be
X9254.18,9254-18,P12319,FCER1A,High affinity immunoglobulin epsilon receptor subunit alpha,GCST90427725,bffa8e1d509580df001076c50a8a06c3
X9255.5,9255-5,Q9P0M4,IL17C,Interleukin-17C,GCST90427726,c0f50219ed3b0e3dc664fe15a3107fe3
X9256.78,9256-78,Q15818,NPTX1,Neuronal pentraxin-1,GCST90427727,59849b3b8d4264959399023043847a77
X9257.14,9257-14,Q9BSH4,TACO1,Translational activator of cytochrome c oxidase 1,GCST90427728,fe55898a3e40f2389dc41a1c64cc1dd5
X9259.35,9259-35,O75509,TNFRSF21,Tumor necrosis factor receptor superfamily member 21,GCST90427729,06e9d2a932f6c2a82ee4f2fa819f4a72
X9261.14,9261-14,O15197,EPHB6,Ephrin type-B receptor 6,GCST90427730,076c0625b360a5a8377bc52e5f5ce6dc
X9263.57,9263-57,Q9HAT2,SIAE,Sialate O-acetylesterase,GCST90427731,a9f2c195c02fbddca3d540157d8ee99e
X9264.11,9264-11,P43234,CTSO,Cathepsin O,GCST90427732,19d125a4e03e5b096b89b35e35f82510
X9265.10,9265-10,P48060,GLIPR1,Glioma pathogenesis-related protein 1,GCST90427733,e785f1561326fe824d260c75d0667dd2
X9266.1,9266-1,Q9NP99,TREM1,Triggering receptor expressed on myeloid cells 1,GCST90427734,ad98e321e9fe464167196536716b8c5c
X9269.7,9269-7,P43251,BTD,Biotinidase,GCST90427735,d23e56cbaef49d2458b60b39c580552f
X9271.101,9271-101,Q13586,STIM1,Stromal interaction molecule 1:Extracellular domain,GCST90427736,be3c36ccc4a5344c1d2c6f862fcd4693
X9275.2,9275-2,O15389,SIGLEC5,Sialic acid-binding Ig-like lectin 5,GCST90427737,255a125b24a9cb5cd531b7de19a7259c
X9276.7,9276-7,P48052,CPA2,Carboxypeptidase A2,GCST90427738,ec026500d873496e839b7cd9c39bef15
X9277.16,9277-16,Q06141,REG3A,Regenerating islet-derived protein 3-alpha,GCST90427739,afbf331df14b8b84ddec89b0debfe0bb
X9278.9,9278-9,P48061,CXCL12,Stromal cell-derived factor 1,GCST90427740,509d7517cb292c3c82a59995bc9c5352
X9279.7,9279-7,Q5DX21,IGSF11,Immunoglobulin superfamily member 11:Extracellular domain,GCST90427741,592fec9c2faf4f5ab69ea33d1c31053c
X9282.12,9282-12,P16562,CRISP2,Cysteine-rich secretory protein 2,GCST90427742,b7452e6437a79f2c894c0ef39e0d20f0
X9283.8,9283-8,P16070,CD44,CD44 antigen,GCST90427743,624dab0e625bb4de5c57c9a6664af681
X9284.25,9284-25,Q6FHJ7,SFRP4,Secreted frizzled-related protein 4,GCST90427744,cfa4f17e2ad54000a13e56823029e3bd
X9287.6,9287-6,P35270,SPR,Sepiapterin reductase,GCST90427745,18d3da004ee11d58edc09bf28fe58592
X9288.7,9288-7,Q9Y680,FKBP7,Peptidyl-prolyl cis-trans isomerase FKBP7,GCST90427746,c965222bf5e31513215f2a4539b5ff60
X9290.8,9290-8,Q96TC7,RMDN3,Regulator of microtubule dynamics protein 3,GCST90427747,6dc9a0c4c0ea5303ad625efa9a79ab14
X9294.45,9294-45,P55001,MFAP2,Microfibrillar-associated protein 2,GCST90427748,6ad4645f324e98790cbc1ae1d9c378cd
X9296.15,9296-15,P23468,PTPRD,Receptor-type tyrosine-protein phosphatase delta,GCST90427749,bd3ff6f086b2c58acc13bf9f9f306825
X9297.12,9297-12,Q7Z7M8,B3GNT8,"UDP-GlcNAc:betaGal beta-1,3-N-acetylglucosaminyltransferase 8",GCST90427750,81e43d749e2ebbc6e5691795f4fc0317
X9300.13,9300-13,Q15223,NECTIN1,"Nectin-1, isoform gamma:Extracellular domain",GCST90427751,ac440d5f38b838e03d081935e4221b8e
X9302.90,9302-90,Q8TAE8,GADD45GIP1,Growth arrest and DNA damage-inducible proteins-interacting protein 1,GCST90427752,ec2dd679bb185aded170bfc39b10fbf4
X9303.9,9303-9,O75144,ICOSLG,ICOS ligand,GCST90427753,6d0175f12cc1289beab526cd55144213
X9305.89,9305-89,P38484,IFNGR2,Interferon gamma receptor 2:Extracellular domain,GCST90427754,e9f8fd858fad36a3dd55e6020df476eb
X9306.7,9306-7,Q96PH6,DEFB118,Beta-defensin 118,GCST90427755,bfac8bf19f49ac418b5f3aa118203614
X9310.2,9310-2,P10966,CD8B,T-cell surface glycoprotein CD8 beta chain,GCST90427756,63b5fff7cb72e33c2582d9d99a222a97
X9312.8,9312-8,P25311,AZGP1,Zinc-alpha-2-glycoprotein,GCST90427757,e33bb72387104b599fd8f8a0c04f3d35
X9313.27,9313-27,P23435,CBLN1,Cerebellin-1,GCST90427758,129e09a47d28a63908e4660bb7c26a62
X9315.16,9315-16,Q969V5,MUL1,Mitochondrial ubiquitin ligase activator of NFKB 1:Mitochindrial intermembrane domain,GCST90427759,dd08ca75e5b3899e37ccb6e74e017f95
X9316.67,9316-67,Q9HC57,WFDC1,WAP four-disulfide core domain protein 1,GCST90427760,8f9522abddf9c77c56c07a9343efd643
X9317.4,9317-4,Q8N386,LRRC25,Leucine-rich repeat-containing protein 25:Extracellular domain,GCST90427761,26a095eb132d642f8e3629e72e07d077
X9319.59,9319-59,Q7Z7H5,TMED4,Transmembrane emp24 domain-containing protein 4,GCST90427762,25d9c902653f61b5c37980d366979b9b
X9321.400,9321-400,P08949,NMB,Neuromedin-B,GCST90427763,c64aa983236c9bf140ed34162459b7d2
X9326.33,9326-33,P19823,ITIH2,Inter-alpha-trypsin inhibitor heavy chain H2,GCST90427764,cc61146da94fff8073370ceca3363a6f
X9327.3,9327-3,Q8N2G4,LYPD1,Ly6/PLAUR domain-containing protein 1,GCST90427765,12a118d845e9d8f728a8681594f82f68
X9329.28,9329-28,Q86YW5,TREML1,"Trem-like transcript 1 protein:Extracellular domain, Ig-like V-type domain",GCST90427766,4e97a71017c6894d52c1661da8fa8985
X9332.6,9332-6,Q30KP8,DEFB136,Beta-defensin 136,GCST90427767,37dfc3de8ecd84aa44dff001e06ff247
X9333.59,9333-59,Q96DN0,ERP27,Endoplasmic reticulum resident protein 27,GCST90427768,ae0167eb7c7a5ef6acf5eaf934c01a94
X9337.43,9337-43,P20366,TAC1,Protachykinin-1,GCST90427769,41fd711e5c113be9f465f9b214292184
X9339.204,9339-204,P26885,FKBP2,Peptidyl-prolyl cis-trans isomerase FKBP2,GCST90427770,afdd22682a69604bc85a2f62d4e4a87a
X9340.17,9340-17,Q9NWM8,FKBP14,Peptidyl-prolyl cis-trans isomerase FKBP14,GCST90427771,48b0aa905aac520e0823c8b5ac2af405
X9341.1,9341-1,Q9GZP0,PDGFD,Platelet-derived growth factor D,GCST90427772,a84e1e4073cb3fd6922737cf6853c443
X9343.16,9343-16,P14784,IL2RB,Interleukin-2 receptor subunit beta,GCST90427773,07bbd4c6464dfd6dd593e87f239e0ccc
X9345.436,9345-436,Q8IUB5,WFDC13,WAP four-disulfide core domain protein 13,GCST90427774,6771d5b626067f66b96207bb4b586b31
X9348.1,9348-1,Q9NZP8,C1RL,Complement C1r subcomponent-like protein,GCST90427775,ff138ef1079f4c6c5ecbd3bfe52278ac
X9350.3,9350-3,Q6MZW2,FSTL4,Follistatin-related protein 4,GCST90427776,1a40527e3dd48d41ca4ca275389bc760
X9357.4,9357-4,O75629,CREG1,Protein CREG1,GCST90427777,007dda2b0d4597efdebbbb788794183a
X9359.9,9359-9,Q6UY11,DLK2,Protein delta homolog 2,GCST90427778,8335693e0d070560d4f5be83baf0cc0a
X9360.33,9360-33,O43854,EDIL3,EGF-like repeat and discoidin I-like domain-containing protein 3,GCST90427779,6f6adb9ba89aa5fa023923c78d450894
X9361.7,9361-7,Q9Y5I4,PCDHAC2,Protocadherin alpha-C2,GCST90427780,8548a0aca0a014c2568d9071afa9ee13
X9363.11,9363-11,Q8WUE5,CT55,Cancer/testis antigen 55,GCST90427781,a2565d5d827c125b1f55e691e050ca41
X9365.91,9365-91,Q5T1H1,EYS,Protein eyes shut homolog,GCST90427782,0ccca85cf5af07d015edfd9a6348ca2e
X9366.54,9366-54,Q9HBE5,IL21R,Interleukin-21 receptor,GCST90427783,a9c4094a267287fcdcb740f629a7bdda
X9368.64,9368-64,Q9HBL6,LRTM1,Leucine-rich repeat and transmembrane domain-containing protein 1,GCST90427784,d20efb0568df0ab626f694c45e53aaa6
X9369.174,9369-174,Q9HCJ2,LRRC4C,Leucine-rich repeat-containing protein 4C,GCST90427785,c9c3fd49f308384cf63e5d01c42a48c8
X9370.69,9370-69,Q92820,GGH,Gamma-glutamyl hydrolase,GCST90427786,3e5059750527b046487f1db6e4abdb3f
X9372.157,9372-157,O60487,MPZL2,Myelin protein zero-like protein 2,GCST90427787,af6cf3e4542636491ad5576b2b81c803
X9377.25,9377-25,P21583,KITLG,Kit ligand,GCST90427788,3e86ace3113e5a64a8912958960de060
X9378.6,9378-6,Q8N539,FIBCD1,Fibrinogen C domain-containing protein 1,GCST90427789,339f6f83feccc1dc959db7ae00211242
X9380.2,9380-2,Q9BX93,PLA2G12B,Group XIIB secretory phospholipase A2-like protein,GCST90427790,c634a7a5df68fb3aae52eb789ec58c54
X9383.24,9383-24,Q15782,CHI3L2,Chitinase-3-like protein 2,GCST90427791,4d73ac8214be8d956d0366b0dbca239d
X9384.17,9384-17,P49913,CAMP,Cathelicidin antimicrobial peptide,GCST90427792,428a5524bc02609230f4fa81d0b27b23
X9385.4,9385-4,P10253,GAA,Lysosomal alpha-glucosidase,GCST90427793,3ce95b4199f13e67078be1abe19c8a9c
X9386.42,9386-42,Q8N6N2,TTC9B,Tetratricopeptide repeat protein 9B,GCST90427794,acad1233659a4b3661bef811df13a2e0
X9388.18,9388-18,Q96PE7,MCEE,"Methylmalonyl-CoA epimerase, mitochondrial",GCST90427795,ca91c63ede36c46db08ab5c728bbec9c
X9391.60,9391-60,Q9UHG2,PCSK1N,ProSAAS,GCST90427796,9c8e5e1d579ebb2788a139b5a7aa6e61
X9392.43,9392-43,Q9UM21,MGAT4A,"Alpha-1,3-mannosyl-glycoprotein 4-beta-N-acetylglucosaminyltransferase A",GCST90427797,162e52777598b92dba93fa3cbe01e400
X9394.19,9394-19,Q9Y646,CPQ,Carboxypeptidase Q,GCST90427798,ef166212a0587a6a3a6f942718f222d1
X9398.30,9398-30,Q9UBC7,GALP,Galanin-like peptide,GCST90427799,1f44dfd8ed7196af104896e5b3a8a787
X9400.40,9400-40,P47929,LGALS7,Galectin-7,GCST90427800,b214c7eaab650aa54ce1dde9f3f4e39b
X9401.57,9401-57,Q86V40,TRABD2A,Metalloprotease TIKI1,GCST90427801,ed82f8ddeaf2a17ffdf29dc3c9ee9247
X9402.18,9402-18,Q8N8Z6,DCBLD1,"Discoidin, CUB and LCCL domain-containing protein 1",GCST90427802,7d3388216073eb4cc91db5cdf297236d
X9409.11,9409-11,Q15661,TPSAB1,Tryptase beta-1,GCST90427803,35efec5edc2085a7ef742dba00257091
X9412.52,9412-52,Q13705,ACVR2B,Activin receptor type-2B,GCST90427804,bcb1eec3ce17b5762fe27451a05dd51d
X9416.77,9416-77,P14384,CPM,Carboxypeptidase M,GCST90427805,3425ed4cafe402dc82f396825d19b27a
X9426.73,9426-73,Q02363,ID2,DNA-binding protein inhibitor ID-2,GCST90427806,84d08473e23d32299d50477bada5bec1
X9436.2,9436-2,P41134,ID1,DNA-binding protein inhibitor ID-1,GCST90427807,51308571a970bc7b03faac68556f4c6a
X9443.137,9443-137,P43235,CTSK,Cathepsin K,GCST90427808,2a5048a193943964a5b124d746dc8a7a
X9444.70,9444-70,Q14129,DGCR6,Protein DGCR6,GCST90427809,fecc84b3dd8b92168a3fed8828df7c65
X9445.44,9445-44,Q8NEA5,C19orf18,Uncharacterized protein C19orf18,GCST90427810,7218d88eb3e440b94d08d87d9fe2e9d4
X9449.150,9449-150,P04003,C4BPA,C4b-binding protein alpha chain,GCST90427811,aa29c869420d4539f6ab112563688845
X9450.18,9450-18,O14519,CDK2AP1,Cyclin-dependent kinase 2-associated protein 1,GCST90427812,eaca01baff46608165ec449476c2e32d
X9451.20,9451-20,P07911,UMOD,Uromodulin,GCST90427813,6594b3c02ddd0f5bb07e517b9f31aac6
X9453.12,9453-12,P49765,VEGFB,Vascular endothelial growth factor B,GCST90427814,a662349fd05f8c5bebe733183aafebbd
X9456.34,9456-34,Q969J5,IL22RA2,Interleukin-22 receptor subunit alpha-2,GCST90427815,ecb74812c1956d5d2a1e4824c1e88abd
X9457.3,9457-3,P51636,CAV2,Caveolin-2,GCST90427816,a686bf9a0fa2e5d9a393c15ef47b7999
X9459.7,9459-7,P25445,FAS,Tumor necrosis factor receptor superfamily member 6,GCST90427817,ef4d6516220befb4b8063745863c5da5
X9461.2,9461-2,Q14773,ICAM4,Intercellular adhesion molecule 4,GCST90427818,f16c920feae7235e7c0b2299f4ad5871
X9468.8,9468-8,Q12907,LMAN2,Vesicular integral-membrane protein VIP36,GCST90427819,125929659add547ac06930b7af16507a
X9470.15,9470-15,Q5JXM2,METTL24,Methyltransferase-like protein 24,GCST90427820,e7bf2944e4416a2c2edbd7d053d4e21f
X9474.22,9474-22,P07307,ASGR2,Asialoglycoprotein receptor 2,GCST90427821,3faf6d09e9f9212d65d9543dbfb0c78b
X9475.22,9475-22,O75715,GPX5,Epididymal secretory glutathione peroxidase,GCST90427822,c049dce98c17b83e42bef84866c26c41
X9478.69,9478-69,Q14558,PRPSAP1,Phosphoribosyl pyrophosphate synthase-associated protein 1,GCST90427823,986a45ba724a9f9d3defafa9cf7536df
X9482.110,9482-110,Q9BW91,NUDT9,"ADP-ribose pyrophosphatase, mitochondrial",GCST90427824,21cca4954b2e7ca9cb3999dee1fca548
X9484.75,9484-75,Q14126,DSG2,Desmoglein-2,GCST90427825,46fd2ded659de6f79d8b844997b12c92
X9486.13,9486-13,Q8N687,DEFB125,Beta-defensin 125,GCST90427826,0c6bb38b872e7cb93ab9b7c16dd02339
X9487.60,9487-60,P01286,GHRH,Somatoliberin,GCST90427827,8956fbd5c25354592414402f39bb9ef0
X9490.3,9490-3,Q8N8J7,FAM241A,Uncharacterized protein C4orf32,GCST90427828,67c1a6b1e098c950eb30e5701fecbbc6
X9495.10,9495-10,Q6UXB2,CXCL17,C-X-C motif chemokine 17,GCST90427829,93ab4cf601dd6205bdc4c081f8a917bf
X9503.1,9503-1,Q5H8A3,NMS,Neuromedin-S,GCST90427830,f503d54da7c4f7e5bb5f94be95ce94d3
X9504.19,9504-19,P51159,RAB27A,Ras-related protein Rab-27A,GCST90427831,a2dc2a02f7d7dc58a454b4b410375adb
X9506.10,9506-10,O14791,APOL1,Apolipoprotein L1,GCST90427832,5438a587321ee7768c3fde2c20762001
X9509.4,9509-4,Q9NVV0,TMEM38B,Trimeric intracellular cation channel type B,GCST90427833,a6c18734e5beaed592a7cc6eac472d30
X9511.61,9511-61,O95156,NXPH2,Neurexophilin-2,GCST90427834,a109996b399e26d031b90fb662007b76
X9513.9,9513-9,Q9HCT0,FGF22,Fibroblast growth factor 22,GCST90427835,117fbf303949e7606aeab3b1eafd330b
X9514.46,9514-46,O75071,EFCAB14,EF-hand calcium-binding domain-containing protein 14:C-term,GCST90427836,e5d584f3ad64f10ab3fb58af83aab940
X9518.95,9518-95,Q53H76,PLA1A,Phospholipase A1 member A,GCST90427837,14a44aaadfdea4baf5611411a39d6c09
X9522.3,9522-3,O95831,AIFM1,"Apoptosis-inducing factor 1, mitochondrial",GCST90427838,4d83f36dafa4840d429e0d7652ace632
X9523.34,9523-34,Q9NQX7,ITM2C,Integral membrane protein 2C:C-term,GCST90427839,c3367a0fc11eb3ad80d9ecf74a912589
X9524.46,9524-46,Q6ZUB0,SPATA31D4,Putative spermatogenesis-associated protein 31D4,GCST90427840,f0a08ce0086c4dbaf54f221c1117bd11
X9525.1,9525-1,Q13308,PTK7,Inactive tyrosine-protein kinase 7,GCST90427841,b9bc7cea6f30aabe1c6867aec7bd486f
X9526.3,9526-3,A2RUU4,CLPSL1,Colipase-like protein 1,GCST90427842,0f9e180a03756a929c5a7fcf5acd21ab
X9531.24,9531-24,O00453,LST1,Leukocyte-specific transcript 1 protein,GCST90427843,6eacd5f26b594b5b5ae8b619fde02a4a
X9532.5,9532-5,Q9NX94,WBP1L,WW domain binding protein 1-like,GCST90427844,312b9750746c72785503597f4fb47436
X9536.16,9536-16,Q14507,EDDM3A,Epididymal secretory protein E3-alpha,GCST90427845,a105aff38c8219c772cedb3904886ffe
X9541.15,9541-15,Q9Y5Z6,B3GALT1,"Beta-1,3-galactosyltransferase 1",GCST90427846,916932914656d568dd94d5e9785aee95
X9543.131,9543-131,Q96MW5,COG8,Conserved oligomeric Golgi complex subunit 8,GCST90427847,78fcf12d22215258cae251b54ec9681d
X9544.24,9544-24,Q9H7B7,C7orf69,Uncharacterized protein C7orf69,GCST90427848,e97ac0aa9b71dad54b78349f9b9a105c
X9545.156,9545-156,P49863,GZMK,Granzyme K,GCST90427849,d2ebeefed0b45406989fea62c2230e80
X9547.29,9547-29,Q96A84,EMID1,EMI domain-containing protein 1,GCST90427850,8d30867471510f3e3296c66f5f5e7b75
X9550.153,9550-153,Q96AE7,TTC17,Tetratricopeptide repeat protein 17:Tetratricopeptide repeat 2,GCST90427851,5cafc0df8888741b64c450183c9a5b30
X9557.5,9557-5,Q9H8J5,MANSC1,MANSC domain-containing protein 1,GCST90427852,d5676542b2f76c00fc2b2581ca3849f1
X9561.21,9561-21,P13611,VCAN,Versican core protein,GCST90427853,23e3bf3c59a3b8715159861662ede704
X9565.6,9565-6,Q96IZ0,PAWR,PRKC apoptosis WT1 regulator protein,GCST90427854,a3e360f5d174e6b72f5483460cbc0174
X9568.289,9568-289,Q8WWV6,FCAMR,High affinity immunoglobulin alpha and immunoglobulin mu Fc receptor,GCST90427855,7676995aafcae42b99087c71268895b5
X9569.14,9569-14,Q6AZY7,SCARA3,Scavenger receptor class A member 3:region 1,GCST90427856,3e7cad487c3093db5234c0e22b0aacae
X9573.108,9573-108,Q6PKC3,TXNDC11,Thioredoxin domain-containing protein 11:N-term,GCST90427857,7ea1a1829df51ff4d53a83b58709f8fb
X9576.58,9576-58,P50219,MNX1,Motor neuron and pancreas homeobox protein 1,GCST90427858,d0900d4d6652a241a15506f0823d8e5a
X9577.26,9577-26,Q8N9I0,SYT2,Synaptotagmin-2,GCST90427859,ca11083c465fe3ec44c6d6b689f0a1ce
X9578.263,9578-263,A6NHS7,MANSC4,MANSC domain-containing protein 4,GCST90427860,a9ee6a7a0af574822b8971456a249504
X9579.59,9579-59,Q9BZD6,PRRG4,Transmembrane gamma-carboxyglutamic acid protein 4,GCST90427861,06cc4d32c472fe047ad32f83e333d59f
X9580.5,9580-5,Q13753,LAMC2,Laminin subunit gamma-2,GCST90427862,f5bfd74ac689a6c2533a04cbfb6150d2
X9581.4,9581-4,O94906,PRPF6,Pre-mRNA-processing factor 6:region 2,GCST90427863,56fd4afb3f6dad728da8341598e7031c
X9582.93,9582-93,Q6UWL2,SUSD1,Sushi domain-containing protein 1,GCST90427864,3be3f88206b0520f6971a1ec7865f0d4
X9583.17,9583-17,Q9Y225,RNF24,RING finger protein 24,GCST90427865,305f75c3d2235ed88d91ae57209420a8
X9585.80,9585-80,Q9H6B4,CLMP,CXADR-like membrane protein:Cytoplasmic domain,GCST90427866,f70be0be2419d95a8ad1488445060dbb
X9590.10,9590-10,O14548,COX7A2L,"Cytochrome c oxidase subunit 7A-related protein, mitochondrial",GCST90427867,0bec3544a7c276b1c5d327e2734b83f7
X9594.30,9594-30,Q8TAD4,SLC30A5,Zinc transporter 5,GCST90427868,eda72e050023ac612dfe23c7384f4451
X9595.11,9595-11,O60909,B4GALT2,"Beta-1,4-galactosyltransferase 2",GCST90427869,8a62e227b8498dee6ab74865a670a261
X9598.23,9598-23,Q96PZ7,CSMD1,CUB and sushi domain-containing protein 1,GCST90427870,54337aa2f52d79bd4e35fb4979532f21
X9599.6,9599-6,Q8IYJ0,PIANP,PILR alpha-associated neural protein,GCST90427871,dc2af217dca26622c29dcf716593c381
X9600.55,9600-55,Q9UPZ6,THSD7A,Thrombospondin type-1 domain-containing protein 7A:Thrombospondin type-1 domain 17,GCST90427872,010535db48f9fc22e576f462d9223c47
X9603.9,9603-9,Q8N6P7,IL22RA1,Interleukin-22 receptor subunit alpha-1,GCST90427873,64a75c78cf4ea3ec04371d548e32bf8f
X9604.14,9604-14,P55287,CDH11,Cadherin-11:Extracellular domain,GCST90427874,1e83952b68278b869bdda480a5d1f208
X9606.4,9606-4,Q5VU65,NUP210L,Nuclear pore membrane glycoprotein 210-like,GCST90427875,fc1ec372576c8edb8561f4da4a766e1c
X9607.39,9607-39,Q6MZM9,PRR27,Proline-rich protein 27,GCST90427876,7ab1ebb934f8bc4aeb779a1ffc8eeff4
X9609.25,9609-25,Q9NSD4,ZNF275,Zinc finger protein 275,GCST90427877,b8ab97558adf5a45e7e1186a5b40bf5f
X9627.15,9627-15,Q6UXI7,VIT,Vitrin,GCST90427878,86142d8a95df3d744c5408e7f8c18e53
X9638.2,9638-2,Q495A1,TIGIT,T-cell immunoreceptor with Ig and ITIM domains,GCST90427879,1f2497fa1e606762455162f184fd2798
X9713.67,9713-67,Q15198,PDGFRL,Platelet-derived growth factor receptor-like protein,GCST90427880,7a4bba06a9ec5d0eafb52da72dd412ef
X9715.15,9715-15,O75054,IGSF3,Immunoglobulin superfamily member 3,GCST90427881,37e6f3b1bfd99b3ff46ca0b8b020370d
X9719.145,9719-145,P51512,MMP16,Matrix metalloproteinase-16,GCST90427882,6bba85b2cfb3fc05ab1787789946245c
X9723.105,9723-105,Q9H8L6,MMRN2,Multimerin-2,GCST90427883,5e845ddf59ee0d16fb989c0d3df1a6f1
X9728.4,9728-4,Q9NPC3,CCNB1IP1,E3 ubiquitin-protein ligase CCNB1IP1,GCST90427884,0f675322a883637ed85cb02b49331784
X9730.22,9730-22,Q8N2G8,GHDC,GH3 domain-containing protein,GCST90427885,9a54d0af2dba5afff820a0099f719997
X9735.44,9735-44,P40200,CD96,T-cell surface protein tactile,GCST90427886,b9f4dd45b6a9a3cb1e479b09eb307e20
X9738.7,9738-7,Q96CS3,FAF2,FAS-associated factor 2,GCST90427887,0354a7824b655c59d03894347c8176fa
X9739.4,9739-4,P43246,MSH2,DNA mismatch repair protein Msh2,GCST90427888,c70ee18986607bfd93ac9adc1ad3f5bd
X9742.59,9742-59,Q13838,DDX39B,Spliceosome RNA helicase DDX39B,GCST90427889,771f76cf0e383e0b0bd96ca61a3d2fca
X9744.139,9744-139,Q8WW22,DNAJA4,DnaJ homolog subfamily A member 4,GCST90427890,3f8ad448b43b308234a2604c519554e4
X9745.20,9745-20,O60573,EIF4E2,Eukaryotic translation initiation factor 4E type 2,GCST90427891,81882f8691c102b9ede06263435e6086
X9747.48,9747-48,P27448,MARK3,MAP/microtubule affinity-regulating kinase 3,GCST90427892,ee8f7f0cb3ca77c214fc74c6efa537e2
X9748.31,9748-31,P21266,GSTM3,Glutathione S-transferase Mu 3,GCST90427893,9196908733fdf59ae44437c9227e2aef
X9749.190,9749-190,P13796,LCP1,Plastin-2,GCST90427894,04ac8acbb96145f5894e6fe3a7b31ead
X9750.7,9750-7,P26447,S100A4,Protein S100-A4,GCST90427895,e038ded4dfb9c8d33fc6237a0e14c9a2
X9751.72,9751-72,P67809,YBX1,Nuclease-sensitive element-binding protein 1,GCST90427896,38fe9db4a352ecf9ed0fc13d2a09b7e1
X9753.17,9753-17,P15311,EZR,Ezrin,GCST90427897,8a976b6e71321eaeea4db2208ac56774
X9754.33,9754-33,P16083,NQO2,Ribosyldihydronicotinamide dehydrogenase [quinone],GCST90427898,3b6b98eaf84c27fcbf3f0f8fd7521c0e
X9756.6,9756-6,Q01995,TAGLN,Transgelin,GCST90427899,b2651fd0580f9b66f907c46ec08a8765
X9757.29,9757-29,Q8N8S7,ENAH,Protein enabled homolog,GCST90427900,d5520f99825bac8bc92a3b945b5c469c
X9758.17,9758-17,P62701,RPS4X,"40S ribosomal protein S4, X isoform",GCST90427901,9a9f189f9fde8ab8dca43a4f86cd0ec0
X9759.13,9759-13,P14902,IDO1,"Indoleamine 2,3-dioxygenase 1",GCST90427902,6d52a4bfcb8957f56ee84f30dc1fd1e3
X9760.13,9760-13,P45984,MAPK9,Mitogen-activated protein kinase 9,GCST90427903,104d8695d650b772586488db78d4e681
X9761.89,9761-89,P00338,LDHA,L-lactate dehydrogenase A chain,GCST90427904,2455f9a13689d7f9d699cc289fba6b28
X9762.14,9762-14,P50552,VASP,Vasodilator-stimulated phosphoprotein,GCST90427905,303b6828d3c85573c6f5e6003f459896
X9764.79,9764-79,P52597,HNRNPF,Heterogeneous nuclear ribonucleoprotein F,GCST90427906,59708c7aa04c390229609462bb7a6427
X9765.4,9765-4,Q9NXR1,NDE1,Nuclear distribution protein nudE homolog 1,GCST90427907,137cfae5d81eb3f109835c628ed2a3c1
X9767.22,9767-22,Q0D2K3,RIPPLY1,Protein ripply1,GCST90427908,4ff0a839a370d61de3fd4bd337020226
X9768.5,9768-5,Q13651,IL10RA,Interleukin-10 receptor subunit alpha:Cytoplasmic domain,GCST90427909,76f3c34c995fd120202d457281a20666
X9769.48,9769-48,Q8NFT8,DNER,Delta and Notch-like epidermal growth factor-related receptor:Extracellular domain,GCST90427910,f70bb14b958ca885bf51e015ef7e19c3
X9772.153,9772-153,Q8NFZ4,NLGN2,Neuroligin-2:Extracellular domain,GCST90427911,96d597c50962b2910364834ec9848f04
X9773.15,9773-15,Q8NC42,RNF149,E3 ubiquitin-protein ligase RNF149,GCST90427912,2805b6dfaeca4039e6bc1605143f77f9
X9774.59,9774-59,Q9ULK6,RNF150,RING finger protein 150,GCST90427913,129f11fc9d64872bc06e4bdeb36baec0
X9778.45,9778-45,Q4KMG9,TMEM52B,Transmembrane protein 52B,GCST90427914,88b9d8f7ee21b5ebbffc492abde76f73
X9779.63,9779-63,Q9BSE4,HERPUD2,Homocysteine-responsive endoplasmic reticulum-resident ubiquitin-like domain member 2 protein,GCST90427915,ffeed7003cea0a2c2441572388b73499
X9783.75,9783-75,Q9NVH1,DNAJC11,DnaJ homolog subfamily C member 11,GCST90427916,99b96714ed83be6437e7114932f1db7c
X9786.310,9786-310,P46695,IER3,Radiation-inducible immediate-early gene IEX-1,GCST90427917,30e4a93311cb9be9a0e443a3900ee50a
X9787.23,9787-23,Q5KU26,COLEC12,Collectin-12,GCST90427918,2bc28fcde26529252d27a840b28d6263
X9789.52,9789-52,Q8WXH0,SYNE2,Nesprin-2,GCST90427919,94ab254e07c48c2647928e2480134dad
X9790.28,9790-28,Q8IWQ3,BRSK2,Serine/threonine-protein kinase BRSK2,GCST90427920,cbe2128d154bd407a6d1d435ddf93165
X9793.145,9793-145,Q8TDY8,IGDCC4,Immunoglobulin superfamily DCC subclass member 4,GCST90427921,d6f5311a9a290bd71fd8547140ab2c0a
X9794.17,9794-17,Q96D53,COQ8B,AarF domain-containing protein kinase 4,GCST90427922,6fbbc08f99a8860bd145ad3d241f6203
X9795.9,9795-9,O75503,CLN5,Ceroid-lipofuscinosis neuronal protein 5:Cytoplasmic domain,GCST90427923,07d10e6b55163fc645cab54ebeb5c8b7
X9796.4,9796-4,P19835,CEL,Bile salt-activated lipase,GCST90427924,1614d303db363e70990853769544258c
X9800.20,9800-20,O95169,NDUFB8,"NADH dehydrogenase [ubiquinone] 1 beta subcomplex subunit 8, mitochondrial",GCST90427925,72570a5b159ad8d2153ab57ea7892983
X9802.27,9802-27,Q96AD5,PNPLA2,Patatin-like phospholipase domain-containing protein 2,GCST90427926,8086997f152f7fa78b24a277c4535680
X9805.51,9805-51,Q9NPR2,SEMA4B,Semaphorin-4B,GCST90427927,62c3ab0ddbd865d1a20e7e49c6288def
X9808.41,9808-41,Q9UPQ9,TNRC6B,Trinucleotide repeat-containing gene 6B protein,GCST90427928,48c77354d3fb363b742701eda315016f
X9815.5,9815-5,Q07960,ARHGAP1,Rho GTPase-activating protein 1:Cellular retinaldehyde-TRIO domain,GCST90427929,e98b198252316d2a1cedd0fbebce9875
X9816.37,9816-37,Q96CN7,ISOC1,Isochorismatase domain-containing protein 1,GCST90427930,c2dca5fd2b7eb7409dde29f484048e4a
X9819.110,9819-110,Q07820,MCL1,Induced myeloid leukemia cell differentiation protein Mcl-1,GCST90427931,308468d7446cb61e44d81203db60d390
X9823.2,9823-2,P00374,DHFR,Dihydrofolate reductase,GCST90427932,4050533afcd457ef3af6333fcd90fbee
X9826.135,9826-135,P49789,FHIT,Bis(5'-adenosyl)-triphosphatase,GCST90427933,2230b060f7e48a574dce3f1227091343
X9828.86,9828-86,P07864,LDHC,L-lactate dehydrogenase C chain,GCST90427934,11770620af00f1d1011473aadc570627
X9829.91,9829-91,Q06520,SULT2A1,Bile salt sulfotransferase,GCST90427935,9cab4b1068d42cc558715aba9f08e1d6
X9830.109,9830-109,Q9UKW4,VAV3,Guanine nucleotide exchange factor VAV3,GCST90427936,a52676a0658416474b837057a3234234
X9831.12,9831-12,Q9UN86,G3BP2,Ras GTPase-activating protein-binding protein 2,GCST90427937,a6b5427c1c6ebf9f30d7bd3728d897bc
X9832.33,9832-33,Q93099,HGD,"Homogentisate 1,2-dioxygenase",GCST90427938,69866bf534391cd38914abc19f9f2510
X9834.62,9834-62,P00325,ADH1B,Alcohol dehydrogenase 1B,GCST90427939,cdb8a077470dc5bc84de53c66ef61e92
X9835.16,9835-16,P47895,ALDH1A3,Aldehyde dehydrogenase family 1 member A3,GCST90427940,a0789a78d6228f041f2b53ff48d100ff
X9836.20,9836-20,P27707,DCK,Deoxycytidine kinase,GCST90427941,a2730ae91f33b7d4d0b8db9fc120b368
X9837.60,9837-60,P15559,NQO1,NAD(P)H dehydrogenase [quinone] 1,GCST90427942,9cb6a4bde35b5b0da323e9bd94dc3019
X9838.4,9838-4,Q15797,SMAD1,Mothers against decapentaplegic homolog 1,GCST90427943,d7f7b2dff09b2002e9a3a9799fae1e51
X9839.148,9839-148,P58753,TIRAP,Toll/interleukin-1 receptor domain-containing adapter protein,GCST90427944,30c5080c1a8bf231322e90eb13c99ad5
X9840.2,9840-2,P60953,CDC42,Cell division control protein 42 homolog,GCST90427945,a2da651b8d289685c4132d1a022df329
X9841.197,9841-197,P22234,PAICS,Multifunctional protein ADE2,GCST90427946,25b567de1550113ecc6da7d272a5d0cb
X9842.2,9842-2,P35222,CTNNB1,Catenin beta-1,GCST90427947,32356511ebfbe8699d8eff5dee98c29e
X9843.5,9843-5,P12814,ACTN1,Alpha-actinin-1,GCST90427948,fb1e06b995ad64ad79b3cb9eb20953d2
X9845.33,9845-33,Q99497,PARK7,Protein DJ-1,GCST90427949,30f1dbdc5d5557fb07d242000d8b3d97
X9846.32,9846-32,P52566,ARHGDIB,Rho GDP-dissociation inhibitor 2,GCST90427950,7e69f2d56c9f2d616f2d7e10c2d97ee9
X9847.21,9847-21,Q9GZN2,TGIF2,Homeobox protein TGIF2,GCST90427951,5ff9f079b47b444b8af08a7d162dbf8c
X9848.22,9848-22,P51946,CCNH,Cyclin-H,GCST90427952,7b755ee6de0282bd53ec482b07297235
X9849.13,9849-13,P27695,APEX1,DNA-(apurinic or apyrimidinic site) lyase,GCST90427953,12369f33a06eca5b849c46a235201049
X9850.38,9850-38,P47813,EIF1AX,"Eukaryotic translation initiation factor 1A, X-chromosomal",GCST90427954,5e6d5a8e25372ba3dda15eb5a70b009b
X9851.9,9851-9,P15090,FABP4,"Fatty acid-binding protein, adipocyte",GCST90427955,20679df16c210945f7876233c2f107ef
X9853.3,9853-3,P09913,IFIT2,Interferon-induced protein with tetratricopeptide repeats 2,GCST90427956,aa59a57ee9321c9da6a201e8fe88e5cf
X9854.36,9854-36,P15121,AKR1B1,Aldose reductase,GCST90427957,9b59738c2e6965357b6ed729ea4b19f1
X9855.10,9855-10,P61586,RHOA,Transforming protein RhoA,GCST90427958,758adad62679c88061ab86e4248d690b
X9857.38,9857-38,Q15306,IRF4,Interferon regulatory factor 4,GCST90427959,209bab39ea1181ac21319b7bf32dc995
X9859.180,9859-180,P21673,SAT1,Diamine acetyltransferase 1,GCST90427960,46ef8b5cc6457116a5ff66411bf8031f
X9863.1,9863-1,P67936,TPM4,Tropomyosin alpha-4 chain,GCST90427961,7c215e361ff6b04c5a4ac8e4bb39e737
X9864.38,9864-38,Q99614,TTC1,Tetratricopeptide repeat protein 1,GCST90427962,52b1eed30c381da896c138e8e483f5a9
X9865.40,9865-40,P63146,UBE2B,Ubiquitin-conjugating enzyme E2 B,GCST90427963,9e297cbd115729345674a332a78bc54e
X9867.23,9867-23,O00757,FBP2,"Fructose-1,6-bisphosphatase isozyme 2",GCST90427964,b49c82a9bc613236db18b61e2fa33f51
X9869.28,9869-28,P19838,NFKB1,Nuclear factor NF-kappa-B p105 subunit,GCST90427965,66db3f78b81321a424fc8ecaa5d8a38d
X9870.17,9870-17,P23381,WARS1,"Tryptophan--tRNA ligase, cytoplasmic",GCST90427966,470f3407626de4f9c0a38ce1442b3c79
X9872.23,9872-23,P26232,CTNNA2,Catenin alpha-2,GCST90427967,038b2e6a9a69d830470f5800bebce929
X9873.17,9873-17,P11474,ESRRA,Steroid hormone receptor ERR1,GCST90427968,81dcf7f662609eef26b7db82fe38012a
X9874.28,9874-28,P42772,CDKN2B,Cyclin-dependent kinase 4 inhibitor B,GCST90427969,a8a25a0de3b62f5deb6c711bbf3d57b0
X9875.107,9875-107,Q96FV9,THOC1,THO complex subunit 1,GCST90427970,7859a34f85ea5901514984c3dd4ac998
X9876.20,9876-20,P09972,ALDOC,Fructose-bisphosphate aldolase C,GCST90427971,3f0ae43989d9268a17587ece2e59e435
X9877.28,9877-28,P46109,CRKL,Crk-like protein,GCST90427972,499c54f7233285c3e98f5a2ac9703878
X9878.3,9878-3,P49888,SULT1E1,Estrogen sulfotransferase,GCST90427973,aed047308f770ac90f87e01467a0d4f9
X9880.33,9880-33,P48775,TDO2,"Tryptophan 2,3-dioxygenase",GCST90427974,324c89cb2d03ec0713139f58338ab5d5
X9883.29,9883-29,Q04760,GLO1,Lactoylglutathione lyase,GCST90427975,6b240ad197904eaf27fd9fe50190fb8e
X9884.8,9884-8,Q9Y3C6,PPIL1,Peptidyl-prolyl cis-trans isomerase-like 1,GCST90427976,add6fbbf56f2a09a7899ebe04b42edd0
X9885.41,9885-41,P10114,RAP2A,Ras-related protein Rap-2a,GCST90427977,6e61875056fd3a4bfe7d5f9886eb29ae
X9886.28,9886-28,Q13426,XRCC4,DNA repair protein XRCC4,GCST90427978,7a2bc969a0b1440ebb8f6db5b85a9cf9
X9887.40,9887-40,Q7Z6E9,RBBP6,E3 ubiquitin-protein ligase RBBP6,GCST90427979,48e153d21ddf9204ee612db338eaf849
X9889.42,9889-42,Q8TED9,AFAP1L1,Actin filament-associated protein 1-like 1,GCST90427980,c374dc8cf69409fea3da4e0e15f43c6d
X9890.8,9890-8,P06753,TPM3,Tropomyosin alpha-3 chain,GCST90427981,f50c1f3fded2921c8d20d926d120156e
X9893.27,9893-27,P54368,OAZ1,Ornithine decarboxylase antizyme 1,GCST90427982,e9482333dede579bf320819aa0494bc4
X9894.13,9894-13,Q9UM54,MYO6,Unconventional myosin-VI,GCST90427983,cb9e5389b14851747e22860db3b63cea
X9895.77,9895-77,Q92889,ERCC4,DNA repair endonuclease XPF,GCST90427984,75adfa797f2ee875f2b5f19da630df3f
X9897.9,9897-9,Q14566,MCM6,DNA replication licensing factor MCM6,GCST90427985,f5abfc0151e4cc9713957c9f0d64e558
X9898.161,9898-161,O14497,ARID1A,AT-rich interactive domain-containing protein 1A,GCST90427986,8c1a8e23dff0f45e7df1c07e8a2abae6
X9899.28,9899-28,O43896,KIF1C,Kinesin-like protein KIF1C,GCST90427987,2511353c174029b144362202183b0689
X9900.36,9900-36,P12036,NEFH,Neurofilament heavy polypeptide,GCST90427988,88b9287784098231421bd7fb2e4a0dee
X9901.28,9901-28,Q9GZT9,EGLN1,Egl nine homolog 1,GCST90427989,de15b2bd1884de43b67798d6101479fd
X9906.21,9906-21,Q9BQ16,SPOCK3,Testican-3,GCST90427990,0afc45089c916a24345438e2aa4566e9
X9907.216,9907-216,O95271,TNKS,Tankyrase-1,GCST90427991,8ed4399f52b902719c8a33d920858cb7
X9910.9,9910-9,Q13126,MTAP,S-methyl-5'-thioadenosine phosphorylase,GCST90427992,5d51072466eb106be137351a0c0c311b
X9913.4,9913-4,Q9P2E9,RRBP1,Ribosome-binding protein 1,GCST90427993,392841e0a9f2984481e92f8d57ac2e11
X9918.23,9918-23,P05937,CALB1,Calbindin,GCST90427994,aba96883536f36dab757d9fe564ff2e3
X9923.6,9923-6,Q07889,SOS1,Son of sevenless homolog 1,GCST90427995,98185a7167e0b43ab3ed4b099da148ed
X9925.56,9925-56,Q96GP6,SCARF2,Scavenger receptor class F member 2:Cytoplasmic domain,GCST90427996,725dca7aa2e0a6492650b5bac420e1a0
X9926.4,9926-4,P25815,S100P,Protein S100-P,GCST90427997,af2fd352af5c6047e8ad4b75aff43dfe
X9927.96,9927-96,Q8IZW8,TNS4,Tensin-4,GCST90427998,e274ab02e200f8976916f2c0f0c5c7ca
X9928.125,9928-125,O75829,CNMD,Leukocyte cell-derived chemotaxin 1,GCST90427999,5a2bf8a889055497e97a3e9bd76605dc
X9929.16,9929-16,P56937,HSD17B7,3-keto-steroid reductase:Extracellular domain (partial),GCST90428000,f626e0d67eae1bd0de0219a8eb705223
X9930.48,9930-48,O75899,GABBR2,Gamma-aminobutyric acid type B receptor subunit 2:Cytoplasmic domain,GCST90428001,84d22b3572fb4e8336534735db2e35d7
X9932.49,9932-49,O95754,SEMA4F,Semaphorin-4F,GCST90428002,b15ded621b15af75dcaa268617be3bd6
X9933.49,9933-49,Q9UN42,ATP1B4,Protein ATP1B4,GCST90428003,7d0c2fa4eec804e19e24bbf88a97d67a
X9934.29,9934-29,Q00169,PITPNA,Phosphatidylinositol transfer protein alpha isoform,GCST90428004,5d8898d548a4457dcd9559afe83eb712
X9936.27,9936-27,Q8TBB1,LNX1,E3 ubiquitin-protein ligase LNX,GCST90428005,b0c59b5f144f7eb9d1bde31233739e98
X9937.7,9937-7,P17302,GJA1,Gap junction alpha-1 protein,GCST90428006,2e3603f86ee2b524b9a33c165f1a68c3
X9940.35,9940-35,Q4G0W2,DUSP28,Dual specificity phosphatase 28,GCST90428007,3c7b65666506a31a0b31b85242355e98
X9941.70,9941-70,Q9Y5F3,PCDHB1,Protocadherin beta-1,GCST90428008,5f4b2d77b91a4ad6d4d1203b3438743c
X9942.2,9942-2,Q9UKK6,NXT1,NTF2-related export protein 1,GCST90428009,69120240d19420844e5b94a4a0bc1e06
X9945.8,9945-8,Q96C12,ARMC5,Armadillo repeat-containing protein 5:Armadillo Repeat Domain 2,GCST90428010,c0c37c9119130439e7e10c7d5c457b7c
X9947.22,9947-22,Q92547,TOPBP1,DNA topoisomerase 2-binding protein 1,GCST90428011,eeab8be77e474da03d50f283195609f1
X9950.229,9950-229,P18627,LAG3,Lymphocyte activation gene 3 protein,GCST90428012,db41f08f09617d2c6d612e140edf82b8
X9951.36,9951-36,Q9UKA2,FBXL4,F-box/LRR-repeat protein 4:Leucine-rich repeats 2 and 3,GCST90428013,d2b46d3d59d6e33daca6a3a0827574d2
X9952.57,9952-57,Q00059,TFAM,"Transcription factor A, mitochondrial",GCST90428014,f27a83b2987ace3e31c569e61c5db79d
X9954.2,9954-2,Q92617,NPIPB3,Nuclear pore complex-interacting protein family member B3,GCST90428015,3c68c8096a4af25038b335205b87c513
X9955.40,9955-40,Q8N7C7,RNF148,RING finger protein 148:region 2,GCST90428016,4787d0f270fe76bed19bc27617cc1f62
X9956.7,9956-7,Q13444,ADAM15,Disintegrin and metalloproteinase domain-containing protein 15:Cytoplasmic domain,GCST90428017,e2fea6511b6a03ee2f616e70c4c2a901
X9957.9,9957-9,Q9Y508,RNF114,E3 ubiquitin-protein ligase RNF114,GCST90428018,853b7f55a342741a36f795fbd1d43201
X9959.60,9959-60,Q9UK28,TMEM59L,Transmembrane protein 59-like,GCST90428019,0027a5e50d8716513333959aa0169981
X9960.2,9960-2,Q92609,TBC1D5,TBC1 domain family member 5,GCST90428020,edb5b9f7c4374191ad99d9e7c89689ca
X9962.1,9962-1,Q9HBB8,CDHR5,Cadherin-related family member 5,GCST90428021,be1e890243a9a63785cd4f4be275639b
X9963.19,9963-19,Q9UN67,PCDHB10,Protocadherin beta-10,GCST90428022,480948fa84af91018a5f1241fa1b42e0
X9964.10,9964-10,P0CAP1,MYZAP,Myocardial zonula adherens protein,GCST90428023,b14bf58e0a4a1a1e72f3d5f6b7ad71dd
X9969.8,9969-8,Q86VW1,SLC22A16,Solute carrier family 22 member 16,GCST90428024,7602c8d47eec9096160616a9af6a8dde
X9970.7,9970-7,Q92575,UBXN4,UBX domain-containing protein 4:Cytoplasmic domain 2,GCST90428025,1b81f3c1a940d1fe84f965e666a7a435
X9971.5,9971-5,Q7Z408,CSMD2,CUB and sushi domain-containing protein 2,GCST90428026,ce67ed43f2065377bee28add876128f5
X9974.8,9974-8,Q9NYJ7,DLL3,Delta-like protein 3,GCST90428027,0fae883a75a9b92e217b27a12842ea26
X9979.13,9979-13,Q86WK6,AMIGO1,Amphoterin-induced protein 1:Cytoplasmic domain,GCST90428028,7cf1eec392acd6717226654097b9c86b
X9981.18,9981-18,A2RU67,FAM234B,Protein FAM234B:C-term,GCST90428029,770fd697b365a706d59ec6a72c897687
X9983.97,9983-97,Q8N3Z0,PRSS35,Inactive serine protease 35,GCST90428030,6dd1ca758c6c0abc22ff5425024a005a
X9984.12,9984-12,Q96EC8,YIPF6,Protein YIPF6,GCST90428031,6c5f2c0d41721300d7cc2abc790a01e4
X9986.14,9986-14,Q8N729,NPW,Neuropeptide W,GCST90428032,553f4d1a30631b2f387572bab7435eef
X9987.30,9987-30,Q8N386,LRRC25,Leucine-rich repeat-containing protein 25:Cytoplasmic domain,GCST90428033,8fd9937661a1536afcb4a07cf3346ae4
X9989.12,9989-12,Q50LG9,LRRC24,Leucine-rich repeat-containing protein 24,GCST90428034,20ee1437b663bd572c3ee722222c3b43
X9991.112,9991-112,Q9NT22,EMILIN3,EMILIN-3:region 2,GCST90428035,cb0dd51f2831d363697cac64b78a15a7
X9993.11,9993-11,O43296,ZNF264,Zinc finger protein 264,GCST90428036,1e4c36679440c2edd96b34656f00ee3f
X9994.217,9994-217,P51164,ATP4B,Potassium-transporting ATPase subunit beta,GCST90428037,f4682f46e834b143598b8e107f99c309
X9995.6,9995-6,P33316,DUT,"Deoxyuridine 5'-triphosphate nucleotidohydrolase, mitochondrial",GCST90428038,03ef72db3772dda45de420416b974d13
X9997.12,9997-12,Q92575,UBXN4,UBX domain-containing protein 4:Cytoplasmic domain 1,GCST90428039,465b9dbabd9986e4eca46161d9a0d5f1
X9999.1,9999-1,O14896,IRF6,Interferon regulatory factor 6,GCST90428040,90cab731a5a458479334fa5f8479b53a
